# dimensionless total [l(l+1)/2pi] C_l's
# for l=2 to 3000, i.e. number of multipoles equal to 2999
#
# -> if you prefer output in CAMB/HealPix/LensPix units/order, set 'format' to 'camb' in input file
# -> if you don't want to see such a header, set 'headers' to 'no' in input file
# -> for CMB lensing (phi), these are C_l^phi-phi for the lensing potential.
#    Remember the conversion factors:
#    C_l^dd (deflection) = l(l+1) C_l^phi-phi
#    C_l^gg (shear/convergence) = 1/4 (l(l+1))^2 C_l^phi-phi
#
# 1:l     2:TT                     3:EE                     4:TE                     5:BB                     6:phiphi                 7:TPhi                   8:Ephi               
    2       1.381336272760e-10       4.175854889850e-15       3.515761484326e-13       0.000000000000e+00       8.285726686712e-09       4.560794811466e-10      -1.840600018326e-12 
    3       1.306078176974e-10       5.350810602070e-15       3.951627130993e-13       0.000000000000e+00       5.086960997348e-09       3.225652774258e-10      -1.393870151347e-12 
    4       1.235420321273e-10       4.626465792391e-15       3.695431192772e-13       0.000000000000e+00       3.522980047558e-09       2.438407962484e-10      -9.122244678511e-13 
    5       1.182578893516e-10       3.084812413515e-15       3.147004747552e-13       0.000000000000e+00       2.621514049785e-09       1.923923474056e-10      -5.067133916812e-13 
    6       1.146363053915e-10       1.723975533690e-15       2.534560250831e-13       0.000000000000e+00       2.042588802704e-09       1.563934993005e-10      -2.080081015031e-13 
    7       1.122778958020e-10       9.313304313332e-16       1.990065202217e-13       0.000000000000e+00       1.644357609202e-09       1.299931817385e-10      -1.760729477104e-14 
    8       1.109026203407e-10       6.010301839669e-16       1.571249485278e-13       0.000000000000e+00       1.356591928682e-09       1.099887188969e-10       7.943223094591e-14 
    9       1.102624307928e-10       4.824152371414e-16       1.290910345842e-13       0.000000000000e+00       1.140654550905e-09       9.448218153965e-11       1.064491721991e-13 
   10       1.101270429474e-10       4.107618606490e-16       1.135808040117e-13       0.000000000000e+00       9.737532070234e-10       8.220662275461e-11       8.928862220818e-14 
   11       1.104374073683e-10       3.446675278538e-16       1.079365033077e-13       0.000000000000e+00       8.334433196483e-10       7.301999900620e-11       5.203850324784e-14 
   12       1.110424498957e-10       2.997843561366e-16       1.091013162060e-13       0.000000000000e+00       7.284077135063e-10       6.456656803997e-11       1.227924062524e-14 
   13       1.118916268619e-10       2.871146236526e-16       1.143926700664e-13       0.000000000000e+00       6.421587105083e-10       5.770054266922e-11      -1.799214329453e-14 
   14       1.129372537718e-10       2.986897483016e-16       1.217899326079e-13       0.000000000000e+00       5.703837905522e-10       5.172026896721e-11      -3.451684822749e-14 
   15       1.141664982933e-10       3.227677240484e-16       1.300048858445e-13       0.000000000000e+00       5.099591995717e-10       4.668963704484e-11      -3.750230335655e-14 
   16       1.155046486196e-10       3.568231020955e-16       1.383749211701e-13       0.000000000000e+00       4.585735304419e-10       4.235372243798e-11      -3.091064066512e-14 
   17       1.169787395235e-10       4.063922763721e-16       1.466781047150e-13       0.000000000000e+00       4.144842991442e-10       3.856969508772e-11      -1.993910323435e-14 
   18       1.185257350032e-10       4.769036013005e-16       1.551756940856e-13       0.000000000000e+00       3.762142277954e-10       3.526902265539e-11      -9.474435478870e-15 
   19       1.201569877249e-10       5.686830138312e-16       1.640909145988e-13       0.000000000000e+00       3.431461650209e-10       3.240456792990e-11      -2.117529742473e-15 
   20       1.218652249613e-10       6.797304987269e-16       1.735635258804e-13       0.000000000000e+00       3.140199502995e-10       2.986211616077e-11       4.239094165806e-16 
   21       1.236517526399e-10       8.094103525273e-16       1.835445772893e-13       0.000000000000e+00       2.883777507969e-10       2.759560231229e-11      -1.286543555627e-15 
   22       1.254905579826e-10       9.572355437865e-16       1.938459505615e-13       0.000000000000e+00       2.656025003439e-10       2.554790938550e-11      -5.504566796617e-15 
   23       1.273879915420e-10       1.123375959869e-15       2.041446516211e-13       0.000000000000e+00       2.453895383768e-10       2.371051745457e-11      -1.047676036996e-14 
   24       1.293382716372e-10       1.308047637436e-15       2.140281730618e-13       0.000000000000e+00       2.272775915830e-10       2.206679872074e-11      -1.433573912100e-14 
   25       1.313361886185e-10       1.511465443981e-15       2.231888061565e-13       0.000000000000e+00       2.110211399229e-10       2.059447771992e-11      -1.627001058033e-14 
   26       1.333640925840e-10       1.733999433684e-15       2.313628719753e-13       0.000000000000e+00       1.963021982823e-10       1.925665018856e-11      -1.595359074735e-14 
   27       1.354315998188e-10       1.977281138649e-15       2.384787516625e-13       0.000000000000e+00       1.830445480461e-10       1.804406539656e-11      -1.389853386934e-14 
   28       1.375414239866e-10       2.243567914836e-15       2.445479399637e-13       0.000000000000e+00       1.710876165166e-10       1.694136299662e-11      -1.110843270958e-14 
   29       1.396826756922e-10       2.535141291283e-15       2.496129008212e-13       0.000000000000e+00       1.601411748191e-10       1.592220916255e-11      -8.703023839273e-15 
   30       1.418619342726e-10       2.853093560941e-15       2.537219320657e-13       0.000000000000e+00       1.501449210814e-10       1.498555806232e-11      -7.071306869451e-15 
   31       1.440808707076e-10       3.198050892277e-15       2.569489095801e-13       0.000000000000e+00       1.410246850167e-10       1.413146675305e-11      -6.393935537527e-15 
   32       1.463313939923e-10       3.570585693372e-15       2.593615704015e-13       0.000000000000e+00       1.326362148214e-10       1.335294213164e-11      -6.758824156959e-15 
   33       1.486129863914e-10       3.971635419054e-15       2.608792966649e-13       0.000000000000e+00       1.249338566068e-10       1.264341772287e-11      -7.813655247505e-15 
   34       1.509193128974e-10       4.402227846097e-15       2.613615225388e-13       0.000000000000e+00       1.178494396373e-10       1.199058255676e-11      -8.970662833894e-15 
   35       1.532391168214e-10       4.863354356308e-15       2.606588229189e-13       0.000000000000e+00       1.112775685400e-10       1.137862597010e-11      -9.639043611388e-15 
   36       1.555793724144e-10       5.355916939809e-15       2.586687262232e-13       0.000000000000e+00       1.052012136013e-10       1.080545552886e-11      -9.756152728737e-15 
   37       1.579486752762e-10       5.880757132573e-15       2.552974745044e-13       0.000000000000e+00       9.960135667078e-11       1.027063022861e-11      -9.436630952028e-15 
   38       1.603502782207e-10       6.438665078479e-15       2.504445987174e-13       0.000000000000e+00       9.441902052150e-11       9.770397537588e-12      -8.835502672522e-15 
   39       1.627831747880e-10       7.030367563368e-15       2.440272377420e-13       0.000000000000e+00       8.957654593563e-11       9.299479586696e-12      -8.127038224186e-15 
   40       1.652473790189e-10       7.656496688764e-15       2.360642948031e-13       0.000000000000e+00       8.505911797495e-11       8.857931326279e-12      -7.425433325678e-15 
   41       1.677393551724e-10       8.317603990901e-15       2.266201351487e-13       0.000000000000e+00       8.085486690392e-11       8.446093050094e-12      -6.842063538179e-15 
   42       1.702499250245e-10       9.014163128919e-15       2.157836132551e-13       0.000000000000e+00       7.693054176985e-11       8.062537537986e-12      -6.508386067976e-15 
   43       1.727687313471e-10       9.746631231475e-15       2.036344919745e-13       0.000000000000e+00       7.324381111007e-11       7.704771348584e-12      -6.535352933343e-15 
   44       1.753005311275e-10       1.051566655943e-14       1.901268777443e-13       0.000000000000e+00       6.978900489890e-11       7.371970319656e-12      -6.873832054338e-15 
   45       1.778531005754e-10       1.132197105175e-14       1.751717950602e-13       0.000000000000e+00       6.656260646060e-11       7.062833513968e-12      -7.412582859111e-15 
   46       1.804324889086e-10       1.216622997686e-14       1.586682103205e-13       0.000000000000e+00       6.354951848589e-11       6.774700839597e-12      -8.014736812023e-15 
   47       1.830428110887e-10       1.304911156086e-14       1.405022155770e-13       0.000000000000e+00       6.072216011232e-11       6.503451175066e-12      -8.516295687599e-15 
   48       1.856862304613e-10       1.397117871787e-14       1.205696436242e-13       0.000000000000e+00       5.804895851738e-11       6.244692339549e-12      -8.770960168399e-15 
   49       1.883633845089e-10       1.493259568530e-14       9.885335621143e-14       0.000000000000e+00       5.552476104097e-11       5.997965368259e-12      -8.803062532035e-15 
   50       1.910727230095e-10       1.593333805394e-14       7.536634002363e-14       0.000000000000e+00       5.314744455069e-11       5.763550338354e-12      -8.695163682069e-15 
   51       1.938101358975e-10       1.697326870887e-14       5.013054740726e-14       0.000000000000e+00       5.090885623188e-11       5.541242917690e-12      -8.546327560806e-15 
   52       1.965687556891e-10       1.805213297310e-14       2.317727559752e-14       0.000000000000e+00       4.879438997992e-11       5.330318400416e-12      -8.472983215286e-15 
   53       1.993416271305e-10       1.916967723159e-14      -5.466312397215e-15       0.000000000000e+00       4.678757328812e-11       5.129844031934e-12      -8.579085040861e-15 
   54       2.021309768725e-10       2.032605179284e-14      -3.582256724718e-14       0.000000000000e+00       4.488618772926e-11       4.939793056558e-12      -8.855600905273e-15 
   55       2.049409830813e-10       2.152150315635e-14      -6.792898191265e-14       0.000000000000e+00       4.308955545301e-11       4.760154458434e-12      -9.256680571487e-15 
   56       2.077750412419e-10       2.275625991367e-14      -1.018255519962e-13       0.000000000000e+00       4.139368281268e-11       4.590588866921e-12      -9.727679543684e-15 
   57       2.106356868022e-10       2.403053306950e-14      -1.375549775782e-13       0.000000000000e+00       3.979104684120e-11       4.430407195511e-12      -1.020473384509e-14 
   58       2.135245178163e-10       2.534451636263e-14      -1.751628650524e-13       0.000000000000e+00       3.827038172701e-11       4.278549280755e-12      -1.061433479581e-14 
   59       2.164425085627e-10       2.669826858921e-14      -2.146849807020e-13       0.000000000000e+00       3.681977983793e-11       4.133870884630e-12      -1.089086891030e-14 
   60       2.193912111344e-10       2.809132793103e-14      -2.561050963664e-13       0.000000000000e+00       3.543732070080e-11       3.996131047779e-12      -1.103495993084e-14 
   61       2.223716966739e-10       2.952300847093e-14      -2.993876936013e-13       0.000000000000e+00       3.412253740079e-11       3.865196683925e-12      -1.106794811026e-14 
   62       2.253841261404e-10       3.099250671189e-14      -3.444898189467e-13       0.000000000000e+00       3.287321996425e-11       3.740743691694e-12      -1.101529638208e-14 
   63       2.284276862076e-10       3.249889789805e-14      -3.913608468390e-13       0.000000000000e+00       3.168531419226e-11       3.622246046532e-12      -1.090677412548e-14 
   64       2.315005251604e-10       3.404113233588e-14      -4.399422425222e-13       0.000000000000e+00       3.055282049412e-11       3.508964892634e-12      -1.077664093027e-14 
   65       2.346006699785e-10       3.561814987814e-14      -4.901801420365e-13       0.000000000000e+00       2.946944932044e-11       3.400151679423e-12      -1.065610287784e-14 
   66       2.377291473124e-10       3.722925982018e-14      -5.420667213342e-13       0.000000000000e+00       2.843422218922e-11       3.295732075064e-12      -1.054841170441e-14 
   67       2.408874108398e-10       3.887383512045e-14      -5.956071904962e-13       0.000000000000e+00       2.744687952064e-11       3.195747822769e-12      -1.044880498646e-14 
   68       2.440763824304e-10       4.055120097020e-14      -6.508078689028e-13       0.000000000000e+00       2.650617764828e-11       3.100150648021e-12      -1.035173650644e-14 
   69       2.472964154895e-10       4.226063441988e-14      -7.076763066646e-13       0.000000000000e+00       2.560983678827e-11       3.008797337760e-12      -1.025084386423e-14 
   70       2.505472583007e-10       4.400136400545e-14      -7.662214060539e-13       0.000000000000e+00       2.475448900850e-11       2.921444819560e-12      -1.013891608880e-14 
   71       2.538280173692e-10       4.577256937475e-14      -8.264535429357e-13       0.000000000000e+00       2.393562619772e-11       2.837745240814e-12      -1.000786124965e-14 
   72       2.571377389915e-10       4.757334613536e-14      -8.883762051496e-13       0.000000000000e+00       2.314875966606e-11       2.757340221547e-12      -9.851118927679e-15 
   73       2.604773646645e-10       4.940259341703e-14      -9.519587796724e-13       0.000000000000e+00       2.239327225959e-11       2.680175493074e-12      -9.671505706425e-15 
   74       2.638480865199e-10       5.125910395115e-14      -1.017158737078e-12       0.000000000000e+00       2.166921507372e-11       2.606238042723e-12      -9.474824102948e-15 
   75       2.672507401948e-10       5.314159578910e-14      -1.083929580743e-12       0.000000000000e+00       2.097613738355e-11       2.535459680054e-12      -9.267574173415e-15 
   76       2.706857822899e-10       5.504871113457e-14      -1.152220774602e-12       0.000000000000e+00       2.031306227582e-11       2.467714380278e-12      -9.056976943347e-15 
   77       2.741532678267e-10       5.697901517587e-14      -1.221977670901e-12       0.000000000000e+00       1.967846228093e-11       2.402815627679e-12      -8.850997837875e-15 
   78       2.776528277058e-10       5.893099491831e-14      -1.293141437953e-12       0.000000000000e+00       1.907023500490e-11       2.340513759034e-12      -8.658370111986e-15 
   79       2.811836461645e-10       6.090305801643e-14      -1.365648987889e-12       0.000000000000e+00       1.848567876132e-11       2.280493307031e-12      -8.488618280775e-15 
   80       2.847449059274e-10       6.289358410204e-14      -1.439438320659e-12       0.000000000000e+00       1.792216361833e-11       2.222451132324e-12      -8.349813821579e-15 
   81       2.883372622826e-10       6.490109160253e-14      -1.514465783766e-12       0.000000000000e+00       1.737933235840e-11       2.166352290589e-12      -8.241341874246e-15 
   82       2.919615850499e-10       6.692409789725e-14      -1.590691692108e-12       0.000000000000e+00       1.685723905584e-11       2.112213959294e-12      -8.159915253168e-15 
   83       2.956184999579e-10       6.896106920246e-14      -1.668075205590e-12       0.000000000000e+00       1.635567629871e-11       2.060027453203e-12      -8.101712324024e-15 
   84       2.993083747632e-10       7.101042037587e-14      -1.746574357172e-12       0.000000000000e+00       1.587416369882e-11       2.009757063875e-12      -8.062358439066e-15 
   85       3.030313053688e-10       7.307051472104e-14      -1.826146080932e-12       0.000000000000e+00       1.541193640182e-11       1.961338899175e-12      -8.036907372404e-15 
   86       3.067871019430e-10       7.513966379188e-14      -1.906746240113e-12       0.000000000000e+00       1.496793359716e-11       1.914679722778e-12      -8.019822755289e-15 
   87       3.105752750383e-10       7.721612719709e-14      -1.988329655186e-12       0.000000000000e+00       1.454078702819e-11       1.869655793672e-12      -8.004959511403e-15 
   88       3.143950217096e-10       7.929811240463e-14      -2.070850131899e-12       0.000000000000e+00       1.412880950212e-11       1.826111705670e-12      -7.985545292139e-15 
   89       3.182455354645e-10       8.138379958982e-14      -2.154259033051e-12       0.000000000000e+00       1.373039671095e-11       1.783898787758e-12      -7.955633980302e-15 
   90       3.221270220910e-10       8.347142107283e-14      -2.238500675897e-12       0.000000000000e+00       1.334532997694e-11       1.742999738227e-12      -7.914767972130e-15 
   91       3.260398183459e-10       8.555919404003e-14      -2.323516261075e-12       0.000000000000e+00       1.297365764700e-11       1.703421494428e-12      -7.864016454059e-15 
   92       3.299840734065e-10       8.764529678684e-14      -2.409245270767e-12       0.000000000000e+00       1.261529474994e-11       1.665156852489e-12      -7.804571880756e-15 
   93       3.339597398401e-10       8.972786889739e-14      -2.495625474937e-12       0.000000000000e+00       1.227001769845e-11       1.628183899489e-12      -7.737753463865e-15 
   94       3.379665645746e-10       9.180501142412e-14      -2.582592937571e-12       0.000000000000e+00       1.193745899101e-11       1.592465445636e-12      -7.665010660755e-15 
   95       3.420040798684e-10       9.387478706748e-14      -2.670082022913e-12       0.000000000000e+00       1.161710191392e-11       1.557948456443e-12      -7.587926663259e-15 
   96       3.460715942807e-10       9.593522035556e-14      -2.758025401701e-12       0.000000000000e+00       1.130827524318e-11       1.524563484910e-12      -7.508221886423e-15 
   97       3.501681836414e-10       9.798429782373e-14      -2.846354057410e-12       0.000000000000e+00       1.101014794647e-11       1.492224103697e-12      -7.427757457249e-15 
   98       3.542926820218e-10       1.000199681943e-13      -2.934997292487e-12       0.000000000000e+00       1.072172388511e-11       1.460826337305e-12      -7.348538703438e-15 
   99       3.584439721943e-10       1.020401891270e-13      -3.023884106245e-12       0.000000000000e+00       1.044207012664e-11       1.430273441068e-12      -7.272313053464e-15 
  100       3.626219234766e-10       1.040430746381e-13      -3.112947537766e-12       0.000000000000e+00       1.017105023388e-11       1.400555470232e-12      -7.199291209608e-15 
  101       3.668265705684e-10       1.060267689927e-13      -3.202120952579e-12       0.000000000000e+00       9.908685480939e-12       1.371679978743e-12      -7.129250478479e-15 
  102       3.710578205808e-10       1.079894027315e-13      -3.291336748464e-12       0.000000000000e+00       9.654928073453e-12       1.343647420585e-12      -7.061922790590e-15 
  103       3.753154476364e-10       1.099290934152e-13      -3.380526378312e-12       0.000000000000e+00       9.409658682144e-12       1.316450889202e-12      -6.996993272883e-15 
  104       3.795990874702e-10       1.118439463683e-13      -3.469620372989e-12       0.000000000000e+00       9.172683976435e-12       1.290075856901e-12      -6.934098821243e-15 
  105       3.839082320292e-10       1.137320554233e-13      -3.558548364202e-12       0.000000000000e+00       8.943734158044e-12       1.264499914268e-12      -6.872826673017e-15 
  106       3.882422240733e-10       1.155915036652e-13      -3.647239107361e-12       0.000000000000e+00       8.722460494578e-12       1.239692509582e-12      -6.812712979532e-15 
  107       3.926002517755e-10       1.174203641750e-13      -3.735620504446e-12       0.000000000000e+00       8.508432853135e-12       1.215614688220e-12      -6.753241378614e-15 
  108       3.969813433221e-10       1.192167007745e-13      -3.823619626868e-12       0.000000000000e+00       8.301137233895e-12       1.192218832075e-12      -6.693841567106e-15 
  109       4.013843615131e-10       1.209785687701e-13      -3.911162738336e-12       0.000000000000e+00       8.099973303720e-12       1.169448398966e-12      -6.633887873386e-15 
  110       4.058081953489e-10       1.227040639821e-13      -3.998175836713e-12       0.000000000000e+00       7.904389739120e-12       1.147251015258e-12      -6.572826413367e-15 
  111       4.102523742416e-10       1.243914753679e-13      -4.084586309358e-12       0.000000000000e+00       7.714315232943e-12       1.125620217197e-12      -6.510578116517e-15 
  112       4.147165226696e-10       1.260391534147e-13      -4.170321533407e-12       0.000000000000e+00       7.529778288103e-12       1.104558588739e-12      -6.447184846944e-15 
  113       4.192001667949e-10       1.276454648054e-13      -4.255308403359e-12       0.000000000000e+00       7.350773239725e-12       1.084064758000e-12      -6.382685268726e-15 
  114       4.237027309983e-10       1.292087936369e-13      -4.339473359045e-12       0.000000000000e+00       7.177259143138e-12       1.064133267899e-12      -6.317114682151e-15 
  115       4.282235344170e-10       1.307275426391e-13      -4.422742413590e-12       0.000000000000e+00       7.009158661862e-12       1.044754446808e-12      -6.250504859955e-15 
  116       4.327617874797e-10       1.322001343934e-13      -4.505041181376e-12       0.000000000000e+00       6.846356955595e-12       1.025914279200e-12      -6.182883883558e-15 
  117       4.373165884437e-10       1.336250125515e-13      -4.586294906013e-12       0.000000000000e+00       6.688700568208e-12       1.007594276293e-12      -6.114275979303e-15 
  118       4.418869199311e-10       1.350006430540e-13      -4.666428488298e-12       0.000000000000e+00       6.535996315723e-12       9.897713466997e-13      -6.044701354695e-15 
  119       4.464716454649e-10       1.363255153493e-13      -4.745366514181e-12       0.000000000000e+00       6.388010174311e-12       9.724176670749e-13      -5.974176034637e-15 
  120       4.510695060056e-10       1.375981436121e-13      -4.823033282733e-12       0.000000000000e+00       6.244466168278e-12       9.555005527609e-13      -5.902711697670e-15 
  121       4.556791164871e-10       1.388170679620e-13      -4.899352834108e-12       0.000000000000e+00       6.105045258051e-12       9.389823284365e-13      -5.830315512208e-15 
  122       4.602989623535e-10       1.399808556824e-13      -4.974248977506e-12       0.000000000000e+00       5.969384228169e-12       9.228201987633e-13      -5.756989972779e-15 
  123       4.649275817796e-10       1.410881500894e-13      -5.047646270994e-12       0.000000000000e+00       5.837154074800e-12       9.069762623351e-13      -5.682761552860e-15 
  124       4.695641434143e-10       1.421378208992e-13      -5.119473028832e-12       0.000000000000e+00       5.708307733718e-12       8.914491316863e-13      -5.607770739412e-15 
  125       4.742079287906e-10       1.431288335123e-13      -5.189658713941e-12       0.000000000000e+00       5.582858848627e-12       8.762457189889e-13      -5.532192081226e-15 
  126       4.788581506046e-10       1.440602044876e-13      -5.258133052090e-12       0.000000000000e+00       5.460804339189e-12       8.613713690765e-13      -5.456206361071e-15 
  127       4.835139507124e-10       1.449310031363e-13      -5.324826067347e-12       0.000000000000e+00       5.342123914497e-12       8.468298098979e-13      -5.380000658658e-15 
  128       4.881743981271e-10       1.457403531154e-13      -5.389668117532e-12       0.000000000000e+00       5.226779586552e-12       8.326231029690e-13      -5.303768413601e-15 
  129       4.928384870167e-10       1.464874340210e-13      -5.452589929676e-12       0.000000000000e+00       5.114715183742e-12       8.187515938266e-13      -5.227709488378e-15 
  130       4.975051347009e-10       1.471714829824e-13      -5.513522635470e-12       0.000000000000e+00       5.005855864317e-12       8.052138624807e-13      -5.152030231297e-15 
  131       5.021731796484e-10       1.477917962552e-13      -5.572397806718e-12       0.000000000000e+00       4.900107629864e-12       7.920066738681e-13      -5.076943539451e-15 
  132       5.068413794742e-10       1.483477308151e-13      -5.629147490796e-12       0.000000000000e+00       4.797356838788e-12       7.791249283045e-13      -5.002668921683e-15 
  133       5.115084089368e-10       1.488387059517e-13      -5.683704246103e-12       0.000000000000e+00       4.697469719785e-12       7.665616119380e-13      -4.929432561551e-15 
  134       5.161728579358e-10       1.492642048619e-13      -5.736001177512e-12       0.000000000000e+00       4.600291885321e-12       7.543077472020e-13      -4.857467380284e-15 
  135       5.208332295086e-10       1.496237762431e-13      -5.785971971829e-12       0.000000000000e+00       4.505647845105e-12       7.423523432677e-13      -4.787013099748e-15 
  136       5.254879378280e-10       1.499170358878e-13      -5.833550933245e-12       0.000000000000e+00       4.413340519571e-12       7.306823464976e-13      -4.718316305404e-15 
  137       5.301354449626e-10       1.501436960546e-13      -5.878673645136e-12       0.000000000000e+00       4.323193061929e-12       7.192852416178e-13      -4.651570142751e-15 
  138       5.347746913695e-10       1.503036536428e-13      -5.921278957726e-12       0.000000000000e+00       4.235180238527e-12       7.081572639035e-13      -4.586726230607e-15 
  139       5.394047063584e-10       1.503969142061e-13      -5.961307274284e-12       0.000000000000e+00       4.149309784443e-12       6.972959467967e-13      -4.523663313541e-15 
  140       5.440244722143e-10       1.504235667468e-13      -5.998699982299e-12       0.000000000000e+00       4.065581098787e-12       6.866975150160e-13      -4.462245564827e-15 
  141       5.486329230756e-10       1.503837854853e-13      -6.033399492903e-12       0.000000000000e+00       3.983985026713e-12       6.763568518339e-13      -4.402322266255e-15 
  142       5.532289438116e-10       1.502778316304e-13      -6.065349280306e-12       0.000000000000e+00       3.904503641438e-12       6.662674663546e-13      -4.343727487928e-15 
  143       5.578113689008e-10       1.501060551486e-13      -6.094493921223e-12       0.000000000000e+00       3.827110026265e-12       6.564214607915e-13      -4.286279768071e-15 
  144       5.623789813091e-10       1.498688965349e-13      -6.120779134301e-12       0.000000000000e+00       3.751768056590e-12       6.468094977446e-13      -4.229781792831e-15 
  145       5.669305113674e-10       1.495668885817e-13      -6.144151819552e-12       0.000000000000e+00       3.678432181929e-12       6.374207674783e-13      -4.174020076084e-15 
  146       5.714646356499e-10       1.492006581497e-13      -6.164560097784e-12       0.000000000000e+00       3.607047207928e-12       6.282429551988e-13      -4.118764639236e-15 
  147       5.759799758522e-10       1.487709279369e-13      -6.181953350023e-12       0.000000000000e+00       3.537548078386e-12       6.192622083315e-13      -4.063768691029e-15 
  148       5.804750976690e-10       1.482785182492e-13      -6.196282256951e-12       0.000000000000e+00       3.469859657268e-12       6.104631037988e-13      -4.008768307346e-15 
  149       5.849485096721e-10       1.477243487700e-13      -6.207498838328e-12       0.000000000000e+00       3.403896510725e-12       6.018286152976e-13      -3.953482111010e-15 
  150       5.893986621890e-10       1.471094403300e-13      -6.215556492427e-12       0.000000000000e+00       3.339562689110e-12       5.933400805767e-13      -3.897610951593e-15 
  151       5.938239461801e-10       1.464349166776e-13      -6.220410035462e-12       0.000000000000e+00       3.276751508995e-12       5.849771687145e-13      -3.840837585216e-15 
  152       5.982226921172e-10       1.457020062482e-13      -6.222015741013e-12       0.000000000000e+00       3.215345335191e-12       5.767178473966e-13      -3.782826354357e-15 
  153       6.025932917768e-10       1.449120283732e-13      -6.220331622146e-12       0.000000000000e+00       3.155239903349e-12       5.685434573856e-13      -3.723304630140e-15 
  154       6.069345787179e-10       1.440663467389e-13      -6.215318224261e-12       0.000000000000e+00       3.096420290083e-12       5.604545354621e-13      -3.662316329930e-15 
  155       6.112454811900e-10       1.431664149565e-13      -6.206937981446e-12       0.000000000000e+00       3.038891620550e-12       5.524564064787e-13      -3.599991460128e-15 
  156       6.155249019041e-10       1.422137934114e-13      -6.195155020743e-12       0.000000000000e+00       2.982655070200e-12       5.445542016768e-13      -3.536466566658e-15 
  157       6.197717175364e-10       1.412101509534e-13      -6.179935202813e-12       0.000000000000e+00       2.927707771774e-12       5.367528519748e-13      -3.471884831184e-15 
  158       6.239847782327e-10       1.401572665879e-13      -6.161246162600e-12       0.000000000000e+00       2.874042722310e-12       5.290570812560e-13      -3.406396167326e-15 
  159       6.281629071124e-10       1.390570311660e-13      -6.139057349997e-12       0.000000000000e+00       2.821648690139e-12       5.214713996571e-13      -3.340157316875e-15 
  160       6.323048997721e-10       1.379114490757e-13      -6.113340070514e-12       0.000000000000e+00       2.770510121889e-12       5.140000968563e-13      -3.273331946006e-15 
  161       6.364095237900e-10       1.367226399321e-13      -6.084067525939e-12       0.000000000000e+00       2.720607049486e-12       5.066472353616e-13      -3.206090741502e-15 
  162       6.404755182297e-10       1.354928402685e-13      -6.051214855006e-12       0.000000000000e+00       2.671914997156e-12       4.994166437988e-13      -3.138611506960e-15 
  163       6.445015931444e-10       1.342244052266e-13      -6.014759174060e-12       0.000000000000e+00       2.624404888422e-12       4.923119102000e-13      -3.071079259014e-15 
  164       6.484864290808e-10       1.329198102474e-13      -5.974679617724e-12       0.000000000000e+00       2.578042953113e-12       4.853363752913e-13      -3.003686323548e-15 
  165       6.524286765830e-10       1.315816527619e-13      -5.930957379560e-12       0.000000000000e+00       2.532790634356e-12       4.784931257817e-13      -2.936632431911e-15 
  166       6.563269556969e-10       1.302126538818e-13      -5.883575752738e-12       0.000000000000e+00       2.488604495585e-12       4.717849876509e-13      -2.870124817134e-15 
  167       6.601798554737e-10       1.288156600897e-13      -5.832520170702e-12       0.000000000000e+00       2.445436127537e-12       4.652145194372e-13      -2.804378310148e-15 
  168       6.639859334742e-10       1.273936449306e-13      -5.777778247830e-12       0.000000000000e+00       2.403232055257e-12       4.587840055265e-13      -2.739615435995e-15 
  169       6.677437152729e-10       1.259497107016e-13      -5.719339820108e-12       0.000000000000e+00       2.361933645095e-12       4.524954494398e-13      -2.676066510048e-15 
  170       6.714516939617e-10       1.244870901433e-13      -5.657196985786e-12       0.000000000000e+00       2.321477011712e-12       4.463505671217e-13      -2.613969734224e-15 
  171       6.751084284180e-10       1.230090506462e-13      -5.591343424385e-12       0.000000000000e+00       2.281805944021e-12       4.403503005207e-13      -2.553520241552e-15 
  172       6.787128483401e-10       1.215185943685e-13      -5.521772204834e-12       0.000000000000e+00       2.242912087177e-12       4.344933268681e-13      -2.494712260674e-15 
  173       6.822639738143e-10       1.200187362368e-13      -5.448477871644e-12       0.000000000000e+00       2.204797948393e-12       4.287774116610e-13      -2.437483913946e-15 
  174       6.857608187472e-10       1.185126004633e-13      -5.371457187561e-12       0.000000000000e+00       2.167464140005e-12       4.231998685780e-13      -2.381766973244e-15 
  175       6.892023907738e-10       1.170034218379e-13      -5.290709171287e-12       0.000000000000e+00       2.130909339582e-12       4.177575508101e-13      -2.327486747881e-15 
  176       6.925876911636e-10       1.154945470216e-13      -5.206235135201e-12       0.000000000000e+00       2.095130250046e-12       4.124468423918e-13      -2.274561972545e-15 
  177       6.959157147280e-10       1.139894358394e-13      -5.118038723079e-12       0.000000000000e+00       2.060121559794e-12       4.072636495321e-13      -2.222904695217e-15 
  178       6.991854497271e-10       1.124916625729e-13      -5.026125947818e-12       0.000000000000e+00       2.025875902810e-12       4.022033919453e-13      -2.172420165102e-15 
  179       7.023958777768e-10       1.110049172538e-13      -4.930505229152e-12       0.000000000000e+00       1.992383818787e-12       3.972609941826e-13      -2.123006720557e-15 
  180       7.055459737557e-10       1.095330069562e-13      -4.831187431378e-12       0.000000000000e+00       1.959633713245e-12       3.924308769622e-13      -2.074555677012e-15 
  181       7.086347057121e-10       1.080798570899e-13      -4.728185901074e-12       0.000000000000e+00       1.927611817647e-12       3.877069485011e-13      -2.026951214903e-15 
  182       7.116610347706e-10       1.066495126933e-13      -4.621516504821e-12       0.000000000000e+00       1.896302149520e-12       3.830825958460e-13      -1.980070267595e-15 
  183       7.146239150399e-10       1.052461397262e-13      -4.511197666926e-12       0.000000000000e+00       1.865686472569e-12       3.785506762037e-13      -1.933782409311e-15 
  184       7.175222935187e-10       1.038740263629e-13      -4.397250407136e-12       0.000000000000e+00       1.835744256798e-12       3.741035082730e-13      -1.887949743058e-15 
  185       7.203551100037e-10       1.025375842849e-13      -4.279698378369e-12       0.000000000000e+00       1.806452638629e-12       3.697328635749e-13      -1.842426788551e-15 
  186       7.231212969957e-10       1.012413499739e-13      -4.158567904427e-12       0.000000000000e+00       1.777786381017e-12       3.654299577843e-13      -1.797060370144e-15 
  187       7.258197796072e-10       9.998998600504e-14      -4.033888017720e-12       0.000000000000e+00       1.749717833571e-12       3.611854420605e-13      -1.751689504756e-15 
  188       7.284494754690e-10       9.878828233931e-14      -3.905690496989e-12       0.000000000000e+00       1.722216892668e-12       3.569893943785e-13      -1.706145289796e-15 
  189       7.310092946373e-10       9.764115761684e-14      -3.774009905022e-12       0.000000000000e+00       1.695250961578e-12       3.528313108598e-13      -1.660250791088e-15 
  190       7.334981395006e-10       9.655366044970e-14      -3.638883626381e-12       0.000000000000e+00       1.668784910573e-12       3.487000971037e-13      -1.613820930804e-15 
  191       7.359149784895e-10       9.553076214324e-14      -3.500349716171e-12       0.000000000000e+00       1.642788021518e-12       3.445863755572e-13      -1.566703157016e-15 
  192       7.382590735750e-10       9.457671480225e-14      -3.358440187562e-12       0.000000000000e+00       1.617255486457e-12       3.404896189783e-13      -1.518903092776e-15 
  193       7.405297696942e-10       9.369564745560e-14      -3.213187292233e-12       0.000000000000e+00       1.592188448532e-12       3.364115365826e-13      -1.470468117665e-15 
  194       7.427264226301e-10       9.289177090445e-14      -3.064625694382e-12       0.000000000000e+00       1.567587145618e-12       3.323538050394e-13      -1.421447454928e-15 
  195       7.448483991596e-10       9.216937833265e-14      -2.912792501297e-12       0.000000000000e+00       1.543450893297e-12       3.283180673804e-13      -1.371892192850e-15 
  196       7.468950772022e-10       9.153284591717e-14      -2.757727293903e-12       0.000000000000e+00       1.519778067831e-12       3.243059319097e-13      -1.321855306130e-15 
  197       7.488658459685e-10       9.098663343851e-14      -2.599472157330e-12       0.000000000000e+00       1.496566089135e-12       3.203189711138e-13      -1.271391677253e-15 
  198       7.507601061085e-10       9.053528489119e-14      -2.438071711461e-12       0.000000000000e+00       1.473811403748e-12       3.163587205709e-13      -1.220558117871e-15 
  199       7.525772698601e-10       9.018342909410e-14      -2.273573141499e-12       0.000000000000e+00       1.451509467811e-12       3.124266778605e-13      -1.169413390170e-15 
  200       7.543167611978e-10       8.993578030099e-14      -2.106026228522e-12       0.000000000000e+00       1.429654730034e-12       3.085243014735e-13      -1.118018228249e-15 
  201       7.559780159806e-10       8.979713881085e-14      -1.935483380040e-12       0.000000000000e+00       1.408240614673e-12       3.046530097213e-13      -1.066435359494e-15 
  202       7.575604821013e-10       8.977239157839e-14      -1.761999660555e-12       0.000000000000e+00       1.387259504501e-12       3.008141796462e-13      -1.014729525950e-15 
  203       7.590636196342e-10       8.986651282442e-14      -1.585632822116e-12       0.000000000000e+00       1.366702723784e-12       2.970091459303e-13      -9.629675056995e-16 
  204       7.604869009840e-10       9.008456464630e-14      -1.406443334883e-12       0.000000000000e+00       1.346560521249e-12       2.932391998058e-13      -9.112181342342e-16 
  205       7.618298110342e-10       9.043169762836e-14      -1.224494417681e-12       0.000000000000e+00       1.326822053061e-12       2.895055879642e-13      -8.595523258300e-16 
  206       7.630918472953e-10       9.091315145236e-14      -1.039852068558e-12       0.000000000000e+00       1.307475365796e-12       2.858095114664e-13      -8.080430949216e-16 
  207       7.642725200537e-10       9.153425550785e-14      -8.525850953442e-13       0.000000000000e+00       1.288507379409e-12       2.821521246521e-13      -7.567655774775e-16 
  208       7.653713525199e-10       9.230042950269e-14      -6.627651462124e-13       0.000000000000e+00       1.269903870215e-12       2.785345340495e-13      -7.057970523738e-16 
  209       7.663878809768e-10       9.321718407338e-14      -4.704667402327e-13       0.000000000000e+00       1.251649453855e-12       2.749577972850e-13      -6.552169627693e-16 
  210       7.673216549286e-10       9.429012139557e-14      -2.757672979324e-13       0.000000000000e+00       1.233727568273e-12       2.714229219930e-13      -6.051069374796e-16 
  211       7.681722372491e-10       9.552493579444e-14      -7.874717185414e-14       0.000000000000e+00       1.216120456687e-12       2.679308647253e-13      -5.555508123516e-16 
  212       7.689392043299e-10       9.692741435514e-14       1.205103228860e-13       0.000000000000e+00       1.198809150563e-12       2.644825298612e-13      -5.066346516385e-16 
  213       7.696221848377e-10       9.850310683555e-14       3.219231657283e-13       0.000000000000e+00       1.181777172308e-12       2.610787170599e-13      -4.584311084577e-16 
  214       7.702209785892e-10       1.002563093425e-13       5.254237852559e-13       0.000000000000e+00       1.165021956816e-12       2.577199619346e-13      -4.109512870114e-16 
  215       7.707354459941e-10       1.021910131714e-13       7.309467342907e-13       0.000000000000e+00       1.148544168668e-12       2.544066825076e-13      -3.641896694433e-16 
  216       7.711654704168e-10       1.043112290771e-13       9.384244628911e-13       0.000000000000e+00       1.132344044539e-12       2.511392284814e-13      -3.181394648597e-16 
  217       7.715109584268e-10       1.066209870139e-13       1.147787299081e-12       0.000000000000e+00       1.116421385969e-12       2.479178800132e-13      -2.727925894749e-16 
  218       7.717718400482e-10       1.091243358748e-13       1.358963429581e-12       0.000000000000e+00       1.100775552121e-12       2.447428464890e-13      -2.281396467562e-16 
  219       7.719480690104e-10       1.118253432321e-13       1.571878880535e-12       0.000000000000e+00       1.085405452555e-12       2.416142652978e-13      -1.841699075695e-16 
  220       7.720396229978e-10       1.147280950766e-13       1.786457498244e-12       0.000000000000e+00       1.070309539986e-12       2.385322006058e-13      -1.408712903246e-16 
  221       7.720465039000e-10       1.178366955576e-13       2.002620929890e-12       0.000000000000e+00       1.055485803054e-12       2.354966421306e-13      -9.823034111992e-17 
  222       7.719687380622e-10       1.211552667230e-13       2.220288604272e-12       0.000000000000e+00       1.040931759091e-12       2.325075039156e-13      -5.623221388868e-17 
  223       7.718063765347e-10       1.246879482588e-13       2.439377712531e-12       0.000000000000e+00       1.026644446880e-12       2.295646231038e-13      -1.486065054351e-17 
  224       7.715594953238e-10       1.284388972290e-13       2.659803188882e-12       0.000000000000e+00       1.012620419427e-12       2.266677587126e-13       2.590203887793e-17 
  225       7.712281956411e-10       1.324122878156e-13       2.881477691344e-12       0.000000000000e+00       9.988557367249e-13       2.238165904072e-13       6.607499606778e-17 
  226       7.708126041543e-10       1.366123110581e-13       3.104311582466e-12       0.000000000000e+00       9.853459585176e-13       2.210107172758e-13       1.056788343026e-16 
  227       7.703128732368e-10       1.410431745937e-13       3.328212910060e-12       0.000000000000e+00       9.720861370665e-13       2.182496566028e-13       1.447356582983e-16 
  228       7.697291812181e-10       1.457091023968e-13       3.553087387931e-12       0.000000000000e+00       9.590708099166e-13       2.155328426438e-13       1.832690840644e-16 
  229       7.690617326338e-10       1.506143345191e-13       3.778838376603e-12       0.000000000000e+00       9.462939926611e-13       2.128596253995e-13       2.213042587591e-16 
  230       7.683107584758e-10       1.557631268293e-13       4.005366864055e-12       0.000000000000e+00       9.337491717079e-13       2.102292693897e-13       2.588678805441e-16 
  231       7.674765164421e-10       1.611597507529e-13       4.232571446442e-12       0.000000000000e+00       9.214292970447e-13       2.076409524279e-13       2.959882184389e-16 
  232       7.665592911875e-10       1.668084930121e-13       4.460348308833e-12       0.000000000000e+00       9.093267750047e-13       2.050937643953e-13       3.326951321756e-16 
  233       7.655593945730e-10       1.727136553654e-13       4.688591205934e-12       0.000000000000e+00       8.974334610320e-13       2.025867060149e-13       3.690200920540e-16 
  234       7.644771659164e-10       1.788795543478e-13       4.917191442822e-12       0.000000000000e+00       8.857406524477e-13       2.001186876261e-13       4.049961987959e-16 
  235       7.633129722425e-10       1.853105210105e-13       5.146037855673e-12       0.000000000000e+00       8.742390812150e-13       1.976885279584e-13       4.406582033997e-16 
  236       7.620672085325e-10       1.920109006604e-13       5.375016792493e-12       0.000000000000e+00       8.629189067051e-13       1.952949529059e-13       4.760425269957e-16 
  237       7.607402979750e-10       1.989850526006e-13       5.604012093844e-12       0.000000000000e+00       8.517697084624e-13       1.929365943017e-13       5.111872807001e-16 
  238       7.593326877341e-10       2.062369560055e-13       5.832911703740e-12       0.000000000000e+00       8.407824916546e-13       1.906122172650e-13       5.461237576336e-16 
  239       7.578448354538e-10       2.137690015911e-13       6.061627986591e-12       0.000000000000e+00       8.299558531968e-13       1.883214200619e-13       5.808502959652e-16 
  240       7.562772224216e-10       2.215831262359e-13       6.290078603754e-12       0.000000000000e+00       8.192901751617e-13       1.860639742676e-13       6.153568709072e-16 
  241       7.546303582150e-10       2.296811991751e-13       6.518179988823e-12       0.000000000000e+00       8.087856427218e-13       1.838395992668e-13       6.496334819899e-16 
  242       7.529047809428e-10       2.380650209102e-13       6.745847342342e-12       0.000000000000e+00       7.984422411611e-13       1.816479615102e-13       6.836701549263e-16 
  243       7.511010574852e-10       2.467363221177e-13       6.972994626524e-12       0.000000000000e+00       7.882597528864e-13       1.794886737706e-13       7.174569434762e-16 
  244       7.492197837349e-10       2.556967625575e-13       7.199534559966e-12       0.000000000000e+00       7.782377544391e-13       1.773612943999e-13       7.509839313099e-16 
  245       7.472615848374e-10       2.649479299829e-13       7.425378612370e-12       0.000000000000e+00       7.683756135068e-13       1.752653265848e-13       7.842412338727e-16 
  246       7.452271154321e-10       2.744913390483e-13       7.650436999252e-12       0.000000000000e+00       7.586724859349e-13       1.732002176040e-13       8.172190002488e-16 
  247       7.431170598925e-10       2.843284302192e-13       7.874618676668e-12       0.000000000000e+00       7.491273127384e-13       1.711653580839e-13       8.499074150256e-16 
  248       7.409321325670e-10       2.944605686803e-13       8.097831335925e-12       0.000000000000e+00       7.397388171129e-13       1.691600812555e-13       8.822967001577e-16 
  249       7.386730780197e-10       3.048890432450e-13       8.319981398298e-12       0.000000000000e+00       7.305055014471e-13       1.671836622105e-13       9.143771168311e-16 
  250       7.363406712709e-10       3.156150652638e-13       8.540974009750e-12       0.000000000000e+00       7.214256443335e-13       1.652353171578e-13       9.461389673273e-16 
  251       7.339357180378e-10       3.266397675337e-13       8.760713035646e-12       0.000000000000e+00       7.124972975810e-13       1.633142026803e-13       9.775725968873e-16 
  252       7.314590549751e-10       3.379642032069e-13       8.979101055471e-12       0.000000000000e+00       7.037182832255e-13       1.614194149906e-13       1.008668395576e-15 
  253       7.289115499157e-10       3.495893446997e-13       9.196039357547e-12       0.000000000000e+00       6.950861905422e-13       1.595499891879e-13       1.039416800146e-15 
  254       7.262941021115e-10       3.615160826014e-13       9.411427933747e-12       0.000000000000e+00       6.865983730570e-13       1.577048985144e-13       1.069808295901e-15 
  255       7.236076424739e-10       3.737452245833e-13       9.625165474218e-12       0.000000000000e+00       6.782519455581e-13       1.558830536115e-13       1.099833418564e-15 
  256       7.208531338142e-10       3.862774943077e-13       9.837149362090e-12       0.000000000000e+00       6.700437811076e-13       1.540833017764e-13       1.129482756133e-15 
  257       7.180315710849e-10       3.991135303366e-13       1.004727566820e-11       0.000000000000e+00       6.619705080532e-13       1.523044262185e-13       1.158746950755e-15 
  258       7.151439816197e-10       4.122538850409e-13       1.025543914581e-11       0.000000000000e+00       6.540285070397e-13       1.505451453156e-13       1.187616700584e-15 
  259       7.121914253744e-10       4.256990235088e-13       1.046153322530e-11       0.000000000000e+00       6.462139080207e-13       1.488041118706e-13       1.216082761645e-15 
  260       7.091749951680e-10       4.394493224554e-13       1.066545000893e-11       0.000000000000e+00       6.385225872701e-13       1.470799123677e-13       1.244135949702e-15 
  261       7.060958169224e-10       4.535050691312e-13       1.086708026552e-11       0.000000000000e+00       6.309501643940e-13       1.453710662290e-13       1.271767142119e-15 
  262       7.029550499039e-10       4.678664602311e-13       1.106631342517e-11       0.000000000000e+00       6.234919993419e-13       1.436760250708e-13       1.298967279723e-15 
  263       6.997538869635e-10       4.825336008033e-13       1.126303757400e-11       0.000000000000e+00       6.161431894185e-13       1.419931719599e-13       1.325727368674e-15 
  264       6.964935547775e-10       4.975065031584e-13       1.145713944883e-11       0.000000000000e+00       6.088985662956e-13       1.403208206703e-13       1.352038482321e-15 
  265       6.931753140884e-10       5.127850857780e-13       1.164850443195e-11       0.000000000000e+00       6.017526930231e-13       1.386572149393e-13       1.377891763073e-15 
  266       6.898004014296e-10       5.283689113543e-13       1.183702448657e-11       0.000000000000e+00       5.947008951510e-13       1.370009091360e-13       1.403280085018e-15 
  267       6.863698502985e-10       5.442563873985e-13       1.202262245158e-11       0.000000000000e+00       5.877424222721e-13       1.353519346943e-13       1.428203137952e-15 
  268       6.828846607414e-10       5.604455201005e-13       1.220522905581e-11       0.000000000000e+00       5.808774523443e-13       1.337106955734e-13       1.452662623053e-15 
  269       6.793458571351e-10       5.769341697656e-13       1.238477510409e-11       0.000000000000e+00       5.741060718028e-13       1.320775924498e-13       1.476660621627e-15 
  270       6.757544883296e-10       5.937200492829e-13       1.256119148542e-11       0.000000000000e+00       5.674282743189e-13       1.304530226185e-13       1.500199599779e-15 
  271       6.721116277891e-10       6.108007225935e-13       1.273440918106e-11       0.000000000000e+00       5.608439595591e-13       1.288373798936e-13       1.523282413080e-15 
  272       6.684183737345e-10       6.281736031583e-13       1.290435927269e-11       0.000000000000e+00       5.543529319439e-13       1.272310545092e-13       1.545912311242e-15 
  273       6.646758492847e-10       6.458359524264e-13       1.307097295055e-11       0.000000000000e+00       5.479548994062e-13       1.256344330206e-13       1.568092942782e-15 
  274       6.608852025985e-10       6.637848783033e-13       1.323418152154e-11       0.000000000000e+00       5.416494721509e-13       1.240478982046e-13       1.589828359698e-15 
  275       6.570476070164e-10       6.820173336190e-13       1.339391641741e-11       0.000000000000e+00       5.354361614132e-13       1.224718289606e-13       1.611123022136e-15 
  276       6.531642612025e-10       7.005301145958e-13       1.355010920282e-11       0.000000000000e+00       5.293143782178e-13       1.209066002117e-13       1.631981803063e-15 
  277       6.492363892861e-10       7.193198593172e-13       1.370269158355e-11       0.000000000000e+00       5.232834321375e-13       1.193525828051e-13       1.652409992931e-15 
  278       6.452652410036e-10       7.383830461952e-13       1.385159541458e-11       0.000000000000e+00       5.173425300523e-13       1.178101434134e-13       1.672413304354e-15 
  279       6.412520918403e-10       7.577159924392e-13       1.399675270823e-11       0.000000000000e+00       5.114907749079e-13       1.162796444350e-13       1.691997876776e-15 
  280       6.371982431719e-10       7.773148525236e-13       1.413809564233e-11       0.000000000000e+00       5.057271644752e-13       1.147614438954e-13       1.711170281139e-15 
  281       6.331050224069e-10       7.971756166562e-13       1.427555656831e-11       0.000000000000e+00       5.000505901085e-13       1.132558953477e-13       1.729937524555e-15 
  282       6.289737831277e-10       8.172941092465e-13       1.440906801936e-11       0.000000000000e+00       4.944598355048e-13       1.117633477738e-13       1.748307054976e-15 
  283       6.248059052328e-10       8.376659873733e-13       1.453856271855e-11       0.000000000000e+00       4.889535754622e-13       1.102841454847e-13       1.766286765866e-15 
  284       6.206027950785e-10       8.582867392534e-13       1.466397358698e-11       0.000000000000e+00       4.835303746394e-13       1.088186280220e-13       1.783885000866e-15 
  285       6.163658856207e-10       8.791516827098e-13       1.478523375190e-11       0.000000000000e+00       4.781886863142e-13       1.073671300583e-13       1.801110558471e-15 
  286       6.120966365565e-10       9.002559636392e-13       1.490227655484e-11       0.000000000000e+00       4.729268511421e-13       1.059299812985e-13       1.817972696692e-15 
  287       6.077965344662e-10       9.215945544808e-13       1.501503555975e-11       0.000000000000e+00       4.677430959157e-13       1.045075063799e-13       1.834481137736e-15 
  288       6.034670929550e-10       9.431622526842e-13       1.512344456115e-11       0.000000000000e+00       4.626355323233e-13       1.031000247739e-13       1.850646072667e-15 
  289       5.991098527949e-10       9.649536791774e-13       1.522743759223e-11       0.000000000000e+00       4.576021557078e-13       1.017078506863e-13       1.866478166081e-15 
  290       5.947263820663e-10       9.869632768355e-13       1.532694893301e-11       0.000000000000e+00       4.526408438253e-13       1.003312929584e-13       1.881988560778e-15 
  291       5.903182762998e-10       1.009185308948e-12       1.542191311848e-11       0.000000000000e+00       4.477493556044e-13       9.897065496777e-14       1.897188882425e-15 
  292       5.858871586181e-10       1.031613857688e-12       1.551226494669e-11       0.000000000000e+00       4.429253299049e-13       9.762623452907e-14       1.912091244234e-15 
  293       5.814346798779e-10       1.054242822578e-12       1.559793948694e-11       0.000000000000e+00       4.381662842766e-13       9.629832379498e-14       1.926708251627e-15 
  294       5.769625188112e-10       1.077065918963e-12       1.567887208786e-11       0.000000000000e+00       4.334696137180e-13       9.498720915704e-14       1.941053006908e-15 
  295       5.724723821678e-10       1.100076676473e-12       1.575499838560e-11       0.000000000000e+00       4.288325894356e-13       9.369317114647e-14       1.955139113935e-15 
  296       5.679660048563e-10       1.123268437494e-12       1.582625431192e-11       0.000000000000e+00       4.242523576025e-13       9.241648433504e-14       1.968980682785e-15 
  297       5.634450443293e-10       1.146634529883e-12       1.589258263697e-11       0.000000000000e+00       4.197264760715e-13       9.115736259540e-14       1.982589220279e-15 
  298       5.589107577561e-10       1.170168797562e-12       1.595395293343e-11       0.000000000000e+00       4.152545559790e-13       8.991579213668e-14       1.995964124426e-15 
  299       5.543643094009e-10       1.193865092781e-12       1.601034260070e-11       0.000000000000e+00       4.108366976842e-13       8.869169014239e-14       2.009101736058e-15 
  300       5.498068749617e-10       1.217717102909e-12       1.606173043487e-11       0.000000000000e+00       4.064729595114e-13       8.748495850549e-14       2.021998411706e-15 
  301       5.452396415680e-10       1.241718349140e-12       1.610809664567e-11       0.000000000000e+00       4.021633572389e-13       8.629548365513e-14       2.034650524038e-15 
  302       5.406638077800e-10       1.265862185198e-12       1.614942287352e-11       0.000000000000e+00       3.979078635865e-13       8.512313638350e-14       2.047054462317e-15 
  303       5.360805835865e-10       1.290141796038e-12       1.618569220644e-11       0.000000000000e+00       3.937064077042e-13       8.396777167253e-14       2.059206632842e-15 
  304       5.314911904031e-10       1.314550196554e-12       1.621688919712e-11       0.000000000000e+00       3.895588746604e-13       8.282922852069e-14       2.071103459397e-15 
  305       5.268968610713e-10       1.339080230282e-12       1.624299987990e-11       0.000000000000e+00       3.854651049299e-13       8.170732976975e-14       2.082741383700e-15 
  306       5.222988398562e-10       1.363724568104e-12       1.626401178771e-11       0.000000000000e+00       3.814248938824e-13       8.060188193156e-14       2.094116865854e-15 
  307       5.176983824454e-10       1.388475706954e-12       1.627991396913e-11       0.000000000000e+00       3.774379912706e-13       7.951267501482e-14       2.105226384786e-15 
  308       5.130967559469e-10       1.413325968520e-12       1.629069700535e-11       0.000000000000e+00       3.735041007186e-13       7.843948235183e-14       2.116066438706e-15 
  309       5.084952388879e-10       1.438267497949e-12       1.629635302717e-11       0.000000000000e+00       3.696228792098e-13       7.738206042530e-14       2.126633545545e-15 
  310       5.038951212132e-10       1.463292262554e-12       1.629687573200e-11       0.000000000000e+00       3.657939365757e-13       7.634014869507e-14       2.136924243410e-15 
  311       4.992977042833e-10       1.488392050515e-12       1.629226040082e-11       0.000000000000e+00       3.620168349835e-13       7.531346942491e-14       2.146935091028e-15 
  312       4.947043008729e-10       1.513558469587e-12       1.628250391525e-11       0.000000000000e+00       3.582910884249e-13       7.430172750929e-14       2.156662668194e-15 
  313       4.901162351694e-10       1.538782945798e-12       1.626760477444e-11       0.000000000000e+00       3.546161622040e-13       7.330461030014e-14       2.166103576221e-15 
  314       4.855348427713e-10       1.564056722163e-12       1.624756311215e-11       0.000000000000e+00       3.509914724256e-13       7.232178743363e-14       2.175254438386e-15 
  315       4.809614706866e-10       1.589370857378e-12       1.622238071372e-11       0.000000000000e+00       3.474163854835e-13       7.135291065694e-14       2.184111900380e-15 
  316       4.763974773308e-10       1.614716224533e-12       1.619206103303e-11       0.000000000000e+00       3.438902175490e-13       7.039761365501e-14       2.192672630753e-15 
  317       4.718442325260e-10       1.640083509811e-12       1.615660920953e-11       0.000000000000e+00       3.404122340585e-13       6.945551187732e-14       2.200933321363e-15 
  318       4.673031174988e-10       1.665463211196e-12       1.611603208523e-11       0.000000000000e+00       3.369816492023e-13       6.852620236470e-14       2.208890687825e-15 
  319       4.627755248786e-10       1.690845637173e-12       1.607033822167e-11       0.000000000000e+00       3.335976254127e-13       6.760926357602e-14       2.216541469959e-15 
  320       4.582628586966e-10       1.716220905438e-12       1.601953791695e-11       0.000000000000e+00       3.302592728522e-13       6.670425521502e-14       2.223882432234e-15 
  321       4.537665343834e-10       1.741578941597e-12       1.596364322268e-11       0.000000000000e+00       3.269656489016e-13       6.581071805709e-14       2.230910364221e-15 
  322       4.492879787681e-10       1.766909477875e-12       1.590266796103e-11       0.000000000000e+00       3.237157576485e-13       6.492817377597e-14       2.237622081039e-15 
  323       4.448286300762e-10       1.792202051817e-12       1.583662774166e-11       0.000000000000e+00       3.205085493755e-13       6.405612477061e-14       2.244014423802e-15 
  324       4.403899379284e-10       1.817446004992e-12       1.576553997876e-11       0.000000000000e+00       3.173429200483e-13       6.319405399185e-14       2.250084260065e-15 
  325       4.359733633385e-10       1.842630481704e-12       1.568942390802e-11       0.000000000000e+00       3.142177108040e-13       6.234142476927e-14       2.255828484279e-15 
  326       4.315803787122e-10       1.867744427686e-12       1.560830060365e-11       0.000000000000e+00       3.111317074395e-13       6.149768063790e-14       2.261244018230e-15 
  327       4.272124678456e-10       1.892776588813e-12       1.552219299533e-11       0.000000000000e+00       3.080836398994e-13       6.066224516503e-14       2.266327811493e-15 
  328       4.228711259230e-10       1.917715509802e-12       1.543112588525e-11       0.000000000000e+00       3.050721817646e-13       5.983452177696e-14       2.271076841877e-15 
  329       4.185578595158e-10       1.942549532920e-12       1.533512596508e-11       0.000000000000e+00       3.020959497404e-13       5.901389358576e-14       2.275488115876e-15 
  330       4.142741865809e-10       1.967266796682e-12       1.523422183295e-11       0.000000000000e+00       2.991535031447e-13       5.819972321608e-14       2.279558669111e-15 
  331       4.100216364588e-10       1.991855234563e-12       1.512844401047e-11       0.000000000000e+00       2.962433433963e-13       5.739135263187e-14       2.283285566784e-15 
  332       4.058016322339e-10       2.016303454395e-12       1.501782539271e-11       0.000000000000e+00       2.933641938419e-13       5.658823743497e-14       2.286666739754e-15 
  333       4.016151321496e-10       2.040603421617e-12       1.490240258495e-11       0.000000000000e+00       2.905158537722e-13       5.579035658774e-14       2.289703532143e-15 
  334       3.974629725415e-10       2.064747890583e-12       1.478221465750e-11       0.000000000000e+00       2.876983806723e-13       5.499782023120e-14       2.292398265781e-15 
  335       3.933459839365e-10       2.088729534090e-12       1.465730273538e-11       0.000000000000e+00       2.849118130384e-13       5.421073679883e-14       2.294753415953e-15 
  336       3.892649909222e-10       2.112540943038e-12       1.452771001577e-11       0.000000000000e+00       2.821561701699e-13       5.342921298927e-14       2.296771612750e-15 
  337       3.852208120187e-10       2.136174626090e-12       1.439348178547e-11       0.000000000000e+00       2.794314519621e-13       5.265335373908e-14       2.298455642429e-15 
  338       3.812142595487e-10       2.159623009332e-12       1.425466543840e-11       0.000000000000e+00       2.767376386986e-13       5.188326219544e-14       2.299808448764e-15 
  339       3.772461395084e-10       2.182878435934e-12       1.411131049300e-11       0.000000000000e+00       2.740746908440e-13       5.111903968891e-14       2.300833134403e-15 
  340       3.733172514382e-10       2.205933165810e-12       1.396346860976e-11       0.000000000000e+00       2.714425488362e-13       5.036078570612e-14       2.301532962222e-15 
  341       3.694283882933e-10       2.228779375277e-12       1.381119360864e-11       0.000000000000e+00       2.688411328793e-13       4.960859786255e-14       2.301911356680e-15 
  342       3.655803363146e-10       2.251409156719e-12       1.365454148655e-11       0.000000000000e+00       2.662703427357e-13       4.886257187520e-14       2.301971905175e-15 
  343       3.617738748992e-10       2.273814518243e-12       1.349357043481e-11       0.000000000000e+00       2.637300575188e-13       4.812280153538e-14       2.301718359396e-15 
  344       3.580097764714e-10       2.295987383342e-12       1.332834085661e-11       0.000000000000e+00       2.612201354857e-13       4.738937868138e-14       2.301154636682e-15 
  345       3.542888063530e-10       2.317919590555e-12       1.315891538450e-11       0.000000000000e+00       2.587404138296e-13       4.666239317123e-14       2.300284821372e-15 
  346       3.506117226344e-10       2.339602893126e-12       1.298535889780e-11       0.000000000000e+00       2.562907084720e-13       4.594193285544e-14       2.299113166165e-15 
  347       3.469792760450e-10       2.361028958667e-12       1.280773854012e-11       0.000000000000e+00       2.538708138560e-13       4.522808354970e-14       2.297644093472e-15 
  348       3.433922098241e-10       2.382189368814e-12       1.262612373678e-11       0.000000000000e+00       2.514805027381e-13       4.452092900762e-14       2.295882196770e-15 
  349       3.398512595916e-10       2.403075618893e-12       1.244058621231e-11       0.000000000000e+00       2.491195259809e-13       4.382055089347e-14       2.293832241959e-15 
  350       3.363571532185e-10       2.423679117575e-12       1.225120000789e-11       0.000000000000e+00       2.467876123461e-13       4.312702875489e-14       2.291499168717e-15 
  351       3.329106106980e-10       2.443991186539e-12       1.205804149881e-11       0.000000000000e+00       2.444844682863e-13       4.244043999563e-14       2.288888091851e-15 
  352       3.295123440158e-10       2.464003060133e-12       1.186118941196e-11       0.000000000000e+00       2.422097777380e-13       4.176085984829e-14       2.286004302659e-15 
  353       3.261630570210e-10       2.483705885032e-12       1.166072484327e-11       0.000000000000e+00       2.399632019141e-13       4.108836134701e-14       2.282853270279e-15 
  354       3.228634452968e-10       2.503090719901e-12       1.145673127517e-11       0.000000000000e+00       2.377443790964e-13       4.042301530024e-14       2.279440643043e-15 
  355       3.196141960313e-10       2.522148535053e-12       1.124929459409e-11       0.000000000000e+00       2.355529244278e-13       3.976489026346e-14       2.275772249838e-15 
  356       3.164159878879e-10       2.540870212110e-12       1.103850310786e-11       0.000000000000e+00       2.333884297054e-13       3.911405251188e-14       2.271854101457e-15 
  357       3.132694908764e-10       2.559246543664e-12       1.082444756326e-11       0.000000000000e+00       2.312504631725e-13       3.847056601321e-14       2.267692391952e-15 
  358       3.101753662235e-10       2.577268232938e-12       1.060722116339e-11       0.000000000000e+00       2.291385693117e-13       3.783449240036e-14       2.263293499994e-15 
  359       3.071342662433e-10       2.594925893443e-12       1.038691958520e-11       0.000000000000e+00       2.270522686366e-13       3.720589094417e-14       2.258663990222e-15 
  360       3.041468342085e-10       2.612210048644e-12       1.016364099693e-11       0.000000000000e+00       2.249910574853e-13       3.658481852615e-14       2.253810614605e-15 
  361       3.012137042208e-10       2.629111131612e-12       9.937486075588e-12       0.000000000000e+00       2.229544078122e-13       3.597132961122e-14       2.248740313789e-15 
  362       2.983355010815e-10       2.645619484694e-12       9.708558024377e-12       0.000000000000e+00       2.209417669808e-13       3.536547622041e-14       2.243460218457e-15 
  363       2.955128401625e-10       2.661725359166e-12       9.476962590199e-12       0.000000000000e+00       2.189525575564e-13       3.476730790360e-14       2.237977650683e-15 
  364       2.927463272768e-10       2.677418914897e-12       9.242808081100e-12       0.000000000000e+00       2.169861770981e-13       3.417687171226e-14       2.232300125286e-15 
  365       2.900365585493e-10       2.692690220008e-12       9.006205383737e-12       0.000000000000e+00       2.150419979520e-13       3.359421217216e-14       2.226435351187e-15 
  366       2.873841202875e-10       2.707529250532e-12       8.767267980840e-12       0.000000000000e+00       2.131193670433e-13       3.301937125611e-14       2.220391232759e-15 
  367       2.847895888521e-10       2.721925890076e-12       8.526111968676e-12       0.000000000000e+00       2.112176056687e-13       3.245238835669e-14       2.214175871189e-15 
  368       2.822535305279e-10       2.735869929479e-12       8.282856074515e-12       0.000000000000e+00       2.093360092896e-13       3.189330025899e-14       2.207797565825e-15 
  369       2.797765013943e-10       2.749351066474e-12       8.037621674091e-12       0.000000000000e+00       2.074738473239e-13       3.134214111328e-14       2.201264815538e-15 
  370       2.773590471961e-10       2.762358905349e-12       7.790532809068e-12       0.000000000000e+00       2.056303629387e-13       3.079894240784e-14       2.194586320072e-15 
  371       2.750016424368e-10       2.774884243842e-12       7.541707324258e-12       0.000000000000e+00       2.038049104999e-13       3.026372344223e-14       2.187769622314e-15 
  372       2.727045052944e-10       2.786922990032e-12       7.291229861392e-12       0.000000000000e+00       2.019973742704e-13       2.973646239230e-14       2.180816973767e-15 
  373       2.704677752150e-10       2.798472397936e-12       7.039177843622e-12       0.000000000000e+00       2.002077656764e-13       2.921712406037e-14       2.173729310067e-15 
  374       2.682915728556e-10       2.809529794876e-12       6.785630270147e-12       0.000000000000e+00       1.984360870411e-13       2.870566923700e-14       2.166507595652e-15 
  375       2.661759999018e-10       2.820092582261e-12       6.530667725955e-12       0.000000000000e+00       1.966823314970e-13       2.820205466552e-14       2.159152823934e-15 
  376       2.641211388856e-10       2.830158236362e-12       6.274372391566e-12       0.000000000000e+00       1.949464828980e-13       2.770623300648e-14       2.151666017473e-15 
  377       2.621270530038e-10       2.839724309094e-12       6.016828052775e-12       0.000000000000e+00       1.932285157317e-13       2.721815280209e-14       2.144048228147e-15 
  378       2.601937859352e-10       2.848788428796e-12       5.758120110393e-12       0.000000000000e+00       1.915283950315e-13       2.673775844074e-14       2.136300537331e-15 
  379       2.583213616589e-10       2.857348301010e-12       5.498335589989e-12       0.000000000000e+00       1.898460762891e-13       2.626499012141e-14       2.128424056065e-15 
  380       2.565097842718e-10       2.865401709260e-12       5.237563151634e-12       0.000000000000e+00       1.881815053664e-13       2.579978381821e-14       2.120419925229e-15 
  381       2.547590378069e-10       2.872946515832e-12       4.975893099643e-12       0.000000000000e+00       1.865346184080e-13       2.534207124477e-14       2.112289315716e-15 
  382       2.530690860508e-10       2.879980662554e-12       4.713417392315e-12       0.000000000000e+00       1.849053417531e-13       2.489177981877e-14       2.104033428606e-15 
  383       2.514398723617e-10       2.886502171574e-12       4.450229651680e-12       0.000000000000e+00       1.832935918479e-13       2.444883262640e-14       2.095653495339e-15 
  384       2.498713194873e-10       2.892509146142e-12       4.186425173236e-12       0.000000000000e+00       1.816992751581e-13       2.401314838679e-14       2.087150777886e-15 
  385       2.483633293826e-10       2.897999771388e-12       3.922100935695e-12       0.000000000000e+00       1.801222880806e-13       2.358464141652e-14       2.078526568926e-15 
  386       2.469157830279e-10       2.902972315102e-12       3.657355610724e-12       0.000000000000e+00       1.785625168559e-13       2.316322159408e-14       2.069782192015e-15 
  387       2.455285402463e-10       2.907425128513e-12       3.392289572688e-12       0.000000000000e+00       1.770198374807e-13       2.274879432433e-14       2.060919001763e-15 
  388       2.442014395219e-10       2.911356647070e-12       3.127004908391e-12       0.000000000000e+00       1.754941156194e-13       2.234126050296e-14       2.051938384004e-15 
  389       2.429342978176e-10       2.914765391218e-12       2.861605426819e-12       0.000000000000e+00       1.739852065170e-13       2.194051648100e-14       2.042841755971e-15 
  390       2.417269103930e-10       2.917649967184e-12       2.596196668883e-12       0.000000000000e+00       1.724929549110e-13       2.154645402923e-14       2.033630566470e-15 
  391       2.405790506221e-10       2.920009067750e-12       2.330885917163e-12       0.000000000000e+00       1.710171949437e-13       2.115896030272e-14       2.024306296049e-15 
  392       2.394904698112e-10       2.921841473036e-12       2.065782205644e-12       0.000000000000e+00       1.695577500741e-13       2.077791780523e-14       2.014870457178e-15 
  393       2.384608970170e-10       2.923146051278e-12       1.800996329466e-12       0.000000000000e+00       1.681144329908e-13       2.040320435371e-14       2.005324594414e-15 
  394       2.374900388640e-10       2.923921759612e-12       1.536640854661e-12       0.000000000000e+00       1.666870455236e-13       2.003469304278e-14       1.995670284582e-15 
  395       2.365775793629e-10       2.924167644845e-12       1.272830127899e-12       0.000000000000e+00       1.652753785560e-13       1.967225220918e-14       1.985909136943e-15 
  396       2.357231797280e-10       2.923882844243e-12       1.009680286227e-12       0.000000000000e+00       1.638792119374e-13       1.931574539625e-14       1.976042793368e-15 
  397       2.349264781955e-10       2.923066586306e-12       7.473092668123e-13       0.000000000000e+00       1.624983143951e-13       1.896503131840e-14       1.966072928513e-15 
  398       2.341870898409e-10       2.921718191549e-12       4.858368166878e-13       0.000000000000e+00       1.611324434470e-13       1.861996382557e-14       1.956001249992e-15 
  399       2.335046063971e-10       2.919837073281e-12       2.253845024903e-13       0.000000000000e+00       1.597813453133e-13       1.828039186769e-14       1.945829498547e-15 
  400       2.328785960724e-10       2.917422738385e-12      -3.392427979511e-14       0.000000000000e+00       1.584447548290e-13       1.794615945919e-14       1.935559448226e-15 
  401       2.323086033682e-10       2.914474788098e-12      -2.919642950930e-13       0.000000000000e+00       1.571223953562e-13       1.761710564341e-14       1.925192906551e-15 
  402       2.317941488966e-10       2.910992918789e-12      -5.486084594954e-13       0.000000000000e+00       1.558139786960e-13       1.729306445714e-14       1.914731714695e-15 
  403       2.313347291990e-10       2.906976922741e-12      -8.037278305194e-13       0.000000000000e+00       1.545192050010e-13       1.697386489501e-14       1.904177747656e-15 
  404       2.309298165630e-10       2.902426688928e-12      -1.057191597365e-12       0.000000000000e+00       1.532377626874e-13       1.665933087403e-14       1.893532914424e-15 
  405       2.305788588411e-10       2.897342203795e-12      -1.308867071172e-12       0.000000000000e+00       1.519693283473e-13       1.634928119801e-14       1.882799158161e-15 
  406       2.302812792681e-10       2.891723552041e-12      -1.558619675279e-12       0.000000000000e+00       1.507135666608e-13       1.604352952206e-14       1.871978456372e-15 
  407       2.300364762791e-10       2.885570917393e-12      -1.806312935481e-12       0.000000000000e+00       1.494701303083e-13       1.574188431703e-14       1.861072821076e-15 
  408       2.298438233273e-10       2.878884583390e-12      -2.051808470283e-12       0.000000000000e+00       1.482386598828e-13       1.544414883400e-14       1.850084298982e-15 
  409       2.297026687020e-10       2.871664934160e-12      -2.294965981166e-12       0.000000000000e+00       1.470187838020e-13       1.515012106877e-14       1.839014971659e-15 
  410       2.296123777653e-10       2.863913166892e-12      -2.535657526834e-12       0.000000000000e+00       1.458101834745e-13       1.485963076007e-14       1.827866746687e-15 
  411       2.295724616824e-10       2.855633455453e-12      -2.773810922892e-12       0.000000000000e+00       1.446127915207e-13       1.457265190072e-14       1.816640722580e-15 
  412       2.295824528926e-10       2.846830864933e-12      -3.009367860183e-12       0.000000000000e+00       1.434266004006e-13       1.428919414165e-14       1.805337801710e-15 
  413       2.296418629516e-10       2.837510648161e-12      -3.242269760064e-12       0.000000000000e+00       1.422515977519e-13       1.400926610898e-14       1.793958897323e-15 
  414       2.297501823787e-10       2.827678246989e-12      -3.472457774837e-12       0.000000000000e+00       1.410877663495e-13       1.373287539479e-14       1.782504933562e-15 
  415       2.299068805052e-10       2.817339293578e-12      -3.699872788179e-12       0.000000000000e+00       1.399350840635e-13       1.346002854803e-14       1.770976845496e-15 
  416       2.301114053226e-10       2.806499611689e-12      -3.924455415572e-12       0.000000000000e+00       1.387935238187e-13       1.319073106533e-14       1.759375579139e-15 
  417       2.303631833306e-10       2.795165217962e-12      -4.146146004731e-12       0.000000000000e+00       1.376630535524e-13       1.292498738182e-14       1.747702091481e-15 
  418       2.306616193849e-10       2.783342323211e-12      -4.364884636033e-12       0.000000000000e+00       1.365436361738e-13       1.266280086203e-14       1.735957350503e-15 
  419       2.310060965457e-10       2.771037333701e-12      -4.580611122952e-12       0.000000000000e+00       1.354352295221e-13       1.240417379067e-14       1.724142335211e-15 
  420       2.313959759254e-10       2.758256852444e-12      -4.793265012482e-12       0.000000000000e+00       1.343377863259e-13       1.214910736352e-14       1.712258035654e-15 
  421       2.318305965370e-10       2.745007680477e-12      -5.002785585569e-12       0.000000000000e+00       1.332512541611e-13       1.189760167824e-14       1.700305452950e-15 
  422       2.323092751418e-10       2.731296818153e-12      -5.209111857544e-12       0.000000000000e+00       1.321755754101e-13       1.164965572522e-14       1.688285599313e-15 
  423       2.328313060979e-10       2.717131466428e-12      -5.412182578547e-12       0.000000000000e+00       1.311106872205e-13       1.140526737845e-14       1.676199498070e-15 
  424       2.333959612078e-10       2.702519028144e-12      -5.611936233961e-12       0.000000000000e+00       1.300565214635e-13       1.116443338629e-14       1.664048183696e-15 
  425       2.340024895668e-10       2.687467109318e-12      -5.808311044839e-12       0.000000000000e+00       1.290130046927e-13       1.092714936241e-14       1.651832701829e-15 
  426       2.346501174111e-10       2.671983520426e-12      -6.001244968336e-12       0.000000000000e+00       1.279800581029e-13       1.069340977654e-14       1.639554109297e-15 
  427       2.353380479655e-10       2.656076277694e-12      -6.190675698135e-12       0.000000000000e+00       1.269575974889e-13       1.046320794538e-14       1.627213474148e-15 
  428       2.360654612919e-10       2.639753604378e-12      -6.376540664882e-12       0.000000000000e+00       1.259455332036e-13       1.023653602340e-14       1.614811875663e-15 
  429       2.368315141371e-10       2.623023932055e-12      -6.558777036610e-12       0.000000000000e+00       1.249437701174e-13       1.001338499369e-14       1.602350404392e-15 
  430       2.376353397811e-10       2.605895901910e-12      -6.737321719172e-12       0.000000000000e+00       1.239522075766e-13       9.793744658823e-15       1.589830162171e-15 
  431       2.384760478848e-10       2.588378366017e-12      -6.912111356670e-12       0.000000000000e+00       1.229707393618e-13       9.577603631672e-15       1.577252262149e-15 
  432       2.393527243385e-10       2.570480388631e-12      -7.083082331886e-12       0.000000000000e+00       1.219992536471e-13       9.364949326260e-15       1.564617828810e-15 
  433       2.402644311095e-10       2.552211247472e-12      -7.250170766707e-12       0.000000000000e+00       1.210376329586e-13       9.155767948605e-15       1.551927998002e-15 
  434       2.412102060908e-10       2.533580435010e-12      -7.413312522561e-12       0.000000000000e+00       1.200857541328e-13       8.950044487557e-15       1.539183916956e-15 
  435       2.421890629484e-10       2.514597659756e-12      -7.572443200841e-12       0.000000000000e+00       1.191434882757e-13       8.747762705646e-15       1.526386744313e-15 
  436       2.431999909702e-10       2.495272847543e-12      -7.727498143338e-12       0.000000000000e+00       1.182107007213e-13       8.548905129916e-15       1.513537650150e-15 
  437       2.442419549133e-10       2.475616142814e-12      -7.878412432669e-12       0.000000000000e+00       1.172872509903e-13       8.353453042771e-15       1.500637816000e-15 
  438       2.453138948524e-10       2.455637909913e-12      -8.025120892709e-12       0.000000000000e+00       1.163729927488e-13       8.161386472818e-15       1.487688434881e-15 
  439       2.464147260283e-10       2.435348734363e-12      -8.167558089019e-12       0.000000000000e+00       1.154677737670e-13       7.972684185706e-15       1.474690711315e-15 
  440       2.475433386950e-10       2.414759424160e-12      -8.305658329272e-12       0.000000000000e+00       1.145714358779e-13       7.787323674968e-15       1.461645861357e-15 
  441       2.486985979687e-10       2.393881011054e-12      -8.439355663691e-12       0.000000000000e+00       1.136838149358e-13       7.605281152866e-15       1.448555112618e-15 
  442       2.498793436754e-10       2.372724751840e-12      -8.568583885470e-12       0.000000000000e+00       1.128047407754e-13       7.426531541227e-15       1.435419704289e-15 
  443       2.510843901990e-10       2.351302129640e-12      -8.693276531211e-12       0.000000000000e+00       1.119340371701e-13       7.251048462290e-15       1.422240887164e-15 
  444       2.523125263294e-10       2.329624855193e-12      -8.813366881347e-12       0.000000000000e+00       1.110715217908e-13       7.078804229546e-15       1.409019923666e-15 
  445       2.535625151107e-10       2.307704868138e-12      -8.928787960578e-12       0.000000000000e+00       1.102170061648e-13       6.909769838579e-15       1.395758087872e-15 
  446       2.548330936892e-10       2.285554338304e-12      -9.039472538294e-12       0.000000000000e+00       1.093702956341e-13       6.743914957908e-15       1.382456665535e-15 
  447       2.561229731612e-10       2.263185666994e-12      -9.145353129010e-12       0.000000000000e+00       1.085311893146e-13       6.581207919829e-15       1.369116954110e-15 
  448       2.574308384217e-10       2.240611488271e-12      -9.246361992794e-12       0.000000000000e+00       1.076994800541e-13       6.421615711257e-15       1.355740262777e-15 
  449       2.587554709173e-10       2.217844187519e-12      -9.342442915669e-12       0.000000000000e+00       1.068749896900e-13       6.265106654559e-15       1.342327877606e-15 
  450       2.600961215916e-10       2.194894437349e-12      -9.433586969740e-12       0.000000000000e+00       1.060576761612e-13       6.111658564217e-15       1.328880955748e-15 
  451       2.614521497134e-10       2.171772616829e-12      -9.519797911460e-12       0.000000000000e+00       1.052475297816e-13       5.961250836175e-15       1.315400627869e-15 
  452       2.628229009835e-10       2.148489290926e-12      -9.601080513676e-12       0.000000000000e+00       1.044445382352e-13       5.813861774172e-15       1.301888032698e-15 
  453       2.642077074554e-10       2.125055211510e-12      -9.677440573057e-12       0.000000000000e+00       1.036486865555e-13       5.669468582178e-15       1.288344317038e-15 
  454       2.656058874568e-10       2.101481318347e-12      -9.748884917519e-12       0.000000000000e+00       1.028599571054e-13       5.528047356836e-15       1.274770635765e-15 
  455       2.670167455106e-10       2.077778740101e-12      -9.815421413651e-12       0.000000000000e+00       1.020783295567e-13       5.389573079901e-15       1.261168151833e-15 
  456       2.684395722558e-10       2.053958795336e-12      -9.877058974139e-12       0.000000000000e+00       1.013037808696e-13       5.254019610680e-15       1.247538036278e-15 
  457       2.698736443686e-10       2.030032993514e-12      -9.933807565196e-12       0.000000000000e+00       1.005362852727e-13       5.121359678469e-15       1.233881468221e-15 
  458       2.713182244835e-10       2.006013035993e-12      -9.985678213984e-12       0.000000000000e+00       9.977581424236e-14       4.991564874996e-15       1.220199634873e-15 
  459       2.727725611145e-10       1.981910817031e-12      -1.003268301604e-11       0.000000000000e+00       9.902233648256e-14       4.864605646856e-15       1.206493731536e-15 
  460       2.742358885758e-10       1.957738424782e-12      -1.007483514271e-11       0.000000000000e+00       9.827581790438e-14       4.740451287955e-15       1.192764961609e-15 
  461       2.757074269033e-10       1.933508142294e-12      -1.011214884856e-11       0.000000000000e+00       9.753622160578e-14       4.619069931946e-15       1.179014536590e-15 
  462       2.771863817753e-10       1.909232448515e-12      -1.014463947881e-11       0.000000000000e+00       9.680350785120e-14       4.500428544669e-15       1.165243676082e-15 
  463       2.786719444339e-10       1.884924019288e-12      -1.017232347677e-11       0.000000000000e+00       9.607763405119e-14       4.384492916592e-15       1.151453607793e-15 
  464       2.801632916059e-10       1.860595728352e-12      -1.019521839125e-11       0.000000000000e+00       9.535855474214e-14       4.271227655249e-15       1.137645567543e-15 
  465       2.816595854235e-10       1.836260648340e-12      -1.021334288398e-11       0.000000000000e+00       9.464622156585e-14       4.160596177679e-15       1.123820799265e-15 
  466       2.831599733462e-10       1.811932051782e-12      -1.022671673707e-11       0.000000000000e+00       9.394058324925e-14       4.052560702867e-15       1.109980555012e-15 
  467       2.846635880812e-10       1.787623412101e-12      -1.023536086041e-11       0.000000000000e+00       9.324158558400e-14       3.947082244180e-15       1.096126094955e-15 
  468       2.861695475044e-10       1.763348404617e-12      -1.023929729908e-11       0.000000000000e+00       9.254917140618e-14       3.844120601810e-15       1.082258687392e-15 
  469       2.876769545821e-10       1.739120907543e-12      -1.023854924081e-11       0.000000000000e+00       9.186328057592e-14       3.743634355215e-15       1.068379608751e-15 
  470       2.891848972915e-10       1.714955002984e-12      -1.023314102339e-11       0.000000000000e+00       9.118384995710e-14       3.645580855550e-15       1.054490143589e-15 
  471       2.906924485419e-10       1.690864977941e-12      -1.022309814210e-11       0.000000000000e+00       9.051081339692e-14       3.549916218117e-15       1.040591584603e-15 
  472       2.921986660960e-10       1.666865325308e-12      -1.020844725713e-11       0.000000000000e+00       8.984410170564e-14       3.456595314795e-15       1.026685232625e-15 
  473       2.937025924905e-10       1.642970744871e-12      -1.018921620100e-11       0.000000000000e+00       8.918364263617e-14       3.365571766486e-15       1.012772396633e-15 
  474       2.952032549576e-10       1.619196144309e-12      -1.016543398602e-11       0.000000000000e+00       8.852936086377e-14       3.276797935551e-15       9.988543937507e-16 
  475       2.966996653460e-10       1.595556640194e-12      -1.013713081167e-11       0.000000000000e+00       8.788117796567e-14       3.190224918251e-15       9.849325492530e-16 
  476       2.981908200417e-10       1.572067558990e-12      -1.010433807205e-11       0.000000000000e+00       8.723901240073e-14       3.105802537185e-15       9.710081965677e-16 
  477       2.996756998893e-10       1.548744438050e-12      -1.006708836331e-11       0.000000000000e+00       8.660277948912e-14       3.023479333730e-15       9.570826772806e-16 
  478       3.011532701130e-10       1.525603026622e-12      -1.002541549106e-11       0.000000000000e+00       8.597239139193e-14       2.943202560482e-15       9.431573411387e-16 
  479       3.026224802377e-10       1.502659286844e-12      -9.979354477811e-12       0.000000000000e+00       8.534775709087e-14       2.864918173692e-15       9.292335460536e-16 
  480       3.040822640099e-10       1.479929394743e-12      -9.928941570390e-12       0.000000000000e+00       8.472878236788e-14       2.788570825706e-15       9.153126581054e-16 
  481       3.055315393190e-10       1.457429741238e-12      -9.874214247374e-12       0.000000000000e+00       8.411536978480e-14       2.714103857410e-15       9.013960515462e-16 
  482       3.069692081182e-10       1.435176933139e-12      -9.815211226511e-12       0.000000000000e+00       8.350741866306e-14       2.641459290660e-15       8.874851088036e-16 
  483       3.083941563458e-10       1.413187794143e-12      -9.751972472149e-12       0.000000000000e+00       8.290482506326e-14       2.570577820729e-15       8.735812204847e-16 
  484       3.098052538458e-10       1.391479365839e-12      -9.684539202658e-12       0.000000000000e+00       8.230748176490e-14       2.501398808743e-15       8.596857853791e-16 
  485       3.112013542896e-10       1.370068908704e-12      -9.612953897858e-12       0.000000000000e+00       8.171527824596e-14       2.433860274121e-15       8.458002104630e-16 
  486       3.125812950963e-10       1.348973903104e-12      -9.537260306448e-12       0.000000000000e+00       8.112810066263e-14       2.367898887014e-15       8.319259109028e-16 
  487       3.139438973545e-10       1.328212050294e-12      -9.457503453425e-12       0.000000000000e+00       8.054583182889e-14       2.303449960747e-15       8.180643100584e-16 
  488       3.152881100978e-10       1.307799634116e-12      -9.373731982528e-12       0.000000000000e+00       7.996837041452e-14       2.240458929649e-15       8.042167656112e-16 
  489       3.166134480234e-10       1.287746550350e-12      -9.286005245254e-12       0.000000000000e+00       7.939568920973e-14       2.178916174265e-15       7.903843455185e-16 
  490       3.179195666642e-10       1.268061131189e-12      -9.194386437751e-12       0.000000000000e+00       7.882777855694e-14       2.118823219190e-15       7.765680453887e-16 
  491       3.192061192067e-10       1.248751771312e-12      -9.098940293492e-12       0.000000000000e+00       7.826462727889e-14       2.060181339749e-15       7.627688617198e-16 
  492       3.204727564851e-10       1.229826928068e-12      -8.999733091873e-12       0.000000000000e+00       7.770622266791e-14       2.002991560206e-15       7.489877918659e-16 
  493       3.217191269749e-10       1.211295121646e-12      -8.896832666810e-12       0.000000000000e+00       7.715255047528e-14       1.947254651982e-15       7.352258340037e-16 
  494       3.229448767864e-10       1.193164935249e-12      -8.790308415346e-12       0.000000000000e+00       7.660359490051e-14       1.892971131870e-15       7.214839870990e-16 
  495       3.241496496584e-10       1.175445015275e-12      -8.680231306244e-12       0.000000000000e+00       7.605933858067e-14       1.840141260249e-15       7.077632508730e-16 
  496       3.253330869520e-10       1.158144071489e-12      -8.566673888593e-12       0.000000000000e+00       7.551976257972e-14       1.788765039299e-15       6.940646257690e-16 
  497       3.264948276439e-10       1.141270877196e-12      -8.449710300403e-12       0.000000000000e+00       7.498484637782e-14       1.738842211216e-15       6.803891129186e-16 
  498       3.276345083207e-10       1.124834269421e-12      -8.329416277209e-12       0.000000000000e+00       7.445456786064e-14       1.690372256428e-15       6.667377141083e-16 
  499       3.287517631718e-10       1.108843149082e-12      -8.205869160669e-12       0.000000000000e+00       7.392890330869e-14       1.643354391808e-15       6.531114317462e-16 
  500       3.298462239835e-10       1.093306481165e-12      -8.079147907165e-12       0.000000000000e+00       7.340782738664e-14       1.597787568892e-15       6.395112688278e-16 
  501       3.309175201326e-10       1.078233294900e-12      -7.949333096402e-12       0.000000000000e+00       7.289131313262e-14       1.553670472091e-15       6.259382289034e-16 
  502       3.319652785801e-10       1.063632683936e-12      -7.816506940011e-12       0.000000000000e+00       7.237933194755e-14       1.511001516907e-15       6.123933160435e-16 
  503       3.329891238647e-10       1.049513806518e-12      -7.680753290144e-12       0.000000000000e+00       7.187185358444e-14       1.469778848150e-15       5.988775348062e-16 
  504       3.339886780964e-10       1.035885885658e-12      -7.542157648080e-12       0.000000000000e+00       7.136884613776e-14       1.430000338149e-15       5.853918902032e-16 
  505       3.349635609506e-10       1.022758209316e-12      -7.400807172822e-12       0.000000000000e+00       7.087027603269e-14       1.391663584971e-15       5.719373876662e-16 
  506       3.359133896612e-10       1.010140130571e-12      -7.256790689694e-12       0.000000000000e+00       7.037610801447e-14       1.354765910633e-15       5.585150330137e-16 
  507       3.368377790146e-10       9.980410677978e-13      -7.110198698950e-12       0.000000000000e+00       6.988630513775e-14       1.319304359319e-15       5.451258324171e-16 
  508       3.377363413432e-10       9.864705048437e-13      -6.961123384363e-12       0.000000000000e+00       6.940082875582e-14       1.285275695593e-15       5.317707923674e-16 
  509       3.386086865192e-10       9.754379912015e-13      -6.809658621836e-12       0.000000000000e+00       6.891963851004e-14       1.252676402616e-15       5.184509196416e-16 
  510       3.394544219481e-10       9.649531421861e-13      -6.655899987992e-12       0.000000000000e+00       6.844269231905e-14       1.221502680360e-15       5.051672212691e-16 
  511       3.402731525625e-10       9.550256391097e-13      -6.499944768781e-12       0.000000000000e+00       6.796994636817e-14       1.191750443824e-15       4.919207044983e-16 
  512       3.410644808155e-10       9.456652294569e-13      -6.341891968081e-12       0.000000000000e+00       6.750135509867e-14       1.163415321248e-15       4.787123767630e-16 
  513       3.418280066748e-10       9.368817270604e-13      -6.181842316289e-12       0.000000000000e+00       6.703687119711e-14       1.136492652325e-15       4.655432456487e-16 
  514       3.425633276160e-10       9.286850122761e-13      -6.019898278933e-12       0.000000000000e+00       6.657644558464e-14       1.110977486424e-15       4.524143188593e-16 
  515       3.432700386162e-10       9.210850321583e-13      -5.856164065263e-12       0.000000000000e+00       6.612002740635e-14       1.086864580797e-15       4.393266041836e-16 
  516       3.439477321480e-10       9.140918006354e-13      -5.690745636855e-12       0.000000000000e+00       6.566756402055e-14       1.064148398798e-15       4.262811094613e-16 
  517       3.445959981729e-10       9.077153986848e-13      -5.523750716212e-12       0.000000000000e+00       6.521900098809e-14       1.042823108096e-15       4.132788425501e-16 
  518       3.452144241350e-10       9.019659745088e-13      -5.355288795361e-12       0.000000000000e+00       6.477428206173e-14       1.022882578893e-15       4.003208112918e-16 
  519       3.458025949547e-10       8.968537437093e-13      -5.185471144456e-12       0.000000000000e+00       6.433334917538e-14       1.004320382136e-15       3.874080234787e-16 
  520       3.463600930223e-10       8.923889894635e-13      -5.014410820377e-12       0.000000000000e+00       6.389614243349e-14       9.871297877332e-16       3.745414868204e-16 
  521       3.468864981918e-10       8.885820626993e-13      -4.842222675329e-12       0.000000000000e+00       6.346260010031e-14       9.713037627684e-16       3.617222089098e-16 
  522       3.473813877741e-10       8.854433822705e-13      -4.669023365444e-12       0.000000000000e+00       6.303265858924e-14       9.568349697172e-16       3.489511971901e-16 
  523       3.478443365316e-10       8.829834351321e-13      -4.494931359379e-12       0.000000000000e+00       6.260625245215e-14       9.437157646608e-16       3.362294589207e-16 
  524       3.482749166706e-10       8.812127765156e-13      -4.320066946920e-12       0.000000000000e+00       6.218331436867e-14       9.319381955017e-16       3.235580011441e-16 
  525       3.486726978361e-10       8.801420301046e-13      -4.144552247576e-12       0.000000000000e+00       6.176377513555e-14       9.214940001781e-16       3.109378306522e-16 
  526       3.490372471047e-10       8.797818882097e-13      -3.968511219186e-12       0.000000000000e+00       6.134756365592e-14       9.123746048796e-16       2.983699539527e-16 
  527       3.493682251469e-10       8.801412542383e-13      -3.792061079264e-12       0.000000000000e+00       6.093461820072e-14       9.045702193054e-16       2.858553955902e-16 
  528       3.496656776449e-10       8.812216133496e-13      -3.615286291140e-12       0.000000000000e+00       6.052492055626e-14       8.980670985980e-16       2.733952537333e-16 
  529       3.499297519102e-10       8.830225066870e-13      -3.438263876394e-12       0.000000000000e+00       6.011846279856e-14       8.928502022752e-16       2.609906460562e-16 
  530       3.501606014777e-10       8.855433743981e-13      -3.261071942008e-12       0.000000000000e+00       5.971523610084e-14       8.889040881782e-16       2.486426914978e-16 
  531       3.503583861412e-10       8.887835550087e-13      -3.083789685262e-12       0.000000000000e+00       5.931523072762e-14       8.862129102969e-16       2.363525102360e-16 
  532       3.505232719886e-10       8.927422847972e-13      -2.906497398631e-12       0.000000000000e+00       5.891843602897e-14       8.847604165953e-16       2.241212236618e-16 
  533       3.506554314367e-10       8.974186971686e-13      -2.729276474685e-12       0.000000000000e+00       5.852484043465e-14       8.845299468375e-16       2.119499543541e-16 
  534       3.507550432667e-10       9.028118220289e-13      -2.552209410981e-12       0.000000000000e+00       5.813443144830e-14       8.855044304130e-16       1.998398260538e-16 
  535       3.508222926591e-10       9.089205851591e-13      -2.375379814963e-12       0.000000000000e+00       5.774719564164e-14       8.876663841623e-16       1.877919636382e-16 
  536       3.508573712289e-10       9.157438075895e-13      -2.198872408856e-12       0.000000000000e+00       5.736311864859e-14       8.909979102028e-16       1.758074930956e-16 
  537       3.508604770607e-10       9.232802049739e-13      -2.022773034568e-12       0.000000000000e+00       5.698218515952e-14       8.954806937538e-16       1.638875414992e-16 
  538       3.508318147438e-10       9.315283869637e-13      -1.847168658579e-12       0.000000000000e+00       5.660437891538e-14       9.010960009625e-16       1.520332369822e-16 
  539       3.507715954074e-10       9.404868565820e-13      -1.672147376846e-12       0.000000000000e+00       5.622968270191e-14       9.078246767297e-16       1.402457087114e-16 
  540       3.506800367559e-10       9.501540095982e-13      -1.497798419694e-12       0.000000000000e+00       5.585807834378e-14       9.156471425350e-16       1.285260868622e-16 
  541       3.505573631034e-10       9.605281339015e-13      -1.324212156716e-12       0.000000000000e+00       5.548954669880e-14       9.245433942625e-16       1.168755025925e-16 
  542       3.504038054097e-10       9.716074088758e-13      -1.151480101666e-12       0.000000000000e+00       5.512406765211e-14       9.344930000266e-16       1.052950880176e-16 
  543       3.502196013147e-10       9.833899047734e-13      -9.796949173618e-13       0.000000000000e+00       5.476162011033e-14       9.454750979974e-16       9.378597618406e-17 
  544       3.500049951740e-10       9.958735820894e-13      -8.089504205758e-13       0.000000000000e+00       5.440218199573e-14       9.574683942264e-16       8.234930104432e-17 
  545       3.497602380938e-10       1.009056290936e-12      -6.393415869352e-13       0.000000000000e+00       5.404573024046e-14       9.704511604717e-16       7.098619743114e-17 
  546       3.494855879661e-10       1.022935770416e-12      -4.709645558180e-13       0.000000000000e+00       5.369224078067e-14       9.844012320243e-16       5.969780103186e-17 
  547       3.491813095036e-10       1.037509647998e-12      -3.039166352495e-13       0.000000000000e+00       5.334168855073e-14       9.992960055330e-16       4.848524836283e-17 
  548       3.488476742754e-10       1.052775438890e-12      -1.382963067994e-13       0.000000000000e+00       5.299404747739e-14       1.015112436830e-15       3.734967674378e-17 
  549       3.484849607415e-10       1.068730545414e-12       2.579676952143e-14       0.000000000000e+00       5.264929047398e-14       1.031827038758e-15       2.629222427218e-17 
  550       3.480934542883e-10       1.085372256378e-12       1.882617503643e-13       0.000000000000e+00       5.230738943454e-14       1.049415878993e-15       1.531402979766e-17 
  551       3.476734472636e-10       1.102697746456e-12       3.489966041459e-13       0.000000000000e+00       5.196831522806e-14       1.067854577871e-15       4.416232896355e-18 
  552       3.472252390117e-10       1.120704075554e-12       5.078981061513e-13       0.000000000000e+00       5.163203769261e-14       1.087118306217e-15      -6.400026154712e-18 
  553       3.467491359087e-10       1.139388188190e-12       6.648618336374e-13       0.000000000000e+00       5.129852562956e-14       1.107181783164e-15      -1.713360640324e-17 
  554       3.462454513975e-10       1.158746912868e-12       8.197821609359e-13       0.000000000000e+00       5.096774679772e-14       1.128019273985e-15      -2.778336624726e-17 
  555       3.457145060228e-10       1.178776961449e-12       9.725522545567e-13       0.000000000000e+00       5.063966790755e-14       1.149604587913e-15      -3.834816346081e-17 
  556       3.451566274665e-10       1.199474928528e-12       1.123064068291e-12       0.000000000000e+00       5.031425461531e-14       1.171911075972e-15      -4.882685521949e-17 
  557       3.445721505828e-10       1.220837290806e-12       1.271208338315e-12       0.000000000000e+00       4.999147151728e-14       1.194911628798e-15      -5.921829812612e-17 
  558       3.439614174330e-10       1.242860406466e-12       1.416874578292e-12       0.000000000000e+00       4.967128214388e-14       1.218578674468e-15      -6.952134823634e-17 
  559       3.433247773209e-10       1.265540514548e-12       1.559951074476e-12       0.000000000000e+00       4.935364895391e-14       1.242884176323e-15      -7.973486108427e-17 
  560       3.426625868281e-10       1.288873734319e-12       1.700324880816e-12       0.000000000000e+00       4.903853332870e-14       1.267799630794e-15      -8.985769170808e-17 
  561       3.419752098487e-10       1.312856064652e-12       1.837881814059e-12       0.000000000000e+00       4.872589556626e-14       1.293296065231e-15      -9.988869467565e-17 
  562       3.412630176248e-10       1.337483383396e-12       1.972506448850e-12       0.000000000000e+00       4.841569487553e-14       1.319344035723e-15      -1.098267241102e-16 
  563       3.405263887813e-10       1.362751446756e-12       2.104082112840e-12       0.000000000000e+00       4.810788937049e-14       1.345913624928e-15      -1.196706337158e-16 
  564       3.397657093614e-10       1.388655888659e-12       2.232490881787e-12       0.000000000000e+00       4.780243606438e-14       1.372974439896e-15      -1.294192768032e-16 
  565       3.389813728614e-10       1.415192220136e-12       2.357613574658e-12       0.000000000000e+00       4.749929086387e-14       1.400495609897e-15      -1.390715063153e-16 
  566       3.381737914419e-10       1.442354975672e-12       2.479344072954e-12       0.000000000000e+00       4.719841529085e-14       1.428448863972e-15      -1.486264111142e-16 
  567       3.373434298065e-10       1.470135129411e-12       2.597632693392e-12       0.000000000000e+00       4.689979684980e-14       1.456817855016e-15      -1.580840314704e-16 
  568       3.364907722637e-10       1.498522611245e-12       2.712443921385e-12       0.000000000000e+00       4.660342917291e-14       1.485589071276e-15      -1.674446620311e-16 
  569       3.356163116696e-10       1.527507152878e-12       2.823742188239e-12       0.000000000000e+00       4.630930533658e-14       1.514748777313e-15      -1.767086173384e-16 
  570       3.347205494670e-10       1.557078286875e-12       2.931491871620e-12       0.000000000000e+00       4.601741785812e-14       1.544283012976e-15      -1.858762319428e-16 
  571       3.338039957246e-10       1.587225345725e-12       3.035657296006e-12       0.000000000000e+00       4.572775869243e-14       1.574177592381e-15      -1.949478605175e-16 
  572       3.328671691765e-10       1.617937460892e-12       3.136202733149e-12       0.000000000000e+00       4.544031922869e-14       1.604418102887e-15      -2.039238779724e-16 
  573       3.319105972613e-10       1.649203561870e-12       3.233092402537e-12       0.000000000000e+00       4.515509028707e-14       1.634989904072e-15      -2.128046795675e-16 
  574       3.309348161616e-10       1.681012375240e-12       3.326290471850e-12       0.000000000000e+00       4.487206211542e-14       1.665878126713e-15      -2.215906810278e-16 
  575       3.299403708431e-10       1.713352423723e-12       3.415761057420e-12       0.000000000000e+00       4.459122438596e-14       1.697067671760e-15      -2.302823186563e-16 
  576       3.289278150944e-10       1.746212025239e-12       3.501468224693e-12       0.000000000000e+00       4.431256619198e-14       1.728543209317e-15      -2.388800494487e-16 
  577       3.278977115655e-10       1.779579291956e-12       3.583375988685e-12       0.000000000000e+00       4.403607604454e-14       1.760289177615e-15      -2.473843512069e-16 
  578       3.268506318078e-10       1.813442129353e-12       3.661448314441e-12       0.000000000000e+00       4.376174186912e-14       1.792289781992e-15      -2.557957226533e-16 
  579       3.257871563131e-10       1.847788235270e-12       3.735649117499e-12       0.000000000000e+00       4.348955100240e-14       1.824528993869e-15      -2.641146835445e-16 
  580       3.247078745531e-10       1.882605098962e-12       3.805942264344e-12       0.000000000000e+00       4.321949018888e-14       1.856990549728e-15      -2.723417747853e-16 
  581       3.236133850184e-10       1.917880000160e-12       3.872291572870e-12       0.000000000000e+00       4.295154557759e-14       1.889657950089e-15      -2.804775585430e-16 
  582       3.225042952580e-10       1.953600008120e-12       3.934660812840e-12       0.000000000000e+00       4.268570271880e-14       1.922514458484e-15      -2.885226183607e-16 
  583       3.213812219187e-10       1.989751980685e-12       3.993013706345e-12       0.000000000000e+00       4.242194656074e-14       1.955543100441e-15      -2.964775592720e-16 
  584       3.202447907842e-10       2.026322563332e-12       4.047313928260e-12       0.000000000000e+00       4.216026144621e-14       1.988726662454e-15      -3.043430079146e-16 
  585       3.190956368147e-10       2.063298188234e-12       4.097525106708e-12       0.000000000000e+00       4.190063110936e-14       2.022047690965e-15      -3.121196126441e-16 
  586       3.179344041858e-10       2.100665073312e-12       4.143610823518e-12       0.000000000000e+00       4.164303867236e-14       2.055488491339e-15      -3.198080436482e-16 
  587       3.167617463282e-10       2.138409221292e-12       4.185534614682e-12       0.000000000000e+00       4.138746664206e-14       2.089031126840e-15      -3.274089930609e-16 
  588       3.155783259666e-10       2.176516418759e-12       4.223259970819e-12       0.000000000000e+00       4.113389690673e-14       2.122657417614e-15      -3.349231750757e-16 
  589       3.143848151596e-10       2.214972235210e-12       4.256750337627e-12       0.000000000000e+00       4.088231073273e-14       2.156348939656e-15      -3.423513260606e-16 
  590       3.131818953383e-10       2.253762022115e-12       4.285969116352e-12       0.000000000000e+00       4.063268876121e-14       2.190087023799e-15      -3.496942046711e-16 
  591       3.119702573462e-10       2.292870911967e-12       4.310879664239e-12       0.000000000000e+00       4.038501100480e-14       2.223852754682e-15      -3.569525919648e-16 
  592       3.107506014782e-10       2.332283817341e-12       4.331445294995e-12       0.000000000000e+00       4.013925684432e-14       2.257626969730e-15      -3.641272915150e-16 
  593       3.095236375199e-10       2.371985429944e-12       4.347629279248e-12       0.000000000000e+00       3.989540502545e-14       2.291390258134e-15      -3.712191295249e-16 
  594       3.082900847871e-10       2.411960219677e-12       4.359394845008e-12       0.000000000000e+00       3.965343365545e-14       2.325122959824e-15      -3.782289549414e-16 
  595       3.070506721650e-10       2.452192433685e-12       4.366705178122e-12       0.000000000000e+00       3.941332019984e-14       2.358805164448e-15      -3.851576395693e-16 
  596       3.058061381474e-10       2.492666095414e-12       4.369523422739e-12       0.000000000000e+00       3.917504147909e-14       2.392416710350e-15      -3.920060781850e-16 
  597       3.045572308762e-10       2.533365003666e-12       4.367812681763e-12       0.000000000000e+00       3.893857366533e-14       2.425937183545e-15      -3.987751886506e-16 
  598       3.033047081805e-10       2.574272731657e-12       4.361536017318e-12       0.000000000000e+00       3.870389227903e-14       2.459345916699e-15      -4.054659120277e-16 
  599       3.020493376162e-10       2.615372626066e-12       4.350656451205e-12       0.000000000000e+00       3.847097218571e-14       2.492621988104e-15      -4.120792126916e-16 
  600       3.007918965049e-10       2.656647806096e-12       4.335136965360e-12       0.000000000000e+00       3.823978759261e-14       2.525744220654e-15      -4.186160784453e-16 
  601       2.995331719738e-10       2.698081162528e-12       4.314940502317e-12       0.000000000000e+00       3.801031204542e-14       2.558691180827e-15      -4.250775206331e-16 
  602       2.982739609944e-10       2.739655356772e-12       4.290029965663e-12       0.000000000000e+00       3.778251842493e-14       2.591441177658e-15      -4.314645742549e-16 
  603       2.970150704220e-10       2.781352819929e-12       4.260368220501e-12       0.000000000000e+00       3.755637894377e-14       2.623972261715e-15      -4.377782980800e-16 
  604       2.957573170353e-10       2.823155751841e-12       4.225918093907e-12       0.000000000000e+00       3.733186514306e-14       2.656262224082e-15      -4.440197747613e-16 
  605       2.945014639567e-10       2.865046948958e-12       4.186653760311e-12       0.000000000000e+00       3.710895209351e-14       2.688293134153e-15      -4.501897701758e-16 
  606       2.932480281540e-10       2.907012311741e-12       4.142595197808e-12       0.000000000000e+00       3.688763111632e-14       2.720065075115e-15      -4.562877022070e-16 
  607       2.919974683816e-10       2.949038395764e-12       4.093774562434e-12       0.000000000000e+00       3.666789736204e-14       2.751582737187e-15      -4.623126473571e-16 
  608       2.907502483972e-10       2.991111587707e-12       4.040224882524e-12       0.000000000000e+00       3.644974563198e-14       2.782850909194e-15      -4.682636792747e-16 
  609       2.895068369814e-10       3.033218104673e-12       3.981980062889e-12       0.000000000000e+00       3.623317037634e-14       2.813874479030e-15      -4.741398687577e-16 
  610       2.882677079553e-10       3.075343993518e-12       3.919074889008e-12       0.000000000000e+00       3.601816569224e-14       2.844658434119e-15      -4.799402837550e-16 
  611       2.870333401992e-10       3.117475130180e-12       3.851545031212e-12       0.000000000000e+00       3.580472532178e-14       2.875207861879e-15      -4.856639893698e-16 
  612       2.858042176715e-10       3.159597219002e-12       3.779427048868e-12       0.000000000000e+00       3.559284265014e-14       2.905527950187e-15      -4.913100478613e-16 
  613       2.845808294264e-10       3.201695792059e-12       3.702758394569e-12       0.000000000000e+00       3.538251070365e-14       2.935623987838e-15      -4.968775186475e-16 
  614       2.833636696333e-10       3.243756208487e-12       3.621577418313e-12       0.000000000000e+00       3.517372214784e-14       2.965501365008e-15      -5.023654583076e-16 
  615       2.821532375946e-10       3.285763653807e-12       3.535923371695e-12       0.000000000000e+00       3.496646928552e-14       2.995165573721e-15      -5.077729205843e-16 
  616       2.809500377644e-10       3.327703139251e-12       3.445836412089e-12       0.000000000000e+00       3.476074405484e-14       3.024622208307e-15      -5.130989563865e-16 
  617       2.797545797671e-10       3.369559501090e-12       3.351357606837e-12       0.000000000000e+00       3.455653802739e-14       3.053876965867e-15      -5.183426137912e-16 
  618       2.785673784157e-10       3.411317399963e-12       3.252528937430e-12       0.000000000000e+00       3.435384240626e-14       3.082935646735e-15      -5.235029380466e-16 
  619       2.773889537304e-10       3.452961320197e-12       3.149393303697e-12       0.000000000000e+00       3.415264802407e-14       3.111804154942e-15      -5.285789715739e-16 
  620       2.762198309570e-10       3.494475569140e-12       3.041994527993e-12       0.000000000000e+00       3.395294534110e-14       3.140488498676e-15      -5.335697539703e-16 
  621       2.750605405856e-10       3.535844276482e-12       2.930377359376e-12       0.000000000000e+00       3.375472444333e-14       3.168994790748e-15      -5.384743220108e-16 
  622       2.739116183688e-10       3.577051393587e-12       2.814587477805e-12       0.000000000000e+00       3.355797504050e-14       3.197329249054e-15      -5.432917096513e-16 
  623       2.727736053404e-10       3.618080692815e-12       2.694671498313e-12       0.000000000000e+00       3.336268646423e-14       3.225498197035e-15      -5.480209480306e-16 
  624       2.716470478336e-10       3.658915766850e-12       2.570676975204e-12       0.000000000000e+00       3.316884766600e-14       3.253508064143e-15      -5.526610654728e-16 
  625       2.705324975000e-10       3.699540028029e-12       2.442652406229e-12       0.000000000000e+00       3.297644721534e-14       3.281365386303e-15      -5.572110874900e-16 
  626       2.694305113274e-10       3.739936707662e-12       2.310647236781e-12       0.000000000000e+00       3.278547329779e-14       3.309076806373e-15      -5.616700367844e-16 
  627       2.683416516590e-10       3.780088855367e-12       2.174711864072e-12       0.000000000000e+00       3.259591371304e-14       3.336649074613e-15      -5.660369332512e-16 
  628       2.672664862114e-10       3.819979338390e-12       2.034897641324e-12       0.000000000000e+00       3.240775587297e-14       3.364089049139e-15      -5.703107939806e-16 
  629       2.662055880931e-10       3.859590840933e-12       1.891256881955e-12       0.000000000000e+00       3.222098679974e-14       3.391403696395e-15      -5.744906332602e-16 
  630       2.651595358234e-10       3.898905863484e-12       1.743842863760e-12       0.000000000000e+00       3.203559312383e-14       3.418600091608e-15      -5.785754625778e-16 
  631       2.641289133503e-10       3.937906722137e-12       1.592709833102e-12       0.000000000000e+00       3.185156108215e-14       3.445685419256e-15      -5.825642906236e-16 
  632       2.631143100694e-10       3.976575547925e-12       1.437913009094e-12       0.000000000000e+00       3.166887651608e-14       3.472666973527e-15      -5.864561232926e-16 
  633       2.621163208424e-10       4.014894286142e-12       1.279508587789e-12       0.000000000000e+00       3.148752486956e-14       3.499552158786e-15      -5.902499636870e-16 
  634       2.611355460152e-10       4.052844695673e-12       1.117553746359e-12       0.000000000000e+00       3.130749118714e-14       3.526348490032e-15      -5.939448121189e-16 
  635       2.601725914368e-10       4.090408348316e-12       9.521066472867e-13       0.000000000000e+00       3.112876011207e-14       3.553063593367e-15      -5.975396661123e-16 
  636       2.592280684777e-10       4.127566628113e-12       7.832264425494e-13       0.000000000000e+00       3.095131588437e-14       3.579705206455e-15      -6.010335204061e-16 
  637       2.583025940481e-10       4.164300730675e-12       6.109732778037e-13       0.000000000000e+00       3.077514233888e-14       3.606281178983e-15      -6.044253669558e-16 
  638       2.573967906168e-10       4.200591662507e-12       4.354082965718e-13       0.000000000000e+00       3.060022290335e-14       3.632799473130e-15      -6.077141949365e-16 
  639       2.565112862294e-10       4.236420240335e-12       2.565936444276e-13       0.000000000000e+00       3.042654059652e-14       3.659268164025e-15      -6.108989907451e-16 
  640       2.556467145267e-10       4.271767090436e-12       7.459247318186e-14       0.000000000000e+00       3.025407802614e-14       3.685695440207e-15      -6.139787380030e-16 
  641       2.548037147636e-10       4.306612647959e-12      -1.105310549316e-13       0.000000000000e+00       3.008281738711e-14       3.712089604098e-15      -6.169524175579e-16 
  642       2.539829318273e-10       4.340937156254e-12      -2.987117630708e-13       0.000000000000e+00       2.991274045951e-14       3.738459072453e-15      -6.198190074870e-16 
  643       2.531850162557e-10       4.374720666201e-12      -4.898834555992e-13       0.000000000000e+00       2.974382860667e-14       3.764812376833e-15      -6.225774830987e-16 
  644       2.524105350308e-10       4.407945147497e-12      -6.839772377499e-13       0.000000000000e+00       2.957606542298e-14       3.791155512085e-15      -6.252271376215e-16 
  645       2.516597017049e-10       4.440600876354e-12      -8.809164413442e-13       0.000000000000e+00       2.940944474695e-14       3.817483914989e-15      -6.277685522305e-16 
  646       2.509326402033e-10       4.472680191024e-12      -1.080621575964e-12       0.000000000000e+00       2.924396282571e-14       3.843790305002e-15      -6.302026479773e-16 
  647       2.502294734898e-10       4.504175392863e-12      -1.283011990045e-12       0.000000000000e+00       2.907961568045e-14       3.870067319499e-15      -6.325303671867e-16 
  648       2.495503235593e-10       4.535078746263e-12      -1.488005866210e-12       0.000000000000e+00       2.891639910532e-14       3.896307513470e-15      -6.347526735513e-16 
  649       2.488953114305e-10       4.565382478593e-12      -1.695520216592e-12       0.000000000000e+00       2.875430866627e-14       3.922503359212e-15      -6.368705522271e-16 
  650       2.482645571384e-10       4.595078780130e-12      -1.905470878174e-12       0.000000000000e+00       2.859333969984e-14       3.948647246034e-15      -6.388850099283e-16 
  651       2.476581797272e-10       4.624159804002e-12      -2.117772508111e-12       0.000000000000e+00       2.843348731202e-14       3.974731479947e-15      -6.407970750222e-16 
  652       2.470762972433e-10       4.652617666120e-12      -2.332338579062e-12       0.000000000000e+00       2.827474637710e-14       4.000748283361e-15      -6.426077976246e-16 
  653       2.465190267274e-10       4.680444445116e-12      -2.549081374523e-12       0.000000000000e+00       2.811711153650e-14       4.026689794785e-15      -6.443182496948e-16 
  654       2.459864842075e-10       4.707632182279e-12      -2.767911984156e-12       0.000000000000e+00       2.796057719757e-14       4.052548068522e-15      -6.459295251306e-16 
  655       2.454787846919e-10       4.734172881495e-12      -2.988740299114e-12       0.000000000000e+00       2.780513753249e-14       4.078315074365e-15      -6.474427398633e-16 
  656       2.449960421613e-10       4.760058509178e-12      -3.211475007380e-12       0.000000000000e+00       2.765078647705e-14       4.103982697293e-15      -6.488590319528e-16 
  657       2.445383695622e-10       4.785280994212e-12      -3.436023589089e-12       0.000000000000e+00       2.749751772951e-14       4.129542737170e-15      -6.501795616829e-16 
  658       2.441058787988e-10       4.809832227883e-12      -3.662292311863e-12       0.000000000000e+00       2.734532474945e-14       4.154986908439e-15      -6.514055116561e-16 
  659       2.436986807267e-10       4.833704063820e-12      -3.890186226138e-12       0.000000000000e+00       2.719420075656e-14       4.180306839821e-15      -6.525380868887e-16 
  660       2.433168851445e-10       4.856888317928e-12      -4.119609160498e-12       0.000000000000e+00       2.704413872954e-14       4.205494074009e-15      -6.535785149062e-16 
  661       2.429606007875e-10       4.879376768327e-12      -4.350463717000e-12       0.000000000000e+00       2.689513140489e-14       4.230540067368e-15      -6.545280458377e-16 
  662       2.426299353199e-10       4.901161155288e-12      -4.582651266508e-12       0.000000000000e+00       2.674717127573e-14       4.255436189629e-15      -6.553879525119e-16 
  663       2.423249953275e-10       4.922233181167e-12      -4.816071944021e-12       0.000000000000e+00       2.660025059071e-14       4.280173723584e-15      -6.561595305511e-16 
  664       2.420458863104e-10       4.942584510348e-12      -5.050624644005e-12       0.000000000000e+00       2.645436135278e-14       4.304743864788e-15      -6.568440984672e-16 
  665       2.417927126762e-10       4.962206769172e-12      -5.286207015719e-12       0.000000000000e+00       2.630949531803e-14       4.329137721251e-15      -6.574429977562e-16 
  666       2.415655777319e-10       4.981091545879e-12      -5.522715458553e-12       0.000000000000e+00       2.616564399458e-14       4.353346313137e-15      -6.579575929937e-16 
  667       2.413645836773e-10       4.999230390543e-12      -5.760045117347e-12       0.000000000000e+00       2.602279864134e-14       4.377360572458e-15      -6.583892719296e-16 
  668       2.411898315974e-10       5.016614815007e-12      -5.998089877732e-12       0.000000000000e+00       2.588095026690e-14       4.401171342774e-15      -6.587394455831e-16 
  669       2.410414214550e-10       5.033236292824e-12      -6.236742361453e-12       0.000000000000e+00       2.574008962837e-14       4.424769378888e-15      -6.590095483384e-16 
  670       2.409194520836e-10       5.049086259187e-12      -6.475893921700e-12       0.000000000000e+00       2.560020723018e-14       4.448145346542e-15      -6.592010380391e-16 
  671       2.408240211804e-10       5.064156110873e-12      -6.715434638442e-12       0.000000000000e+00       2.546129332292e-14       4.471289822113e-15      -6.593153960835e-16 
  672       2.407552252982e-10       5.078437206174e-12      -6.955253313753e-12       0.000000000000e+00       2.532333790221e-14       4.494193292312e-15      -6.593541275197e-16 
  673       2.407131598388e-10       5.091920864836e-12      -7.195237467142e-12       0.000000000000e+00       2.518633070750e-14       4.516846153880e-15      -6.593187611409e-16 
  674       2.406979190456e-10       5.104598367995e-12      -7.435273330888e-12       0.000000000000e+00       2.505026122095e-14       4.539238713283e-15      -6.592108495800e-16 
  675       2.407095959961e-10       5.116460958114e-12      -7.675245845363e-12       0.000000000000e+00       2.491511866619e-14       4.561361186411e-15      -6.590319694049e-16 
  676       2.407482825946e-10       5.127499838921e-12      -7.915038654367e-12       0.000000000000e+00       2.478089200726e-14       4.583203698270e-15      -6.587837212138e-16 
  677       2.408140695652e-10       5.137706175341e-12      -8.154534100459e-12       0.000000000000e+00       2.464756994734e-14       4.604756282686e-15      -6.584677297298e-16 
  678       2.409070464442e-10       5.147071093440e-12      -8.393613220280e-12       0.000000000000e+00       2.451514092766e-14       4.626008881994e-15      -6.580856438964e-16 
  679       2.410273015731e-10       5.155585680353e-12      -8.632155739892e-12       0.000000000000e+00       2.438359312631e-14       4.646951346741e-15      -6.576391369722e-16 
  680       2.411749220911e-10       5.163240984228e-12      -8.870040070101e-12       0.000000000000e+00       2.425291445708e-14       4.667573435376e-15      -6.571299066265e-16 
  681       2.413499939276e-10       5.170028014159e-12      -9.107143301793e-12       0.000000000000e+00       2.412309256829e-14       4.687864813955e-15      -6.565596750337e-16 
  682       2.415526017956e-10       5.175937740123e-12      -9.343341201259e-12       0.000000000000e+00       2.399411484162e-14       4.707815055828e-15      -6.559301889689e-16 
  683       2.417827707103e-10       5.180963216811e-12      -9.578516991339e-12       0.000000000000e+00       2.386597014033e-14       4.727415309400e-15      -6.552429091187e-16 
  684       2.420402891923e-10       5.185106005008e-12      -9.812587910006e-12       0.000000000000e+00       2.373865409706e-14       4.746663341058e-15      -6.544980705437e-16 
  685       2.423248822764e-10       5.188369887156e-12      -1.004547920945e-11       0.000000000000e+00       2.361216393658e-14       4.765558599287e-15      -6.536956023492e-16 
  686       2.426362696210e-10       5.190758756356e-12      -1.027711541922e-11       0.000000000000e+00       2.348649673595e-14       4.784100556486e-15      -6.528354366680e-16 
  687       2.429741654857e-10       5.192276616845e-12      -1.050742034375e-11       0.000000000000e+00       2.336164942379e-14       4.802288709088e-15      -6.519175086761e-16 
  688       2.433382787091e-10       5.192927584484e-12      -1.073631706001e-11       0.000000000000e+00       2.323761877959e-14       4.820122577694e-15      -6.509417566074e-16 
  689       2.437283126865e-10       5.192715887237e-12      -1.096372791509e-11       0.000000000000e+00       2.311440143297e-14       4.837601707190e-15      -6.499081217694e-16 
  690       2.441439653475e-10       5.191645865653e-12      -1.118957452371e-11       0.000000000000e+00       2.299199386298e-14       4.854725666876e-15      -6.488165485581e-16 
  691       2.445849291336e-10       5.189721973351e-12      -1.141377776591e-11       0.000000000000e+00       2.287039239737e-14       4.871494050591e-15      -6.476669844737e-16 
  692       2.450508909761e-10       5.186948777498e-12      -1.163625778458e-11       0.000000000000e+00       2.274959321191e-14       4.887906476839e-15      -6.464593801353e-16 
  693       2.455415322737e-10       5.183330959294e-12      -1.185693398303e-11       0.000000000000e+00       2.262959232963e-14       4.903962588908e-15      -6.451936892964e-16 
  694       2.460565288703e-10       5.178873314453e-12      -1.207572502262e-11       0.000000000000e+00       2.251038562015e-14       4.919662055005e-15      -6.438698688602e-16 
  695       2.465955510324e-10       5.173580753688e-12      -1.229254882034e-11       0.000000000000e+00       2.239196879892e-14       4.935004568372e-15      -6.424878788948e-16 
  696       2.471582634270e-10       5.167458303188e-12      -1.250732254638e-11       0.000000000000e+00       2.227433742654e-14       4.949989847416e-15      -6.410476826484e-16 
  697       2.477443250993e-10       5.160511105104e-12      -1.271996262170e-11       0.000000000000e+00       2.215748690805e-14       4.964617635833e-15      -6.395492465644e-16 
  698       2.483533894504e-10       5.152744418030e-12      -1.293038471566e-11       0.000000000000e+00       2.204141249217e-14       4.978887702734e-15      -6.379925402971e-16 
  699       2.489851042149e-10       5.144163617488e-12      -1.313850374360e-11       0.000000000000e+00       2.192610927064e-14       4.992799842766e-15      -6.363775367263e-16 
  700       2.496391114384e-10       5.134774196403e-12      -1.334423386439e-11       0.000000000000e+00       2.181157217747e-14       5.006353876244e-15      -6.347042119732e-16 
  701       2.503150474558e-10       5.124581765594e-12      -1.354748847804e-11       0.000000000000e+00       2.169779598822e-14       5.019549649269e-15      -6.329725454151e-16 
  702       2.510125428684e-10       5.113592054249e-12      -1.374818022331e-11       0.000000000000e+00       2.158477531934e-14       5.032387033857e-15      -6.311825197011e-16 
  703       2.517312225217e-10       5.101810910411e-12      -1.394622097524e-11       0.000000000000e+00       2.147250462739e-14       5.044865928065e-15      -6.293341207667e-16 
  704       2.524707054834e-10       5.089244301460e-12      -1.414152184281e-11       0.000000000000e+00       2.136097820835e-14       5.056986256113e-15      -6.274273378499e-16 
  705       2.532306050207e-10       5.075898314595e-12      -1.433399316645e-11       0.000000000000e+00       2.125019019692e-14       5.068747968510e-15      -6.254621635057e-16 
  706       2.540105285782e-10       5.061779157313e-12      -1.452354451570e-11       0.000000000000e+00       2.114013456579e-14       5.080151042180e-15      -6.234385936219e-16 
  707       2.548100777557e-10       5.046893157897e-12      -1.471008468673e-11       0.000000000000e+00       2.103080512493e-14       5.091195480589e-15      -6.213566274337e-16 
  708       2.556288482854e-10       5.031246765893e-12      -1.489352169998e-11       0.000000000000e+00       2.092219552087e-14       5.101881313863e-15      -6.192162675396e-16 
  709       2.564664300103e-10       5.014846552594e-12      -1.507376279770e-11       0.000000000000e+00       2.081429923599e-14       5.112208598922e-15      -6.170175199164e-16 
  710       2.573224068614e-10       4.997699211525e-12      -1.525071444160e-11       0.000000000000e+00       2.070710958781e-14       5.122177419598e-15      -6.147603939341e-16 
  711       2.581963568353e-10       4.979811558919e-12      -1.542428231036e-11       0.000000000000e+00       2.060061972827e-14       5.131787886766e-15      -6.124449023718e-16 
  712       2.590878519723e-10       4.961190534205e-12      -1.559437129728e-11       0.000000000000e+00       2.049482264300e-14       5.141040138462e-15      -6.100710614324e-16 
  713       2.599964583339e-10       4.941843200488e-12      -1.576088550783e-11       0.000000000000e+00       2.038971115065e-14       5.149934340016e-15      -6.076388907580e-16 
  714       2.609217359804e-10       4.921776745030e-12      -1.592372825726e-11       0.000000000000e+00       2.028527790212e-14       5.158470684171e-15      -6.051484134452e-16 
  715       2.618632389487e-10       4.900998479734e-12      -1.608280206816e-11       0.000000000000e+00       2.018151537990e-14       5.166649391210e-15      -6.025996560605e-16 
  716       2.628205152300e-10       4.879515841625e-12      -1.623800866808e-11       0.000000000000e+00       2.007841589729e-14       5.174470709083e-15      -5.999926486549e-16 
  717       2.637931067472e-10       4.857336393334e-12      -1.638924898710e-11       0.000000000000e+00       1.997597159776e-14       5.181934913529e-15      -5.973274247802e-16 
  718       2.647805493331e-10       4.834467823576e-12      -1.653642315539e-11       0.000000000000e+00       1.987417445418e-14       5.189042308202e-15      -5.946040215031e-16 
  719       2.657823727078e-10       4.810917947638e-12      -1.667943050085e-11       0.000000000000e+00       1.977301626813e-14       5.195793224799e-15      -5.918224794212e-16 
  720       2.667981004563e-10       4.786694707857e-12      -1.681816954666e-11       0.000000000000e+00       1.967248866917e-14       5.202188023180e-15      -5.889828426782e-16 
  721       2.678272500063e-10       4.761806174103e-12      -1.695253800889e-11       0.000000000000e+00       1.957258311415e-14       5.208227091497e-15      -5.860851589786e-16 
  722       2.688693365646e-10       4.736261337353e-12      -1.708244647261e-11       0.000000000000e+00       1.947329203052e-14       5.213911444207e-15      -5.831295999053e-16 
  723       2.699238850580e-10       4.710072507019e-12      -1.720785972832e-11       0.000000000000e+00       1.937461227311e-14       5.219244529113e-15      -5.801168245058e-16 
  724       2.709904183895e-10       4.683252962998e-12      -1.732875626575e-11       0.000000000000e+00       1.927654173580e-14       5.224230457072e-15      -5.770476230801e-16 
  725       2.720684534798e-10       4.655816167632e-12      -1.744511467161e-11       0.000000000000e+00       1.917907821328e-14       5.228873407673e-15      -5.739227975869e-16 
  726       2.731575012462e-10       4.627775766369e-12      -1.755691363035e-11       0.000000000000e+00       1.908221940066e-14       5.233177629501e-15      -5.707431616865e-16 
  727       2.742570665813e-10       4.599145588432e-12      -1.766413192490e-11       0.000000000000e+00       1.898596289296e-14       5.237147440396e-15      -5.675095407838e-16 
  728       2.753666483309e-10       4.569939647479e-12      -1.776674843737e-11       0.000000000000e+00       1.889030618473e-14       5.240787227720e-15      -5.642227720712e-16 
  729       2.764857392737e-10       4.540172142271e-12      -1.786474214982e-11       0.000000000000e+00       1.879524666951e-14       5.244101448616e-15      -5.608837045713e-16 
  730       2.776138260989e-10       4.509857457334e-12      -1.795809214495e-11       0.000000000000e+00       1.870078163947e-14       5.247094630272e-15      -5.574931991802e-16 
  731       2.787503893853e-10       4.479010163624e-12      -1.804677760687e-11       0.000000000000e+00       1.860690828488e-14       5.249771370185e-15      -5.540521287097e-16 
  732       2.798949035798e-10       4.447645019195e-12      -1.813077782180e-11       0.000000000000e+00       1.851362369371e-14       5.252136336419e-15      -5.505613779311e-16 
  733       2.810468369762e-10       4.415776969857e-12      -1.821007217883e-11       0.000000000000e+00       1.842092485115e-14       5.254194267874e-15      -5.470218436173e-16 
  734       2.822056516932e-10       4.383421149847e-12      -1.828464017062e-11       0.000000000000e+00       1.832880863919e-14       5.255949974543e-15      -5.434344345861e-16 
  735       2.833708036538e-10       4.350592882488e-12      -1.835446139416e-11       0.000000000000e+00       1.823727183612e-14       5.257408337775e-15      -5.398000717432e-16 
  736       2.845417425633e-10       4.317307680859e-12      -1.841951555148e-11       0.000000000000e+00       1.814631111613e-14       5.258574310541e-15      -5.361196881245e-16 
  737       2.857179118880e-10       4.283581248453e-12      -1.847978245040e-11       0.000000000000e+00       1.805592304882e-14       5.259452917695e-15      -5.323942289400e-16 
  738       2.868987488341e-10       4.249429479849e-12      -1.853524200524e-11       0.000000000000e+00       1.796610409878e-14       5.260049256235e-15      -5.286246516155e-16 
  739       2.880836843261e-10       4.214868461369e-12      -1.858587423757e-11       0.000000000000e+00       1.787685062509e-14       5.260368495566e-15      -5.248119258366e-16 
  740       2.892721429851e-10       4.179914471748e-12      -1.863165927693e-11       0.000000000000e+00       1.778815888094e-14       5.260415877765e-15      -5.209570335908e-16 
  741       2.904635431081e-10       4.144583982796e-12      -1.867257736157e-11       0.000000000000e+00       1.770002501311e-14       5.260196717839e-15      -5.170609692109e-16 
  742       2.916572966460e-10       4.108893660064e-12      -1.870860883918e-11       0.000000000000e+00       1.761244506155e-14       5.259716403992e-15      -5.131247394176e-16 
  743       2.928528091823e-10       4.072860363506e-12      -1.873973416760e-11       0.000000000000e+00       1.752541495894e-14       5.258980397886e-15      -5.091493633624e-16 
  744       2.940494799119e-10       4.036501148146e-12      -1.876593391559e-11       0.000000000000e+00       1.743893053021e-14       5.257994234901e-15      -5.051358726709e-16 
  745       2.952467016196e-10       3.999833264741e-12      -1.878718876353e-11       0.000000000000e+00       1.735298749211e-14       5.256763524402e-15      -5.010853114850e-16 
  746       2.964438606588e-10       3.962874160446e-12      -1.880347950416e-11       0.000000000000e+00       1.726758145275e-14       5.255293949998e-15      -4.969987365065e-16 
  747       2.976403369296e-10       3.925641479481e-12      -1.881478704333e-11       0.000000000000e+00       1.718270791114e-14       5.253591269805e-15      -4.928772170395e-16 
  748       2.988355038583e-10       3.888153063788e-12      -1.882109240068e-11       0.000000000000e+00       1.709836225675e-14       5.251661316711e-15      -4.887218350337e-16 
  749       3.000287283752e-10       3.850426953706e-12      -1.882237671044e-11       0.000000000000e+00       1.701453976908e-14       5.249509998636e-15      -4.845336851268e-16 
  750       3.012193708934e-10       3.812481388626e-12      -1.881862122212e-11       0.000000000000e+00       1.693123561715e-14       5.247143298795e-15      -4.803138746879e-16 
  751       3.024067852878e-10       3.774334807662e-12      -1.880980730122e-11       0.000000000000e+00       1.684844485910e-14       5.244567275961e-15      -4.760635238601e-16 
  752       3.035903188731e-10       3.736005850311e-12      -1.879591643003e-11       0.000000000000e+00       1.676616244172e-14       5.241788064728e-15      -4.717837656034e-16 
  753       3.047693123829e-10       3.697513357122e-12      -1.877693020830e-11       0.000000000000e+00       1.668438320000e-14       5.238811875771e-15      -4.674757457378e-16 
  754       3.059430999478e-10       3.658876370355e-12      -1.875283035400e-11       0.000000000000e+00       1.660310185668e-14       5.235644996112e-15      -4.631406229860e-16 
  755       3.071110090747e-10       3.620114134651e-12      -1.872359870402e-11       0.000000000000e+00       1.652231302178e-14       5.232293789380e-15      -4.587795690163e-16 
  756       3.082723606247e-10       3.581246097694e-12      -1.868921721496e-11       0.000000000000e+00       1.644201119220e-14       5.228764696076e-15      -4.543937684856e-16 
  757       3.094264687919e-10       3.542291910874e-12      -1.864966796379e-11       0.000000000000e+00       1.636219075119e-14       5.225064233831e-15      -4.499844190825e-16 
  758       3.105726410824e-10       3.503271429953e-12      -1.860493314866e-11       0.000000000000e+00       1.628284596798e-14       5.221198997675e-15      -4.455527315695e-16 
  759       3.117101782923e-10       3.464204715731e-12      -1.855499508955e-11       0.000000000000e+00       1.620397099727e-14       5.217175660293e-15      -4.410999298267e-16 
  760       3.128383744868e-10       3.425112034708e-12      -1.849983622906e-11       0.000000000000e+00       1.612555987880e-14       5.213000972292e-15      -4.366272508943e-16 
  761       3.139565750664e-10       3.386012789899e-12      -1.843944939339e-11       0.000000000000e+00       1.604760731638e-14       5.208679641977e-15      -4.321357760272e-16 
  762       3.150643522311e-10       3.346922289451e-12      -1.837386878960e-11       0.000000000000e+00       1.597011103225e-14       5.204207929579e-15      -4.276259202205e-16 
  763       3.161613328377e-10       3.307854917397e-12      -1.830313960401e-11       0.000000000000e+00       1.589306945694e-14       5.199579930751e-15      -4.230979329837e-16 
  764       3.172471406069e-10       3.268825198337e-12      -1.822730779860e-11       0.000000000000e+00       1.581648095362e-14       5.194789685755e-15      -4.185520664499e-16 
  765       3.183213961139e-10       3.229847797887e-12      -1.814642011389e-11       0.000000000000e+00       1.574034381779e-14       5.189831179282e-15      -4.139885753841e-16 
  766       3.193837167794e-10       3.190937523112e-12      -1.806052407174e-11       0.000000000000e+00       1.566465627699e-14       5.184698340276e-15      -4.094077171911e-16 
  767       3.204337168597e-10       3.152109322978e-12      -1.796966797825e-11       0.000000000000e+00       1.558941649050e-14       5.179385041762e-15      -4.048097519233e-16 
  768       3.214710074379e-10       3.113378288791e-12      -1.787390092661e-11       0.000000000000e+00       1.551462254909e-14       5.173885100664e-15      -4.001949422886e-16 
  769       3.224951964139e-10       3.074759654641e-12      -1.777327279994e-11       0.000000000000e+00       1.544027247468e-14       5.168192277634e-15      -3.955635536584e-16 
  770       3.235058884954e-10       3.036268797843e-12      -1.766783427415e-11       0.000000000000e+00       1.536636422008e-14       5.162300276870e-15      -3.909158540757e-16 
  771       3.245026851887e-10       2.997921239386e-12      -1.755763682078e-11       0.000000000000e+00       1.529289566870e-14       5.156202745946e-15      -3.862521142627e-16 
  772       3.254851847887e-10       2.959732644367e-12      -1.744273270991e-11       0.000000000000e+00       1.521986463424e-14       5.149893275632e-15      -3.815726076289e-16 
  773       3.264529823700e-10       2.921718822444e-12      -1.732317501292e-11       0.000000000000e+00       1.514726886041e-14       5.143365399715e-15      -3.768776102790e-16 
  774       3.274056697776e-10       2.883895728272e-12      -1.719901760544e-11       0.000000000000e+00       1.507510602066e-14       5.136612594831e-15      -3.721674010209e-16 
  775       3.283428356170e-10       2.846279461948e-12      -1.707031517015e-11       0.000000000000e+00       1.500337371784e-14       5.129628280279e-15      -3.674422613735e-16 
  776       3.292640652455e-10       2.808886269456e-12      -1.693712319965e-11       0.000000000000e+00       1.493206948397e-14       5.122405817854e-15      -3.627024755747e-16 
  777       3.301689407621e-10       2.771732543107e-12      -1.679949799931e-11       0.000000000000e+00       1.486119077990e-14       5.114938511662e-15      -3.579483305894e-16 
  778       3.310570409988e-10       2.734834821987e-12      -1.665749669012e-11       0.000000000000e+00       1.479073499506e-14       5.107219607950e-15      -3.531801161172e-16 
  779       3.319279415107e-10       2.698209792392e-12      -1.651117721157e-11       0.000000000000e+00       1.472069944714e-14       5.099242294927e-15      -3.483981246006e-16 
  780       3.327812145669e-10       2.661874288280e-12      -1.636059832446e-11       0.000000000000e+00       1.465108138179e-14       5.090999702588e-15      -3.436026512328e-16 
  781       3.336164291410e-10       2.625845291709e-12      -1.620581961381e-11       0.000000000000e+00       1.458187797239e-14       5.082484902540e-15      -3.387939939654e-16 
  782       3.344331509019e-10       2.590139933280e-12      -1.604690149166e-11       0.000000000000e+00       1.451308631968e-14       5.073690907820e-15      -3.339724535169e-16 
  783       3.352309422041e-10       2.554775492582e-12      -1.588390519996e-11       0.000000000000e+00       1.444470345153e-14       5.064610672725e-15      -3.291383333799e-16 
  784       3.360093620787e-10       2.519769398636e-12      -1.571689281341e-11       0.000000000000e+00       1.437672632263e-14       5.055237092633e-15      -3.242919398298e-16 
  785       3.367679662235e-10       2.485139230333e-12      -1.554592724234e-11       0.000000000000e+00       1.430915181419e-14       5.045563003825e-15      -3.194335819320e-16 
  786       3.375063069944e-10       2.450902716884e-12      -1.537107223550e-11       0.000000000000e+00       1.424197673366e-14       5.035581183313e-15      -3.145635715503e-16 
  787       3.382239333951e-10       2.417077738258e-12      -1.519239238300e-11       0.000000000000e+00       1.417519781443e-14       5.025284348660e-15      -3.096822233548e-16 
  788       3.389203910686e-10       2.383682325627e-12      -1.500995311911e-11       0.000000000000e+00       1.410881171558e-14       5.014665157803e-15      -3.047898548295e-16 
  789       3.395952222871e-10       2.350734661809e-12      -1.482382072511e-11       0.000000000000e+00       1.404281502151e-14       5.003716208883e-15      -2.998867862806e-16 
  790       3.402479659431e-10       2.318253081711e-12      -1.463406233217e-11       0.000000000000e+00       1.397720424173e-14       4.992430040061e-15      -2.949733408441e-16 
  791       3.408781575396e-10       2.286256072773e-12      -1.444074592421e-11       0.000000000000e+00       1.391197581052e-14       4.980799129345e-15      -2.900498444941e-16 
  792       3.414853291814e-10       2.254762275408e-12      -1.424394034074e-11       0.000000000000e+00       1.384712608667e-14       4.968815894415e-15      -2.851166260503e-16 
  793       3.420690095648e-10       2.223790483450e-12      -1.404371527968e-11       0.000000000000e+00       1.378265135318e-14       4.956472692446e-15      -2.801740171864e-16 
  794       3.426287239691e-10       2.193359644592e-12      -1.384014130029e-11       0.000000000000e+00       1.371854781694e-14       4.943761819930e-15      -2.752223524375e-16 
  795       3.431639942466e-10       2.163488860834e-12      -1.363328982597e-11       0.000000000000e+00       1.365481160849e-14       4.930675512501e-15      -2.702619692086e-16 
  796       3.436743388134e-10       2.134197388922e-12      -1.342323314712e-11       0.000000000000e+00       1.359143878169e-14       4.917205944758e-15      -2.652932077820e-16 
  797       3.441592726402e-10       2.105504640792e-12      -1.321004442401e-11       0.000000000000e+00       1.352842531346e-14       4.903345230092e-15      -2.603164113255e-16 
  798       3.446183072429e-10       2.077430184016e-12      -1.299379768964e-11       0.000000000000e+00       1.346576710346e-14       4.889085420505e-15      -2.553319259003e-16 
  799       3.450509506727e-10       2.049993742241e-12      -1.277456785256e-11       0.000000000000e+00       1.340345997384e-14       4.874418506434e-15      -2.503401004690e-16 
  800       3.454567820715e-10       2.023212885262e-12      -1.255243160516e-11       0.000000000000e+00       1.334150020080e-14       4.859339324660e-15      -2.453413956377e-16 
  801       3.458356768449e-10       1.997096052133e-12      -1.232747016081e-11       0.000000000000e+00       1.327988612080e-14       4.843854340524e-15      -2.403367120414e-16 
  802       3.461875855772e-10       1.971649401675e-12      -1.209976657230e-11       0.000000000000e+00       1.321861655307e-14       4.827973025548e-15      -2.353270679642e-16 
  803       3.465124598444e-10       1.946879111330e-12      -1.186940483395e-11       0.000000000000e+00       1.315769027023e-14       4.811704964228e-15      -2.303134911758e-16 
  804       3.468102522188e-10       1.922791377173e-12      -1.163646988469e-11       0.000000000000e+00       1.309710599805e-14       4.795059854412e-15      -2.252970189596e-16 
  805       3.470809162731e-10       1.899392413919e-12      -1.140104761102e-11       0.000000000000e+00       1.303686241528e-14       4.778047507660e-15      -2.202786981415e-16 
  806       3.473244065856e-10       1.876688454939e-12      -1.116322485007e-11       0.000000000000e+00       1.297695815347e-14       4.760677849616e-15      -2.152595851175e-16 
  807       3.475406787443e-10       1.854685752262e-12      -1.092308939262e-11       0.000000000000e+00       1.291739179674e-14       4.742960920377e-15      -2.102407458825e-16 
  808       3.477296893518e-10       1.833390576596e-12      -1.068072998614e-11       0.000000000000e+00       1.285816188163e-14       4.724906874859e-15      -2.052232560585e-16 
  809       3.478913960297e-10       1.812809217328e-12      -1.043623633776e-11       0.000000000000e+00       1.279926689690e-14       4.706525983169e-15      -2.002082009225e-16 
  810       3.480257574234e-10       1.792947982543e-12      -1.018969911737e-11       0.000000000000e+00       1.274070528333e-14       4.687828630967e-15      -1.951966754356e-16 
  811       3.481327332064e-10       1.773813199029e-12      -9.941209960576e-12       0.000000000000e+00       1.268247543353e-14       4.668825319842e-15      -1.901897842703e-16 
  812       3.482122840850e-10       1.755411212290e-12      -9.690861471763e-12       0.000000000000e+00       1.262457569175e-14       4.649526667674e-15      -1.851886418397e-16 
  813       3.482643718029e-10       1.737748386555e-12      -9.438747227108e-12       0.000000000000e+00       1.256700435369e-14       4.629943409006e-15      -1.801943723251e-16 
  814       3.482889591460e-10       1.720831104790e-12      -9.184961777606e-12       0.000000000000e+00       1.250975966633e-14       4.610086395409e-15      -1.752081097047e-16 
  815       3.482860099464e-10       1.704665768707e-12      -8.929600652090e-12       0.000000000000e+00       1.245283982770e-14       4.589966595854e-15      -1.702309977817e-16 
  816       3.482554890876e-10       1.689258798775e-12      -8.672760360261e-12       0.000000000000e+00       1.239624298672e-14       4.569595097079e-15      -1.652641902126e-16 
  817       3.481973625088e-10       1.674616634232e-12      -8.414538395708e-12       0.000000000000e+00       1.233996724300e-14       4.548983103955e-15      -1.603088505357e-16 
  818       3.481115972095e-10       1.660745733091e-12      -8.155033238931e-12       0.000000000000e+00       1.228401064664e-14       4.528141939858e-15      -1.553661521990e-16 
  819       3.479981612541e-10       1.647652572156e-12      -7.894344360371e-12       0.000000000000e+00       1.222837119805e-14       4.507083047035e-15      -1.504372785889e-16 
  820       3.478570237764e-10       1.635343647029e-12      -7.632572223427e-12       0.000000000000e+00       1.217304684776e-14       4.485817986972e-15      -1.455234230582e-16 
  821       3.476881549845e-10       1.623825472122e-12      -7.369818287486e-12       0.000000000000e+00       1.211803549624e-14       4.464358440764e-15      -1.406257889544e-16 
  822       3.474915261649e-10       1.613104580666e-12      -7.106185010943e-12       0.000000000000e+00       1.206333499367e-14       4.442716209481e-15      -1.357455896484e-16 
  823       3.472671096874e-10       1.603187524722e-12      -6.841775854228e-12       0.000000000000e+00       1.200894313979e-14       4.420903214539e-15      -1.308840485621e-16 
  824       3.470148790097e-10       1.594080875193e-12      -6.576695282826e-12       0.000000000000e+00       1.195485768371e-14       4.398931498067e-15      -1.260423991972e-16 
  825       3.467348086818e-10       1.585791221830e-12      -6.311048770307e-12       0.000000000000e+00       1.190107632367e-14       4.376813223275e-15      -1.212218851635e-16 
  826       3.464268743507e-10       1.578325173250e-12      -6.044942801346e-12       0.000000000000e+00       1.184759670690e-14       4.354560674820e-15      -1.164237602068e-16 
  827       3.460910527651e-10       1.571689356939e-12      -5.778484874746e-12       0.000000000000e+00       1.179441642943e-14       4.332186259182e-15      -1.116492882375e-16 
  828       3.457273217797e-10       1.565890419266e-12      -5.511783506468e-12       0.000000000000e+00       1.174153303585e-14       4.309702505023e-15      -1.068997433589e-16 
  829       3.453356603599e-10       1.560935025494e-12      -5.244948232647e-12       0.000000000000e+00       1.168894401918e-14       4.287122063560e-15      -1.021764098952e-16 
  830       3.449160485866e-10       1.556829859788e-12      -4.978089612622e-12       0.000000000000e+00       1.163664682063e-14       4.264457708933e-15      -9.748058242029e-17 
  831       3.444684676604e-10       1.553581625227e-12      -4.711319231960e-12       0.000000000000e+00       1.158463882944e-14       4.241722338575e-15      -9.281356578550e-17 
  832       3.439928999065e-10       1.551197043815e-12      -4.444749705477e-12       0.000000000000e+00       1.153291738268e-14       4.218928973576e-15      -8.817667514822e-17 
  833       3.434893287792e-10       1.549682856491e-12      -4.178494680263e-12       0.000000000000e+00       1.148147976506e-14       4.196090759053e-15      -8.357123600008e-17 
  834       3.429577388663e-10       1.549045823137e-12      -3.912668838707e-12       0.000000000000e+00       1.143032320873e-14       4.173220964521e-15      -7.899858419528e-17 
  835       3.423981158939e-10       1.549292722594e-12      -3.647387901522e-12       0.000000000000e+00       1.137944489311e-14       4.150332984259e-15      -7.446006597884e-17 
  836       3.418104467310e-10       1.550430352667e-12      -3.382768630766e-12       0.000000000000e+00       1.132884194467e-14       4.127440337676e-15      -6.995703801491e-17 
  837       3.411947193940e-10       1.552465530136e-12      -3.118928832869e-12       0.000000000000e+00       1.127851143678e-14       4.104556669684e-15      -6.549086741506e-17 
  838       3.405509230511e-10       1.555405090772e-12      -2.855987361657e-12       0.000000000000e+00       1.122845038947e-14       4.081695751064e-15      -6.106293176658e-17 
  839       3.398790954937e-10       1.559253745380e-12      -2.594055570242e-12       0.000000000000e+00       1.117865613933e-14       4.058868740769e-15      -5.667428993108e-17 
  840       3.391794664452e-10       1.564007607052e-12      -2.333211497586e-12       0.000000000000e+00       1.112912745649e-14       4.036075919888e-15      -5.232468810536e-17 
  841       3.384523167544e-10       1.569660551335e-12      -2.073525238882e-12       0.000000000000e+00       1.107986344668e-14       4.013314814616e-15      -4.801353652602e-17 
  842       3.376979311670e-10       1.576206349639e-12      -1.815067457557e-12       0.000000000000e+00       1.103086318282e-14       3.990582921190e-15      -4.374023710449e-17 
  843       3.369165983389e-10       1.583638668877e-12      -1.557909386841e-12       0.000000000000e+00       1.098212570488e-14       3.967877705790e-15      -3.950418339924e-17 
  844       3.361086108483e-10       1.591951071113e-12      -1.302122831334e-12       0.000000000000e+00       1.093365001974e-14       3.945196604446e-15      -3.530476058807e-17 
  845       3.352742652089e-10       1.601137013206e-12      -1.047780168577e-12       0.000000000000e+00       1.088543510109e-14       3.922537022933e-15      -3.114134544030e-17 
  846       3.344138618820e-10       1.611189846459e-12      -7.949543506144e-13       0.000000000000e+00       1.083747988931e-14       3.899896336678e-15      -2.701330628900e-17 
  847       3.335277052897e-10       1.622102816258e-12      -5.437189055688e-13       0.000000000000e+00       1.078978329130e-14       3.877271890662e-15      -2.292000300323e-17 
  848       3.326161038272e-10       1.633869061724e-12      -2.941479392043e-13       0.000000000000e+00       1.074234418038e-14       3.854660999318e-15      -1.886078696029e-17 
  849       3.316793698756e-10       1.646481615355e-12      -4.631613649663e-14       0.000000000000e+00       1.069516139617e-14       3.832060946437e-15      -1.483500101791e-17 
  850       3.307178198145e-10       1.659933402670e-12       1.997012367994e-13       0.000000000000e+00       1.064823374444e-14       3.809468985070e-15      -1.084197948651e-17 
  851       3.297317740350e-10       1.674217241858e-12       4.438283325816e-13       0.000000000000e+00       1.060155999699e-14       3.786882337428e-15      -6.881048101440e-18 
  852       3.287215569517e-10       1.689325843422e-12       6.859887188323e-13       0.000000000000e+00       1.055513889155e-14       3.764298194785e-15      -2.951523995175e-18 
  853       3.276874970160e-10       1.705251809822e-12       9.261053780503e-13       0.000000000000e+00       1.050896913159e-14       3.741713717380e-15       9.472843304215e-19 
  854       3.266299267285e-10       1.721987635125e-12       1.164100705683e-12       0.000000000000e+00       1.046304938627e-14       3.719126034320e-15       4.816077031883e-18 
  855       3.255491826515e-10       1.739525704647e-12       1.399896508558e-12       0.000000000000e+00       1.041737829024e-14       3.696532243481e-15       8.655562951903e-18 
  856       3.244456054221e-10       1.757858294597e-12       1.633414003315e-12       0.000000000000e+00       1.037195444356e-14       3.673929411410e-15       1.246645964711e-17 
  857       3.233195397644e-10       1.776977571728e-12       1.864573814837e-12       0.000000000000e+00       1.032677641156e-14       3.651314573227e-15       1.624949341581e-17 
  858       3.221713345026e-10       1.796875592978e-12       2.093295974686e-12       0.000000000000e+00       1.028184272471e-14       3.628684732529e-15       2.000539932582e-17 
  859       3.210013425731e-10       1.817544305116e-12       2.319499919528e-12       0.000000000000e+00       1.023715187848e-14       3.606036861291e-15       2.373492124214e-17 
  860       3.198099210379e-10       1.838975544386e-12       2.543104489572e-12       0.000000000000e+00       1.019270233323e-14       3.583367899764e-15       2.743881185483e-17 
  861       3.185974310967e-10       1.861161036159e-12       2.764027926997e-12       0.000000000000e+00       1.014849251409e-14       3.560674756386e-15       3.111783270668e-17 
  862       3.173642380996e-10       1.884092394568e-12       2.982187874387e-12       0.000000000000e+00       1.010452081081e-14       3.537954307675e-15       3.477275422105e-17 
  863       3.161107115601e-10       1.907761122164e-12       3.197501373161e-12       0.000000000000e+00       1.006078557763e-14       3.515203398137e-15       3.840435572961e-17 
  864       3.148372251676e-10       1.932158609554e-12       3.409884862004e-12       0.000000000000e+00       1.001728513317e-14       3.492418840166e-15       4.201342550011e-17 
  865       3.135441567998e-10       1.957276135048e-12       3.619254175304e-12       0.000000000000e+00       9.974017760319e-15       3.469597413943e-15       4.560076076414e-17 
  866       3.122318885359e-10       1.983104864307e-12       3.825524541577e-12       0.000000000000e+00       9.930981706055e-15       3.446735867346e-15       4.916716774492e-17 
  867       3.109008066687e-10       2.009635849986e-12       4.028610581905e-12       0.000000000000e+00       9.888175181359e-15       3.423830915845e-15       5.271346168507e-17 
  868       3.095513017177e-10       2.036860031379e-12       4.228426308362e-12       0.000000000000e+00       9.845596361076e-15       3.400879242405e-15       5.624046687434e-17 
  869       3.081837684416e-10       2.064768234068e-12       4.424885122452e-12       0.000000000000e+00       9.803243383785e-15       3.377877497392e-15       5.974901667742e-17 
  870       3.067986058508e-10       2.093351169563e-12       4.617899813536e-12       0.000000000000e+00       9.761114351675e-15       3.354822298471e-15       6.323995356172e-17 
  871       3.053962172204e-10       2.122599434952e-12       4.807382557268e-12       0.000000000000e+00       9.719207330412e-15       3.331710230510e-15       6.671412912507e-17 
  872       3.039770101027e-10       2.152503512544e-12       4.993244914024e-12       0.000000000000e+00       9.677520349019e-15       3.308537845482e-15       7.017240412357e-17 
  873       3.025413963397e-10       2.183053769514e-12       5.175397827333e-12       0.000000000000e+00       9.636051399741e-15       3.285301662366e-15       7.361564849931e-17 
  874       3.010897920760e-10       2.214240457551e-12       5.353751622313e-12       0.000000000000e+00       9.594798437922e-15       3.261998167051e-15       7.704474140813e-17 
  875       2.996226177714e-10       2.246053712502e-12       5.528216004100e-12       0.000000000000e+00       9.553759381875e-15       3.238623812237e-15       8.046057124746e-17 
  876       2.981402982137e-10       2.278483554015e-12       5.698700056280e-12       0.000000000000e+00       9.512932112757e-15       3.215175017334e-15       8.386403568399e-17 
  877       2.966432625310e-10       2.311519885188e-12       5.865112239321e-12       0.000000000000e+00       9.472314474438e-15       3.191648168372e-15       8.725604168151e-17 
  878       2.951319414627e-10       2.345151806382e-12       6.027373019353e-12       0.000000000000e+00       9.431904533775e-15       3.168040826154e-15       9.063718201285e-17 
  879       2.936067590960e-10       2.379365544871e-12       6.185452987799e-12       0.000000000000e+00       9.391701366424e-15       3.144355372959e-15       9.400675884468e-17 
  880       2.920681410173e-10       2.414146490062e-12       6.339335372448e-12       0.000000000000e+00       9.351704283839e-15       3.120595426283e-15       9.736374397299e-17 
  881       2.905165170535e-10       2.449479875753e-12       6.489003464942e-12       0.000000000000e+00       9.311912573972e-15       3.096764636162e-15       1.007071008449e-16 
  882       2.889523212843e-10       2.485350779663e-12       6.634440621180e-12       0.000000000000e+00       9.272325501183e-15       3.072866685266e-15       1.040357845364e-16 
  883       2.873759920549e-10       2.521744122978e-12       6.775630261706e-12       0.000000000000e+00       9.232942306156e-15       3.048905288983e-15       1.073487417295e-16 
  884       2.857879719876e-10       2.558644669886e-12       6.912555872110e-12       0.000000000000e+00       9.193762205809e-15       3.024884195515e-15       1.106449106897e-16 
  885       2.841887079944e-10       2.596037027117e-12       7.045201003420e-12       0.000000000000e+00       9.154784393209e-15       3.000807185965e-15       1.139232212439e-16 
  886       2.825786512893e-10       2.633905643481e-12       7.173549272502e-12       0.000000000000e+00       9.116008037483e-15       2.976678074428e-15       1.171825947572e-16 
  887       2.809582574004e-10       2.672234809407e-12       7.297584362452e-12       0.000000000000e+00       9.077432283732e-15       2.952500708080e-15       1.204219441109e-16 
  888       2.793279861819e-10       2.711008656482e-12       7.417290022993e-12       0.000000000000e+00       9.039056252945e-15       2.928278967266e-15       1.236401736799e-16 
  889       2.776883018269e-10       2.750211156992e-12       7.532650070873e-12       0.000000000000e+00       9.000879041908e-15       2.904016765596e-15       1.268361793098e-16 
  890       2.760396728793e-10       2.789826123454e-12       7.643648390257e-12       0.000000000000e+00       8.962899723121e-15       2.879718050029e-15       1.300088482946e-16 
  891       2.743825722458e-10       2.829837208164e-12       7.750268933124e-12       0.000000000000e+00       8.925117344709e-15       2.855386800966e-15       1.331570593545e-16 
  892       2.727174772088e-10       2.870227902727e-12       7.852495719665e-12       0.000000000000e+00       8.887530930336e-15       2.831027032337e-15       1.362796826127e-16 
  893       2.710448694379e-10       2.910981537603e-12       7.950312838677e-12       0.000000000000e+00       8.850139479113e-15       2.806642791697e-15       1.393755795733e-16 
  894       2.693652350027e-10       2.952081281639e-12       8.043704447959e-12       0.000000000000e+00       8.812941965520e-15       2.782238160309e-15       1.424436030988e-16 
  895       2.676790643848e-10       2.993510141615e-12       8.132654774707e-12       0.000000000000e+00       8.775937339310e-15       2.757817253238e-15       1.454825973874e-16 
  896       2.659868524901e-10       3.035250961777e-12       8.217148115911e-12       0.000000000000e+00       8.739124525426e-15       2.733384219440e-15       1.484913979503e-16 
  897       2.642890986608e-10       3.077286423377e-12       8.297168838750e-12       0.000000000000e+00       8.702502423914e-15       2.708943241850e-15       1.514688315897e-16 
  898       2.625863066881e-10       3.119599044215e-12       8.372701380988e-12       0.000000000000e+00       8.666069909835e-15       2.684498537478e-15       1.544137163756e-16 
  899       2.608789848241e-10       3.162171178172e-12       8.443730251372e-12       0.000000000000e+00       8.629825833177e-15       2.660054357490e-15       1.573248616239e-16 
  900       2.591676457940e-10       3.204985014755e-12       8.510240030022e-12       0.000000000000e+00       8.593769018771e-15       2.635614987306e-15       1.602010678734e-16 
  901       2.574528068087e-10       3.248022578632e-12       8.572215368833e-12       0.000000000000e+00       8.557898266200e-15       2.611184746685e-15       1.630411268635e-16 
  902       2.557349895765e-10       3.291265729170e-12       8.629640991868e-12       0.000000000000e+00       8.522212349712e-15       2.586767989818e-15       1.658438215116e-16 
  903       2.540147203160e-10       3.334696159978e-12       8.682501695754e-12       0.000000000000e+00       8.486710018138e-15       2.562369105416e-15       1.686079258905e-16 
  904       2.522925297677e-10       3.378295398441e-12       8.730782350076e-12       0.000000000000e+00       8.451389994798e-15       2.537992516800e-15       1.713322052061e-16 
  905       2.505689532066e-10       3.422044805261e-12       8.774467897778e-12       0.000000000000e+00       8.416250977419e-15       2.513642681992e-15       1.740154157745e-16 
  906       2.488445304544e-10       3.465925573997e-12       8.813543355553e-12       0.000000000000e+00       8.381291638045e-15       2.489324093804e-15       1.766563049997e-16 
  907       2.471198058917e-10       3.509918730600e-12       8.847993814242e-12       0.000000000000e+00       8.346510622951e-15       2.465041279929e-15       1.792536113512e-16 
  908       2.453953284702e-10       3.554005132957e-12       8.877804439227e-12       0.000000000000e+00       8.311906552555e-15       2.440798803031e-15       1.818060643412e-16 
  909       2.436716517249e-10       3.598165470424e-12       8.902960470833e-12       0.000000000000e+00       8.277478021333e-15       2.416601260832e-15       1.843123845021e-16 
  910       2.419493337866e-10       3.642380263371e-12       8.923447224715e-12       0.000000000000e+00       8.243223597730e-15       2.392453286206e-15       1.867712833641e-16 
  911       2.402289373938e-10       3.686629862713e-12       8.939250092260e-12       0.000000000000e+00       8.209141824070e-15       2.368359547268e-15       1.891814634326e-16 
  912       2.385110299051e-10       3.730894449457e-12       8.950354540984e-12       0.000000000000e+00       8.175231216477e-15       2.344324747461e-15       1.915416181656e-16 
  913       2.367961833116e-10       3.775154034235e-12       8.956746114920e-12       0.000000000000e+00       8.141490264779e-15       2.320353625649e-15       1.938504319513e-16 
  914       2.350849742487e-10       3.819388456845e-12       8.958410435022e-12       0.000000000000e+00       8.107917432426e-15       2.296450956206e-15       1.961065800855e-16 
  915       2.333779840089e-10       3.863577385790e-12       8.955333199556e-12       0.000000000000e+00       8.074511156401e-15       2.272621549108e-15       1.983087287490e-16 
  916       2.316757985535e-10       3.907700317814e-12       8.947500184497e-12       0.000000000000e+00       8.041269847136e-15       2.248870250017e-15       2.004555349851e-16 
  917       2.299789625900e-10       3.951737738074e-12       8.934906543017e-12       0.000000000000e+00       8.008192077345e-15       2.225201460998e-15       2.025460343678e-16 
  918       2.282878409764e-10       3.995674621803e-12       8.917584865395e-12       0.000000000000e+00       7.975277152023e-15       2.201617694097e-15       2.045808108147e-16 
  919       2.266027551343e-10       4.039496987489e-12       8.895577566689e-12       0.000000000000e+00       7.942524547354e-15       2.178120994907e-15       2.065608453561e-16 
  920       2.249240287898e-10       4.083190740998e-12       8.868927629861e-12       0.000000000000e+00       7.909933722546e-15       2.154713419881e-15       2.084871301656e-16 
  921       2.232519879787e-10       4.126741675287e-12       8.837678607501e-12       0.000000000000e+00       7.877504119771e-15       2.131397036357e-15       2.103606685930e-16 
  922       2.215869610528e-10       4.170135470100e-12       8.801874623545e-12       0.000000000000e+00       7.845235164107e-15       2.108173922576e-15       2.121824751965e-16 
  923       2.199292786853e-10       4.213357691678e-12       8.761560375000e-12       0.000000000000e+00       7.813126263475e-15       2.085046167705e-15       2.139535757759e-16 
  924       2.182792738766e-10       4.256393792463e-12       8.716781133664e-12       0.000000000000e+00       7.781176808581e-15       2.062015871859e-15       2.156750074052e-16 
  925       2.166372819598e-10       4.299229110795e-12       8.667582747848e-12       0.000000000000e+00       7.749386172853e-15       2.039085146121e-15       2.173478184654e-16 
  926       2.150036406065e-10       4.341848870628e-12       8.614011644093e-12       0.000000000000e+00       7.717753712385e-15       2.016256112566e-15       2.189730686770e-16 
  927       2.133786898328e-10       4.384238181224e-12       8.556114828900e-12       0.000000000000e+00       7.686278765871e-15       1.993530904282e-15       2.205518291331e-16 
  928       2.117627720043e-10       4.426382036861e-12       8.493939890441e-12       0.000000000000e+00       7.654960654552e-15       1.970911665389e-15       2.220851823316e-16 
  929       2.101562318424e-10       4.468265316538e-12       8.427535000292e-12       0.000000000000e+00       7.623798682147e-15       1.948400551065e-15       2.235742222086e-16 
  930       2.085594164299e-10       4.509872783680e-12       8.356948915142e-12       0.000000000000e+00       7.592792134803e-15       1.925999727563e-15       2.250200541705e-16 
  931       2.069726752162e-10       4.551189085838e-12       8.282230978524e-12       0.000000000000e+00       7.561940281024e-15       1.903711372237e-15       2.264237951272e-16 
  932       2.053963600238e-10       4.592198754398e-12       8.203431122532e-12       0.000000000000e+00       7.531242371621e-15       1.881537673560e-15       2.277865735245e-16 
  933       2.038308250533e-10       4.632886204281e-12       8.120599869543e-12       0.000000000000e+00       7.500697639644e-15       1.859480831147e-15       2.291095293772e-16 
  934       2.022764268893e-10       4.673235733651e-12       8.033788333940e-12       0.000000000000e+00       7.470305300325e-15       1.837543055779e-15       2.303938143014e-16 
  935       2.007335245064e-10       4.713231523618e-12       7.943048223830e-12       0.000000000000e+00       7.440064551019e-15       1.815726569419e-15       2.316405915474e-16 
  936       1.992024792743e-10       4.752857637939e-12       7.848431842769e-12       0.000000000000e+00       7.409974571140e-15       1.794033605240e-15       2.328510360328e-16 
  937       1.976836549640e-10       4.792098022727e-12       7.749992091480e-12       0.000000000000e+00       7.380034522106e-15       1.772466407641e-15       2.340263343744e-16 
  938       1.961774177534e-10       4.830936506153e-12       7.647782469578e-12       0.000000000000e+00       7.350243547273e-15       1.751027232274e-15       2.351676849220e-16 
  939       1.946841362328e-10       4.869356798149e-12       7.541857077289e-12       0.000000000000e+00       7.320600771879e-15       1.729718346061e-15       2.362762977901e-16 
  940       1.932041814105e-10       4.907342490115e-12       7.432270617170e-12       0.000000000000e+00       7.291105302983e-15       1.708542027217e-15       2.373533948912e-16 
  941       1.917379267190e-10       4.944877054621e-12       7.319078395836e-12       0.000000000000e+00       7.261756229403e-15       1.687500565273e-15       2.384002099688e-16 
  942       1.902857480202e-10       4.981943845113e-12       7.202336325674e-12       0.000000000000e+00       7.232552621658e-15       1.666596261097e-15       2.394179886292e-16 
  943       1.888480236112e-10       5.018526095613e-12       7.082100926570e-12       0.000000000000e+00       7.203493531905e-15       1.645831426915e-15       2.404079883752e-16 
  944       1.874251342304e-10       5.054606920431e-12       6.958429327627e-12       0.000000000000e+00       7.174577993882e-15       1.625208386331e-15       2.413714786382e-16 
  945       1.860174630624e-10       5.090169313860e-12       6.831379268890e-12       0.000000000000e+00       7.145805022847e-15       1.604729474354e-15       2.423097408113e-16 
  946       1.846253957444e-10       5.125196149888e-12       6.701009103064e-12       0.000000000000e+00       7.117173615516e-15       1.584397037414e-15       2.432240682818e-16 
  947       1.832493203716e-10       5.159670181897e-12       6.567377797235e-12       0.000000000000e+00       7.088682750003e-15       1.564213433386e-15       2.441157664641e-16 
  948       1.818896275028e-10       5.193574042370e-12       6.430544934594e-12       0.000000000000e+00       7.060331385762e-15       1.544181031610e-15       2.449861528323e-16 
  949       1.805467101664e-10       5.226890242594e-12       6.290570716159e-12       0.000000000000e+00       7.032118463526e-15       1.524302212918e-15       2.458365569529e-16 
  950       1.792209638658e-10       5.259601172366e-12       6.147515962493e-12       0.000000000000e+00       7.004042905244e-15       1.504579369647e-15       2.466683205177e-16 
  951       1.779127865850e-10       5.291689099693e-12       6.001442115427e-12       0.000000000000e+00       6.976103614025e-15       1.485014905668e-15       2.474827973765e-16 
  952       1.766225787949e-10       5.323136170502e-12       5.852411239780e-12       0.000000000000e+00       6.948299474076e-15       1.465611236404e-15       2.482813535696e-16 
  953       1.753507434582e-10       5.353924408338e-12       5.700486025086e-12       0.000000000000e+00       6.920629350639e-15       1.446370788853e-15       2.490653673610e-16 
  954       1.740976860357e-10       5.384035714075e-12       5.545729787306e-12       0.000000000000e+00       6.893092089936e-15       1.427296001607e-15       2.498362292706e-16 
  955       1.728638144916e-10       5.413451865614e-12       5.388206470559e-12       0.000000000000e+00       6.865686519104e-15       1.408389324879e-15       2.505953421071e-16 
  956       1.716494802145e-10       5.442156789931e-12       5.227981702240e-12       0.000000000000e+00       6.838411579667e-15       1.389652470258e-15       2.513437476292e-16 
  957       1.704547997792e-10       5.470143417830e-12       5.065125972590e-12       0.000000000000e+00       6.811266730286e-15       1.371084147392e-15       2.520810002137e-16 
  958       1.692798304733e-10       5.497406933317e-12       4.899711507113e-12       0.000000000000e+00       6.784251550043e-15       1.352682292777e-15       2.528062760461e-16 
  959       1.681246291334e-10       5.523942510755e-12       4.731811219440e-12       0.000000000000e+00       6.757365605422e-15       1.334444816804e-15       2.535187449162e-16 
  960       1.669892521427e-10       5.549745314865e-12       4.561498713182e-12       0.000000000000e+00       6.730608450271e-15       1.316369603685e-15       2.542175702024e-16 
  961       1.658737554292e-10       5.574810500727e-12       4.388848283795e-12       0.000000000000e+00       6.703979625758e-15       1.298454511373e-15       2.549019088551e-16 
  962       1.647781944638e-10       5.599133213786e-12       4.213934920433e-12       0.000000000000e+00       6.677478660326e-15       1.280697371488e-15       2.555709113804e-16 
  963       1.637026242576e-10       5.622708589850e-12       4.036834307813e-12       0.000000000000e+00       6.651105069654e-15       1.263095989238e-15       2.562237218241e-16 
  964       1.626470993607e-10       5.645531755095e-12       3.857622828075e-12       0.000000000000e+00       6.624858356612e-15       1.245648143346e-15       2.568594777551e-16 
  965       1.616116738594e-10       5.667597826069e-12       3.676377562636e-12       0.000000000000e+00       6.598738011219e-15       1.228351585969e-15       2.574773102496e-16 
  966       1.605964013747e-10       5.688901909687e-12       3.493176294053e-12       0.000000000000e+00       6.572743510599e-15       1.211204042621e-15       2.580763438746e-16 
  967       1.596013350597e-10       5.709439103243e-12       3.308097507886e-12       0.000000000000e+00       6.546874318941e-15       1.194203212102e-15       2.586556966718e-16 
  968       1.586265275982e-10       5.729204494405e-12       3.121220394549e-12       0.000000000000e+00       6.521129887454e-15       1.177346766414e-15       2.592144801409e-16 
  969       1.576720312019e-10       5.748193161219e-12       2.932624851179e-12       0.000000000000e+00       6.495509654324e-15       1.160632350689e-15       2.597517992242e-16 
  970       1.567378976089e-10       5.766400172114e-12       2.742391483488e-12       0.000000000000e+00       6.470013044675e-15       1.144057583110e-15       2.602667522896e-16 
  971       1.558241780815e-10       5.783820585899e-12       2.550601607627e-12       0.000000000000e+00       6.444639470521e-15       1.127620054835e-15       2.607584311146e-16 
  972       1.549309234040e-10       5.800449451772e-12       2.357337252043e-12       0.000000000000e+00       6.419388330726e-15       1.111317329920e-15       2.612259208703e-16 
  973       1.540581838808e-10       5.816281809315e-12       2.162681159342e-12       0.000000000000e+00       6.394259010963e-15       1.095146945243e-15       2.616683001048e-16 
  974       1.532060093342e-10       5.831312688504e-12       1.966716788144e-12       0.000000000000e+00       6.369250883668e-15       1.079106410426e-15       2.620846407273e-16 
  975       1.523744491025e-10       5.845537109702e-12       1.769528314946e-12       0.000000000000e+00       6.344363308000e-15       1.063193207759e-15       2.624740079914e-16 
  976       1.515635520379e-10       5.858950083672e-12       1.571200635978e-12       0.000000000000e+00       6.319595629795e-15       1.047404792121e-15       2.628354604794e-16 
  977       1.507733665042e-10       5.871546611568e-12       1.371819369069e-12       0.000000000000e+00       6.294947181526e-15       1.031738590909e-15       2.631680500856e-16 
  978       1.500039403752e-10       5.883321684948e-12       1.171470855499e-12       0.000000000000e+00       6.270417282262e-15       1.016192003953e-15       2.634708220003e-16 
  979       1.492553210322e-10       5.894270285768e-12       9.702421618629e-13       0.000000000000e+00       6.246005237621e-15       1.000762403447e-15       2.637428146937e-16 
  980       1.485275553623e-10       5.904387386387e-12       7.682210819297e-13       0.000000000000e+00       6.221710339728e-15       9.854471338665e-16       2.639830598992e-16 
  981       1.478206897559e-10       5.913667949573e-12       5.654961385009e-13       0.000000000000e+00       6.197531867175e-15       9.702435118954e-16       2.641905825977e-16 
  982       1.471347701051e-10       5.922106928498e-12       3.621565852706e-13       0.000000000000e+00       6.173469084978e-15       9.551488263471e-16       2.643644010007e-16 
  983       1.464698418016e-10       5.929699266746e-12       1.582924086852e-13       0.000000000000e+00       6.149521244531e-15       9.401603380884e-16       2.645035265349e-16 
  984       1.458259497341e-10       5.936439898315e-12      -4.600567019737e-14       0.000000000000e+00       6.125687583567e-15       9.252752799628e-16       2.646069638252e-16 
  985       1.452031382869e-10       5.942323747613e-12      -2.506461938479e-13       0.000000000000e+00       6.101967326111e-15       9.104908567137e-16       2.646737106790e-16 
  986       1.446014513376e-10       5.947345729471e-12      -4.555369664063e-13       0.000000000000e+00       6.078359682444e-15       8.958042449074e-16       2.647027580694e-16 
  987       1.440209322548e-10       5.951500749133e-12      -6.605850518224e-13       0.000000000000e+00       6.054863849054e-15       8.812125928563e-16       2.646930901195e-16 
  988       1.434616238965e-10       5.954783702269e-12      -8.656967719960e-13       0.000000000000e+00       6.031479008595e-15       8.667130205425e-16       2.646436840860e-16 
  989       1.429235686076e-10       5.957189474971e-12      -1.070777704918e-12       0.000000000000e+00       6.008204329846e-15       8.523026195406e-16       2.645535103429e-16 
  990       1.424068082182e-10       5.958712943757e-12      -1.275732682809e-12       0.000000000000e+00       5.985038967666e-15       8.379784529411e-16       2.644215323650e-16 
  991       1.419113840413e-10       5.959348975573e-12      -1.480465790262e-12       0.000000000000e+00       5.961982062955e-15       8.237375552734e-16       2.642467067122e-16 
  992       1.414373368707e-10       5.959092427795e-12      -1.684880362383e-12       0.000000000000e+00       5.939032742607e-15       8.095769324294e-16       2.640279830129e-16 
  993       1.409847069793e-10       5.957938148232e-12      -1.888878982929e-12       0.000000000000e+00       5.916190119467e-15       7.954935615863e-16       2.637643039477e-16 
  994       1.405535341167e-10       5.955880975129e-12      -2.092363482450e-12       0.000000000000e+00       5.893453292295e-15       7.814843911302e-16       2.634546052336e-16 
  995       1.401438187033e-10       5.952917738302e-12      -2.295241987247e-12       0.000000000000e+00       5.870821446070e-15       7.675469310836e-16       2.630981575967e-16 
  996       1.397554047931e-10       5.949053294719e-12      -2.497450183345e-12       0.000000000000e+00       5.848294154632e-15       7.536810340391e-16       2.626955982242e-16 
  997       1.393880953887e-10       5.944294581530e-12      -2.698930360976e-12       0.000000000000e+00       5.825871082400e-15       7.398871402171e-16       2.622479144220e-16 
  998       1.390416910829e-10       5.938648623202e-12      -2.899624391067e-12       0.000000000000e+00       5.803551884392e-15       7.261656893265e-16       2.617561030230e-16 
  999       1.387159900516e-10       5.932122531767e-12      -3.099473724225e-12       0.000000000000e+00       5.781336206194e-15       7.125171205592e-16       2.612211704126e-16 
 1000       1.384107880473e-10       5.924723507068e-12      -3.298419389738e-12       0.000000000000e+00       5.759223683926e-15       6.989418725845e-16       2.606441325534e-16 
 1001       1.381258783923e-10       5.916458837000e-12      -3.496401994565e-12       0.000000000000e+00       5.737213944217e-15       6.854403835447e-16       2.600260150107e-16 
 1002       1.378610519720e-10       5.907335897760e-12      -3.693361722332e-12       0.000000000000e+00       5.715306604170e-15       6.720130910487e-16       2.593678529776e-16 
 1003       1.376160972279e-10       5.897362154084e-12      -3.889238332326e-12       0.000000000000e+00       5.693501271333e-15       6.586604321675e-16       2.586706913000e-16 
 1004       1.373908001510e-10       5.886545159497e-12      -4.083971158490e-12       0.000000000000e+00       5.671797543670e-15       6.453828434287e-16       2.579355845020e-16 
 1005       1.371849442753e-10       5.874892556558e-12      -4.277499108416e-12       0.000000000000e+00       5.650195009526e-15       6.321807608111e-16       2.571635968111e-16 
 1006       1.369983106704e-10       5.862412077102e-12      -4.469760662340e-12       0.000000000000e+00       5.628693247602e-15       6.190546197395e-16       2.563558021831e-16 
 1007       1.368306779355e-10       5.849111542483e-12      -4.660693872134e-12       0.000000000000e+00       5.607291826921e-15       6.060048550795e-16       2.555132843275e-16 
 1008       1.366818221920e-10       5.834998863825e-12      -4.850236360305e-12       0.000000000000e+00       5.585990306798e-15       5.930319011320e-16       2.546371367325e-16 
 1009       1.365515170771e-10       5.820082042259e-12      -5.038325318984e-12       0.000000000000e+00       5.564788236810e-15       5.801361916281e-16       2.537284626903e-16 
 1010       1.364395337370e-10       5.804369169173e-12      -5.224897508925e-12       0.000000000000e+00       5.543685156765e-15       5.673181597236e-16       2.527883753224e-16 
 1011       1.363456408201e-10       5.787868426453e-12      -5.409889258493e-12       0.000000000000e+00       5.522680596671e-15       5.545782379941e-16       2.518179976043e-16 
 1012       1.362696044703e-10       5.770588086733e-12      -5.593236462666e-12       0.000000000000e+00       5.501774076707e-15       5.419168584293e-16       2.508184623912e-16 
 1013       1.362111883199e-10       5.752536513630e-12      -5.774874582022e-12       0.000000000000e+00       5.480965107191e-15       5.293344524279e-16       2.497909124427e-16 
 1014       1.361701534834e-10       5.733722161999e-12      -5.954738641739e-12       0.000000000000e+00       5.460253188550e-15       5.168314507923e-16       2.487365004486e-16 
 1015       1.361462585505e-10       5.714153578172e-12      -6.132763230585e-12       0.000000000000e+00       5.439637811290e-15       5.044082837232e-16       2.476563890533e-16 
 1016       1.361392595791e-10       5.693839400201e-12      -6.308882499915e-12       0.000000000000e+00       5.419118455963e-15       4.920653808147e-16       2.465517508815e-16 
 1017       1.361489100889e-10       5.672788358108e-12      -6.483030162662e-12       0.000000000000e+00       5.398694593140e-15       4.798031710485e-16       2.454237685633e-16 
 1018       1.361749610544e-10       5.651009274125e-12      -6.655139492336e-12       0.000000000000e+00       5.378365683378e-15       4.676220827888e-16       2.442736347591e-16 
 1019       1.362171608984e-10       5.628511062941e-12      -6.825143322014e-12       0.000000000000e+00       5.358131177191e-15       4.555225437772e-16       2.431025521850e-16 
 1020       1.362752554850e-10       5.605302731945e-12      -6.992974043337e-12       0.000000000000e+00       5.337990515017e-15       4.435049811273e-16       2.419117336381e-16 
 1021       1.363489881127e-10       5.581393381471e-12      -7.158563605500e-12       0.000000000000e+00       5.317943127190e-15       4.315698213191e-16       2.407024020213e-16 
 1022       1.364380995083e-10       5.556792205044e-12      -7.321843514253e-12       0.000000000000e+00       5.297988433909e-15       4.197174901942e-16       2.394757903688e-16 
 1023       1.365423278194e-10       5.531508489623e-12      -7.482744830888e-12       0.000000000000e+00       5.278125845206e-15       4.079484129504e-16       2.382331418710e-16 
 1024       1.366614086081e-10       5.505551615845e-12      -7.641198171240e-12       0.000000000000e+00       5.258354760917e-15       3.962630141360e-16       2.369757099000e-16 
 1025       1.367950748439e-10       5.478931058273e-12      -7.797133704675e-12       0.000000000000e+00       5.238674570650e-15       3.846617176451e-16       2.357047580343e-16 
 1026       1.369430568973e-10       5.451656385634e-12      -7.950481153089e-12       0.000000000000e+00       5.219084653757e-15       3.731449467120e-16       2.344215600844e-16 
 1027       1.371050825329e-10       5.423737261073e-12      -8.101169789899e-12       0.000000000000e+00       5.199584379299e-15       3.617131239058e-16       2.331274001179e-16 
 1028       1.372808769026e-10       5.395183442387e-12      -8.249128439039e-12       0.000000000000e+00       5.180173106020e-15       3.503666711254e-16       2.318235724845e-16 
 1029       1.374701625387e-10       5.366004782279e-12      -8.394285473953e-12       0.000000000000e+00       5.160850182316e-15       3.391060095940e-16       2.305113818411e-16 
 1030       1.376726593476e-10       5.336211228595e-12      -8.536568816592e-12       0.000000000000e+00       5.141614946199e-15       3.279315598538e-16       2.291921431774e-16 
 1031       1.378880846026e-10       5.305812824575e-12      -8.675905936404e-12       0.000000000000e+00       5.122466725275e-15       3.168437417612e-16       2.278671818406e-16 
 1032       1.381161529371e-10       5.274819709092e-12      -8.812223849332e-12       0.000000000000e+00       5.103404836706e-15       3.058429744805e-16       2.265378335609e-16 
 1033       1.383565763384e-10       5.243242116900e-12      -8.945449116805e-12       0.000000000000e+00       5.084428587183e-15       2.949296764798e-16       2.252054444763e-16 
 1034       1.386090631488e-10       5.211090961711e-12      -9.075518255052e-12       0.000000000000e+00       5.065537349073e-15       2.841046432214e-16       2.238710999125e-16 
 1035       1.388733150695e-10       5.178379593953e-12      -9.202409126128e-12       0.000000000000e+00       5.046730790105e-15       2.733701860921e-16       2.225348064730e-16 
 1036       1.391490301009e-10       5.145122068332e-12      -9.326109988395e-12       0.000000000000e+00       5.028008646865e-15       2.627290095540e-16       2.211962984433e-16 
 1037       1.394359035240e-10       5.111332563560e-12      -9.446609126575e-12       0.000000000000e+00       5.009370648897e-15       2.521838349436e-16       2.198553079831e-16 
 1038       1.397336278932e-10       5.077025382665e-12      -9.563894851917e-12       0.000000000000e+00       4.990816518675e-15       2.417374005095e-16       2.185115651214e-16 
 1039       1.400418930293e-10       5.042214953299e-12      -9.677955502354e-12       0.000000000000e+00       4.972345971585e-15       2.313924614488e-16       2.171647977512e-16 
 1040       1.403603860132e-10       5.006915828051e-12      -9.788779442667e-12       0.000000000000e+00       4.953958715900e-15       2.211517899447e-16       2.158147316241e-16 
 1041       1.406887911782e-10       4.971142684756e-12      -9.896355064647e-12       0.000000000000e+00       4.935654452760e-15       2.110181752033e-16       2.144610903453e-16 
 1042       1.410267901039e-10       4.934910326803e-12      -1.000067078725e-11       0.000000000000e+00       4.917432876151e-15       2.009944234904e-16       2.131035953682e-16 
 1043       1.413740616088e-10       4.898233683448e-12      -1.010171505678e-11       0.000000000000e+00       4.899293672879e-15       1.910833581693e-16       2.117419659890e-16 
 1044       1.417302817439e-10       4.861127810121e-12      -1.019947634702e-11       0.000000000000e+00       4.881236522551e-15       1.812878197370e-16       2.103759193419e-16 
 1045       1.420951237853e-10       4.823607888737e-12      -1.029394315940e-11       0.000000000000e+00       4.863261097553e-15       1.716106658621e-16       2.090051703933e-16 
 1046       1.424682582277e-10       4.785689228008e-12      -1.038510402319e-11       0.000000000000e+00       4.845367063028e-15       1.620547714210e-16       2.076294319372e-16 
 1047       1.428493527776e-10       4.747387263750e-12      -1.047294749562e-11       0.000000000000e+00       4.827554076851e-15       1.526230285357e-16       2.062484145893e-16 
 1048       1.432380723460e-10       4.708717559193e-12      -1.055746216207e-11       0.000000000000e+00       4.809821789611e-15       1.433183466106e-16       2.048618267821e-16 
 1049       1.436340790419e-10       4.669695805293e-12      -1.063863663622e-11       0.000000000000e+00       4.792169844588e-15       1.341436523692e-16       2.034693747597e-16 
 1050       1.440370321655e-10       4.630337821040e-12      -1.071645956020e-11       0.000000000000e+00       4.774597877728e-15       1.251018898919e-16       2.020707625725e-16 
 1051       1.444465882009e-10       4.590659553770e-12      -1.079091960479e-11       0.000000000000e+00       4.757105517626e-15       1.161960206524e-16       2.006656920717e-16 
 1052       1.448624008096e-10       4.550677079472e-12      -1.086200546952e-11       0.000000000000e+00       4.739692385499e-15       1.074290235552e-16       1.992538629045e-16 
 1053       1.452841208236e-10       4.510406603102e-12      -1.092970588291e-11       0.000000000000e+00       4.722358095168e-15       9.880389497225e-17       1.978349725085e-16 
 1054       1.457113962383e-10       4.469864458887e-12      -1.099400960255e-11       0.000000000000e+00       4.705102253032e-15       9.032364878047e-17       1.964087161067e-16 
 1055       1.461438722060e-10       4.429067110642e-12      -1.105490541532e-11       0.000000000000e+00       4.687924458052e-15       8.199131639849e-17       1.949747867019e-16 
 1056       1.465811910286e-10       4.388031152073e-12      -1.111238213753e-11       0.000000000000e+00       4.670824301721e-15       7.380994682383e-17       1.935328750719e-16 
 1057       1.470229921511e-10       4.346773307092e-12      -1.116642861508e-11       0.000000000000e+00       4.653801368049e-15       6.578260666996e-17       1.920826697641e-16 
 1058       1.474689121545e-10       4.305310430127e-12      -1.121703372363e-11       0.000000000000e+00       4.636855233537e-15       5.791238020335e-17       1.906238570900e-16 
 1059       1.479185847490e-10       4.263659506425e-12      -1.126418636875e-11       0.000000000000e+00       4.619985467156e-15       5.020236938052e-17       1.891561211202e-16 
 1060       1.483716407672e-10       4.221837652372e-12      -1.130787548610e-11       0.000000000000e+00       4.603191630327e-15       4.265569388513e-17       1.876791436793e-16 
 1061       1.488277081573e-10       4.179862115796e-12      -1.134809004156e-11       0.000000000000e+00       4.586473276896e-15       3.527549116503e-17       1.861926043401e-16 
 1062       1.492864119757e-10       4.137750276277e-12      -1.138481903143e-11       0.000000000000e+00       4.569829953111e-15       2.806491646932e-17       1.846961804192e-16 
 1063       1.497473743810e-10       4.095519645462e-12      -1.141805148256e-11       0.000000000000e+00       4.553261197607e-15       2.102714288542e-17       1.831895469710e-16 
 1064       1.502102146265e-10       4.053187867369e-12      -1.144777645253e-11       0.000000000000e+00       4.536766541374e-15       1.416536137615e-17       1.816723767825e-16 
 1065       1.506745490533e-10       4.010772718702e-12      -1.147398302980e-11       0.000000000000e+00       4.520345507744e-15       7.482780816733e-18       1.801443403688e-16 
 1066       1.511399910839e-10       3.968292109156e-12      -1.149666033389e-11       0.000000000000e+00       4.503997612363e-15       9.826280319350e-19       1.786051059670e-16 
 1067       1.516061512149e-10       3.925764081730e-12      -1.151579751551e-11       0.000000000000e+00       4.487722363171e-15      -5.331852166922e-18       1.770543395314e-16 
 1068       1.520726370105e-10       3.883206813039e-12      -1.153138375676e-11       0.000000000000e+00       4.471519260382e-15      -1.145739694488e-17       1.754917047281e-16 
 1069       1.525390530952e-10       3.840638613617e-12      -1.154340827126e-11       0.000000000000e+00       4.455387796458e-15      -1.739072540628e-17       1.739168629298e-16 
 1070       1.530050011472e-10       3.798077928233e-12      -1.155186030432e-11       0.000000000000e+00       4.439327456090e-15      -2.312853855772e-17       1.723294732106e-16 
 1071       1.534700798916e-10       3.755543336201e-12      -1.155672913311e-11       0.000000000000e+00       4.423337716176e-15      -2.866751927095e-17       1.707291923408e-16 
 1072       1.539338850934e-10       3.713053551686e-12      -1.155800406683e-11       0.000000000000e+00       4.407418045795e-15      -3.400433224584e-17       1.691156747813e-16 
 1073       1.543960413198e-10       3.670626333591e-12      -1.155568210377e-11       0.000000000000e+00       4.391567960882e-15      -3.913674975501e-17       1.674886803847e-16 
 1074       1.548562977156e-10       3.628275198335e-12      -1.154979101652e-11       0.000000000000e+00       4.375787189091e-15      -4.406704573878e-17       1.658483991124e-16 
 1075       1.553144335182e-10       3.586012662931e-12      -1.154036658148e-11       0.000000000000e+00       4.360075507128e-15      -4.879864785325e-17       1.641951307287e-16 
 1076       1.557702264035e-10       3.543851331546e-12      -1.152744495131e-11       0.000000000000e+00       4.344432686252e-15      -5.333501595965e-17       1.625291775013e-16 
 1077       1.562234524818e-10       3.501803895695e-12      -1.151106265598e-11       0.000000000000e+00       4.328858492255e-15      -5.767964220449e-17       1.608508442079e-16 
 1078       1.566738862949e-10       3.459883134444e-12      -1.149125660365e-11       0.000000000000e+00       4.313352685447e-15      -6.183605109976e-17       1.591604381416e-16 
 1079       1.571213008118e-10       3.418101914598e-12      -1.146806408170e-11       0.000000000000e+00       4.297915020640e-15      -6.580779960309e-17       1.574582691173e-16 
 1080       1.575654674259e-10       3.376473190906e-12      -1.144152275761e-11       0.000000000000e+00       4.282545247130e-15      -6.959847719789e-17       1.557446494776e-16 
 1081       1.580061559509e-10       3.335010006250e-12      -1.141167068001e-11       0.000000000000e+00       4.267243108684e-15      -7.321170597353e-17       1.540198940985e-16 
 1082       1.584431346171e-10       3.293725491846e-12      -1.137854627954e-11       0.000000000000e+00       4.252008343520e-15      -7.665114070551e-17       1.522843203958e-16 
 1083       1.588761700687e-10       3.252632867438e-12      -1.134218836990e-11       0.000000000000e+00       4.236840684293e-15      -7.992046893563e-17       1.505382483305e-16 
 1084       1.593050273592e-10       3.211745441495e-12      -1.130263614875e-11       0.000000000000e+00       4.221739858078e-15      -8.302341105212e-17       1.487820004155e-16 
 1085       1.597294699485e-10       3.171076611409e-12      -1.125992919868e-11       0.000000000000e+00       4.206705586352e-15      -8.596372036986e-17       1.470159017208e-16 
 1086       1.601492596993e-10       3.130639863689e-12      -1.121410748820e-11       0.000000000000e+00       4.191737584982e-15      -8.874518321048e-17       1.452402798801e-16 
 1087       1.605641568730e-10       3.090448774158e-12      -1.116521137264e-11       0.000000000000e+00       4.176835564205e-15      -9.137161898258e-17       1.434554650964e-16 
 1088       1.609739201270e-10       3.050517008150e-12      -1.111328159518e-11       0.000000000000e+00       4.161999228613e-15      -9.384688026187e-17       1.416617901482e-16 
 1089       1.613783065103e-10       3.010858320706e-12      -1.105835928775e-11       0.000000000000e+00       4.147228277134e-15      -9.617485287134e-17       1.398595903951e-16 
 1090       1.617770714605e-10       2.971486556771e-12      -1.100048597201e-11       0.000000000000e+00       4.132522403022e-15      -9.835945596143e-17       1.380492037843e-16 
 1091       1.621699688001e-10       2.932415651388e-12      -1.093970356033e-11       0.000000000000e+00       4.117881293833e-15      -1.004046420902e-16       1.362309708562e-16 
 1092       1.625567507327e-10       2.893659629899e-12      -1.087605435669e-11       0.000000000000e+00       4.103304631416e-15      -1.023143973034e-16       1.344052347504e-16 
 1093       1.629371678397e-10       2.855232608137e-12      -1.080958105773e-11       0.000000000000e+00       4.088792091891e-15      -1.040927412148e-16       1.325723412117e-16 
 1094       1.633109690768e-10       2.817148792623e-12      -1.074032675362e-11       0.000000000000e+00       4.074343345635e-15      -1.057437270862e-16       1.307326385963e-16 
 1095       1.636779017702e-10       2.779422480764e-12      -1.066833492905e-11       0.000000000000e+00       4.059958057265e-15      -1.072714419079e-16       1.288864778775e-16 
 1096       1.640377116131e-10       2.742068061050e-12      -1.059364946423e-11       0.000000000000e+00       4.045635885623e-15      -1.086800064783e-16       1.270342126516e-16 
 1097       1.643901426623e-10       2.705100013248e-12      -1.051631463578e-11       0.000000000000e+00       4.031376483759e-15      -1.099735754846e-16       1.251761991442e-16 
 1098       1.647349373345e-10       2.668532908597e-12      -1.043637511773e-11       0.000000000000e+00       4.017179498915e-15      -1.111563375827e-16       1.233127962158e-16 
 1099       1.650718364027e-10       2.632381410012e-12      -1.035387598249e-11       0.000000000000e+00       4.003044572507e-15      -1.122325154774e-16       1.214443653683e-16 
 1100       1.654005789928e-10       2.596660272270e-12      -1.026886270176e-11       0.000000000000e+00       3.988971340110e-15      -1.132063660027e-16       1.195712707501e-16 
 1101       1.657209025798e-10       2.561384342215e-12      -1.018138114753e-11       0.000000000000e+00       3.974959431443e-15      -1.140821802017e-16       1.176938791632e-16 
 1102       1.660325429847e-10       2.526568558949e-12      -1.009147759304e-11       0.000000000000e+00       3.961008470349e-15      -1.148642834071e-16       1.158125600680e-16 
 1103       1.663352343702e-10       2.492227954031e-12      -9.999198713715e-12       0.000000000000e+00       3.947118074783e-15      -1.155570353211e-16       1.139276855903e-16 
 1104       1.666287092379e-10       2.458377651672e-12      -9.904591588129e-12       0.000000000000e+00       3.933287856792e-15      -1.161648300955e-16       1.120396305265e-16 
 1105       1.669126984243e-10       2.425032868933e-12      -9.807703698981e-12       0.000000000000e+00       3.919517422503e-15      -1.166920964123e-16       1.101487723500e-16 
 1106       1.671869310972e-10       2.392208915920e-12      -9.708582934036e-12       0.000000000000e+00       3.905806372100e-15      -1.171432975634e-16       1.082554912171e-16 
 1107       1.674511347526e-10       2.359921195980e-12      -9.607277587093e-12       0.000000000000e+00       3.892154299815e-15      -1.175229315309e-16       1.063601699728e-16 
 1108       1.677050352105e-10       2.328185205898e-12      -9.503836358941e-12       0.000000000000e+00       3.878560793908e-15      -1.178355310675e-16       1.044631941570e-16 
 1109       1.679483566118e-10       2.297016536096e-12      -9.398308358319e-12       0.000000000000e+00       3.865025436649e-15      -1.180856637764e-16       1.025649520102e-16 
 1110       1.681808214147e-10       2.266430870824e-12      -9.290743102873e-12       0.000000000000e+00       3.851547804306e-15      -1.182779321914e-16       1.006658344799e-16 
 1111       1.684021503909e-10       2.236443988361e-12      -9.181190520114e-12       0.000000000000e+00       3.838127467124e-15      -1.184169738574e-16       9.876623522611e-17 
 1112       1.686121048702e-10       2.207069733859e-12      -9.069701918143e-12       0.000000000000e+00       3.824764033781e-15      -1.185067972696e-16       9.686653493700e-17 
 1113       1.688106140883e-10       2.178313908326e-12      -8.956332909832e-12       0.000000000000e+00       3.811457285408e-15      -1.185487799765e-16       9.496705403781e-17 
 1114       1.689976495053e-10       2.150180299730e-12      -8.841140528974e-12       0.000000000000e+00       3.798207043292e-15      -1.185436443294e-16       9.306809937235e-17 
 1115       1.691731827104e-10       2.122672703067e-12      -8.724182265055e-12       0.000000000000e+00       3.785013124564e-15      -1.184921192529e-16       9.116997984159e-17 
 1116       1.693371854218e-10       2.095794920355e-12      -8.605516064306e-12       0.000000000000e+00       3.771875342180e-15      -1.183949402612e-16       8.927300640813e-17 
 1117       1.694896294876e-10       2.069550760641e-12      -8.485200330760e-12       0.000000000000e+00       3.758793504912e-15      -1.182528494732e-16       8.737749210063e-17 
 1118       1.696304868865e-10       2.043944039996e-12      -8.363293927302e-12       0.000000000000e+00       3.745767417335e-15      -1.180665956288e-16       8.548375201825e-17 
 1119       1.697597297277e-10       2.018978581516e-12      -8.239856176722e-12       0.000000000000e+00       3.732796879818e-15      -1.178369341044e-16       8.359210333512e-17 
 1120       1.698773302524e-10       1.994658215324e-12      -8.114946862769e-12       0.000000000000e+00       3.719881688507e-15      -1.175646269286e-16       8.170286530479e-17 
 1121       1.699832608335e-10       1.970986778565e-12      -7.988626231202e-12       0.000000000000e+00       3.707021635316e-15      -1.172504427983e-16       7.981635926465e-17 
 1122       1.700774939763e-10       1.947968115411e-12      -7.860954990845e-12       0.000000000000e+00       3.694216507916e-15      -1.168951570942e-16       7.793290864042e-17 
 1123       1.701600023196e-10       1.925606077058e-12      -7.731994314641e-12       0.000000000000e+00       3.681466089721e-15      -1.164995518965e-16       7.605283895056e-17 
 1124       1.702307586353e-10       1.903904521726e-12      -7.601805840698e-12       0.000000000000e+00       3.668770159876e-15      -1.160644160012e-16       7.417647781075e-17 
 1125       1.702897358299e-10       1.882867314659e-12      -7.470451673352e-12       0.000000000000e+00       3.656128493245e-15      -1.155905449351e-16       7.230415493833e-17 
 1126       1.703369069443e-10       1.862498328124e-12      -7.337994384211e-12       0.000000000000e+00       3.643540860400e-15      -1.150787409721e-16       7.043620215672e-17 
 1127       1.703722451546e-10       1.842801441415e-12      -7.204497013213e-12       0.000000000000e+00       3.631007027611e-15      -1.145298131489e-16       6.857295339993e-17 
 1128       1.703957237730e-10       1.823780540845e-12      -7.070023069676e-12       0.000000000000e+00       3.618526756828e-15      -1.139445772806e-16       6.671474471694e-17 
 1129       1.704073162475e-10       1.805439519754e-12      -6.934636533355e-12       0.000000000000e+00       3.606099805674e-15      -1.133238559766e-16       6.486191427620e-17 
 1130       1.704069961632e-10       1.787782278504e-12      -6.798401855488e-12       0.000000000000e+00       3.593725927432e-15      -1.126684786564e-16       6.301480237007e-17 
 1131       1.703947372426e-10       1.770812724478e-12      -6.661383959857e-12       0.000000000000e+00       3.581404871032e-15      -1.119792815653e-16       6.117375141923e-17 
 1132       1.703705133459e-10       1.754534772086e-12      -6.523648243834e-12       0.000000000000e+00       3.569136381039e-15      -1.112571077902e-16       5.933910597719e-17 
 1133       1.703342984719e-10       1.738952342756e-12      -6.385260579438e-12       0.000000000000e+00       3.556920197643e-15      -1.105028072752e-16       5.751121273468e-17 
 1134       1.702860667583e-10       1.724069364941e-12      -6.246287314386e-12       0.000000000000e+00       3.544756056643e-15      -1.097172368378e-16       5.569042052417e-17 
 1135       1.702257924822e-10       1.709889774116e-12      -6.106795273147e-12       0.000000000000e+00       3.532643689441e-15      -1.089012601843e-16       5.387708032423e-17 
 1136       1.701534500610e-10       1.696417512777e-12      -5.966851757994e-12       0.000000000000e+00       3.520582823023e-15      -1.080557479255e-16       5.207154526404e-17 
 1137       1.700690140524e-10       1.683656530442e-12      -5.826524550057e-12       0.000000000000e+00       3.508573179954e-15      -1.071815775929e-16       5.027417062785e-17 
 1138       1.699724591554e-10       1.671610783651e-12      -5.685881910375e-12       0.000000000000e+00       3.496614478358e-15      -1.062796336541e-16       4.848531385936e-17 
 1139       1.698637602104e-10       1.660284235966e-12      -5.544992580953e-12       0.000000000000e+00       3.484706431915e-15      -1.053508075286e-16       4.670533456625e-17 
 1140       1.697428922003e-10       1.649680857968e-12      -5.403925785809e-12       0.000000000000e+00       3.472848749842e-15      -1.043959976039e-16       4.493459452458e-17 
 1141       1.696098302506e-10       1.639804627262e-12      -5.262751232030e-12       0.000000000000e+00       3.461041136884e-15      -1.034161092508e-16       4.317345768323e-17 
 1142       1.694645496299e-10       1.630659528471e-12      -5.121539110825e-12       0.000000000000e+00       3.449283293300e-15      -1.024120548396e-16       4.142229016840e-17 
 1143       1.693070257507e-10       1.622249553239e-12      -4.980360098579e-12       0.000000000000e+00       3.437574914856e-15      -1.013847537555e-16       3.968146028801e-17 
 1144       1.691372341698e-10       1.614578700233e-12      -4.839285357901e-12       0.000000000000e+00       3.425915692807e-15      -1.003351324146e-16       3.795133853617e-17 
 1145       1.689551505890e-10       1.607650975138e-12      -4.698386538682e-12       0.000000000000e+00       3.414305313886e-15      -9.926412427966e-17       3.623229759763e-17 
 1146       1.687607508553e-10       1.601470390659e-12      -4.557735779146e-12       0.000000000000e+00       3.402743460297e-15      -9.817266987582e-17       3.452471235223e-17 
 1147       1.685540109616e-10       1.596040966520e-12      -4.417405706903e-12       0.000000000000e+00       3.391229809697e-15      -9.706171680635e-17       3.282895987934e-17 
 1148       1.683349070476e-10       1.591366729468e-12      -4.277469440001e-12       0.000000000000e+00       3.379764035187e-15      -9.593221976849e-17       3.114541946231e-17 
 1149       1.681034153996e-10       1.587451713266e-12      -4.138000587981e-12       0.000000000000e+00       3.368345805300e-15      -9.478514056915e-17       2.947447259292e-17 
 1150       1.678595124516e-10       1.584299958698e-12      -3.999073252926e-12       0.000000000000e+00       3.356974783987e-15      -9.362144814074e-17       2.781650297585e-17 
 1151       1.676032030000e-10       1.581913773370e-12      -3.860756600546e-12       0.000000000000e+00       3.345650664470e-15      -9.244149438217e-17       2.617180704420e-17 
 1152       1.673346052387e-10       1.580288486935e-12      -3.723098495831e-12       0.000000000000e+00       3.334373271280e-15      -9.124313297391e-17       2.454032425338e-17 
 1153       1.670538668046e-10       1.579417629274e-12      -3.586141661703e-12       0.000000000000e+00       3.323142459493e-15      -9.002357670835e-17       2.292190337154e-17 
 1154       1.667611366645e-10       1.579294664495e-12      -3.449929090710e-12       0.000000000000e+00       3.311958080968e-15      -8.878001945746e-17       2.131639165423e-17 
 1155       1.664565651184e-10       1.579912990775e-12      -3.314504045582e-12       0.000000000000e+00       3.300819984348e-15      -8.750963613213e-17       1.972363484074e-17 
 1156       1.661403038019e-10       1.581265940201e-12      -3.179910059794e-12       0.000000000000e+00       3.289728015041e-15      -8.620958264140e-17       1.814347715047e-17 
 1157       1.658125056902e-10       1.583346778617e-12      -3.046190938129e-12       0.000000000000e+00       3.278682015220e-15      -8.487699585176e-17       1.657576127926e-17 
 1158       1.654733251004e-10       1.586148705460e-12      -2.913390757238e-12       0.000000000000e+00       3.267681823807e-15      -8.350899354643e-17       1.502032839574e-17 
 1159       1.651229176950e-10       1.589664853607e-12      -2.781553866202e-12       0.000000000000e+00       3.256727276469e-15      -8.210267438466e-17       1.347701813769e-17 
 1160       1.647614404849e-10       1.593888289215e-12      -2.650724887094e-12       0.000000000000e+00       3.245818205606e-15      -8.065511786099e-17       1.194566860841e-17 
 1161       1.643890518327e-10       1.598812011564e-12      -2.520948715538e-12       0.000000000000e+00       3.234954440344e-15      -7.916338426455e-17       1.042611637302e-17 
 1162       1.640059114552e-10       1.604428952901e-12      -2.392270521273e-12       0.000000000000e+00       3.224135806525e-15      -7.762451463833e-17       8.918196454843e-18 
 1163       1.636121804272e-10       1.610731978278e-12      -2.264735748715e-12       0.000000000000e+00       3.213362126699e-15      -7.603553073847e-17       7.421742331764e-18 
 1164       1.632080211840e-10       1.617713885399e-12      -2.138390117515e-12       0.000000000000e+00       3.202633220112e-15      -7.439343499353e-17       5.936585932554e-18 
 1165       1.627935975250e-10       1.625367404459e-12      -2.013279623123e-12       0.000000000000e+00       3.191948902703e-15      -7.269521046380e-17       4.462557633237e-18 
 1166       1.623690746164e-10       1.633685197989e-12      -1.889450537351e-12       0.000000000000e+00       3.181308987089e-15      -7.093782080057e-17       2.999486253434e-18 
 1167       1.619346189945e-10       1.642659860695e-12      -1.766949408929e-12       0.000000000000e+00       3.170713282558e-15      -6.911821020540e-17       1.547199052717e-18 
 1168       1.614903985685e-10       1.652283919304e-12      -1.645823064074e-12       0.000000000000e+00       3.160161595064e-15      -6.723330338941e-17       1.055217269557e-19 
 1169       1.610365826241e-10       1.662549832404e-12      -1.526118607043e-12       0.000000000000e+00       3.149653727211e-15      -6.528000553259e-17      -1.325721595331e-18 
 1170       1.605733418262e-10       1.673449990286e-12      -1.407883420702e-12       0.000000000000e+00       3.139189478250e-15      -6.325520224303e-17      -2.746708356623e-18 
 1171       1.601008482220e-10       1.684976714788e-12      -1.291165167083e-12       0.000000000000e+00       3.128768644066e-15      -6.115575951624e-17      -4.157617574052e-18 
 1172       1.596192752441e-10       1.697122259136e-12      -1.176011787947e-12       0.000000000000e+00       3.118391017173e-15      -5.897852369445e-17      -5.558629843050e-18 
 1173       1.591287977140e-10       1.709878807789e-12      -1.062471505345e-12       0.000000000000e+00       3.108056386702e-15      -5.672032142583e-17      -6.949927340998e-18 
 1174       1.586295918446e-10       1.723238476275e-12      -9.505928221805e-13       0.000000000000e+00       3.097764538392e-15      -5.437795962385e-17      -8.331693830877e-18 
 1175       1.581218352434e-10       1.737193311041e-12      -8.404245227686e-13       0.000000000000e+00       3.087515254583e-15      -5.194822542648e-17      -9.704114664917e-18 
 1176       1.576057069161e-10       1.751735289290e-12      -7.320156733999e-13       0.000000000000e+00       3.077308314206e-15      -4.942788615557e-17      -1.106737678825e-17 
 1177       1.570813872691e-10       1.766856318826e-12      -6.254156229007e-13       0.000000000000e+00       3.067143492774e-15      -4.681368927603e-17      -1.242166874255e-17 
 1178       1.565490581128e-10       1.782548237895e-12      -5.206740031948e-13       0.000000000000e+00       3.057020562373e-15      -4.410236235519e-17      -1.376718066971e-17 
 1179       1.560089026648e-10       1.798802815027e-12      -4.178407298647e-13       0.000000000000e+00       3.046939291654e-15      -4.129061302207e-17      -1.510410431543e-17 
 1180       1.554611055528e-10       1.815611748880e-12      -3.169660027137e-13       0.000000000000e+00       3.036899445822e-15      -3.837512892661e-17      -1.643263303296e-17 
 1181       1.549058528177e-10       1.832966668080e-12      -2.181003063263e-13       0.000000000000e+00       3.026900786631e-15      -3.535257769902e-17      -1.775296178667e-17 
 1182       1.543433319170e-10       1.850859131068e-12      -1.212944106307e-13       0.000000000000e+00       3.016943072369e-15      -3.221960690903e-17      -1.906528715572e-17 
 1183       1.537737317275e-10       1.869280625934e-12      -2.659937145963e-14       0.000000000000e+00       3.007026057855e-15      -2.897284402518e-17      -2.036980733774e-17 
 1184       1.531972425486e-10       1.888222570268e-12       6.593346888810e-14       0.000000000000e+00       2.997149494427e-15      -2.560889637410e-17      -2.166672215245e-17 
 1185       1.526140561051e-10       1.907676310997e-12       1.562524810860e-13       0.000000000000e+00       2.987313129932e-15      -2.212435109978e-17      -2.295623304530e-17 
 1186       1.520243655510e-10       1.927633124229e-12       2.443057482185e-13       0.000000000000e+00       2.977516708721e-15      -1.851577512289e-17      -2.423854309118e-17 
 1187       1.514283654717e-10       1.948084215097e-12       3.300410652195e-13       0.000000000000e+00       2.967759971637e-15      -1.477971510003e-17      -2.551385699798e-17 
 1188       1.508262518876e-10       1.969020717597e-12       4.134059383111e-13       0.000000000000e+00       2.958042656006e-15      -1.091269738302e-17      -2.678238111031e-17 
 1189       1.502182222572e-10       1.990433694434e-12       4.943475844419e-13       0.000000000000e+00       2.948364495630e-15      -6.911227978182e-18      -2.804432341313e-17 
 1190       1.496044768506e-10       2.012313645467e-12       5.728209434625e-13       0.000000000000e+00       2.938725245716e-15      -2.773407976415e-18      -2.929983742028e-17 
 1191       1.489852228832e-10       2.034649026749e-12       6.488128235103e-13       0.000000000000e+00       2.929124758025e-15       1.496198354624e-18      -3.054885307836e-17 
 1192       1.483606704389e-10       2.057427712987e-12       7.223180510760e-13       0.000000000000e+00       2.919562906631e-15       5.891371950903e-18      -3.179124379316e-17 
 1193       1.477310311076e-10       2.080637487083e-12       7.933314852841e-13       0.000000000000e+00       2.910039563054e-15       1.040584890341e-17      -3.302688235532e-17 
 1194       1.470965179879e-10       2.104266039938e-12       8.618480180094e-13       0.000000000000e+00       2.900554596256e-15       1.503332036211e-17      -3.425564093918e-17 
 1195       1.464573456910e-10       2.128300970253e-12       9.278625739940e-13       0.000000000000e+00       2.891107872633e-15       1.976743243986e-17      -3.547739110173e-17 
 1196       1.458137303432e-10       2.152729784327e-12       9.913701109644e-13       0.000000000000e+00       2.881699256010e-15       2.460178611633e-17      -3.669200378147e-17 
 1197       1.451658895896e-10       2.177539895863e-12       1.052365619748e-12       0.000000000000e+00       2.872328607632e-15       2.952993714199e-17      -3.789934929732e-17 
 1198       1.445140425968e-10       2.202718625762e-12       1.110844124392e-12       0.000000000000e+00       2.862995786156e-15       3.454539594203e-17      -3.909929734754e-17 
 1199       1.438584100569e-10       2.228253201929e-12       1.166800682277e-12       0.000000000000e+00       2.853700647649e-15       3.964162752025e-17      -4.029171700860e-17 
 1200       1.431992141900e-10       2.254130759071e-12       1.220230384236e-12       0.000000000000e+00       2.844443045576e-15       4.481205136307e-17      -4.147647673407e-17 
 1201       1.425366787475e-10       2.280338338498e-12       1.271128354673e-12       0.000000000000e+00       2.835222830796e-15       5.005004134342e-17      -4.265344435356e-17 
 1202       1.418710290156e-10       2.306862887926e-12       1.319489751676e-12       0.000000000000e+00       2.826039851556e-15       5.534892562469e-17      -4.382248707160e-17 
 1203       1.412024918184e-10       2.333691261275e-12       1.365309767137e-12       0.000000000000e+00       2.816893953481e-15       6.070198656467e-17      -4.498347146651e-17 
 1204       1.405312955209e-10       2.360810218469e-12       1.408583626870e-12       0.000000000000e+00       2.807784979569e-15       6.610246061948e-17      -4.613626348934e-17 
 1205       1.398576700325e-10       2.388206425240e-12       1.449306590723e-12       0.000000000000e+00       2.798712770186e-15       7.154353824751e-17      -4.728072846275e-17 
 1206       1.391818468100e-10       2.415866452928e-12       1.487473952700e-12       0.000000000000e+00       2.789677163054e-15       7.701836381337e-17      -4.841673107991e-17 
 1207       1.385040588609e-10       2.443776778278e-12       1.523081041075e-12       0.000000000000e+00       2.780677993250e-15       8.252003549182e-17      -4.954413540339e-17 
 1208       1.378245407464e-10       2.471923783246e-12       1.556123218511e-12       0.000000000000e+00       2.771715093196e-15       8.804160517168e-17      -5.066280486408e-17 
 1209       1.371435285851e-10       2.500293754795e-12       1.586595882175e-12       0.000000000000e+00       2.762788292652e-15       9.357607835981e-17      -5.177260226008e-17 
 1210       1.364612600555e-10       2.528872884700e-12       1.614494463858e-12       0.000000000000e+00       2.753897418712e-15       9.911641408503e-17      -5.287338975556e-17 
 1211       1.357779744001e-10       2.557647269345e-12       1.639814430087e-12       0.000000000000e+00       2.745042295792e-15       1.046555248021e-16      -5.396502887974e-17 
 1212       1.350939124275e-10       2.586602909525e-12       1.662551282248e-12       0.000000000000e+00       2.736222745628e-15       1.101862762954e-16      -5.504738052572e-17 
 1213       1.344093165166e-10       2.615725710250e-12       1.682700556697e-12       0.000000000000e+00       2.727438587269e-15       1.157014875835e-16      -5.612030494939e-17 
 1214       1.337244306194e-10       2.645001480538e-12       1.700257824883e-12       0.000000000000e+00       2.718689637065e-15       1.211939308222e-16      -5.718366176836e-17 
 1215       1.330395002640e-10       2.674415933224e-12       1.715218693458e-12       0.000000000000e+00       2.709975708667e-15       1.266563312093e-16      -5.823730996083e-17 
 1216       1.323547725581e-10       2.703954684755e-12       1.727578804402e-12       0.000000000000e+00       2.701296613015e-15       1.320813668879e-16      -5.928110786448e-17 
 1217       1.316704961922e-10       2.733603254996e-12       1.737333835133e-12       0.000000000000e+00       2.692652158334e-15       1.374616688510e-16      -6.031491317542e-17 
 1218       1.309869214427e-10       2.763347067024e-12       1.744479498627e-12       0.000000000000e+00       2.684042150126e-15       1.427898208447e-16      -6.133858294702e-17 
 1219       1.303043001751e-10       2.793171446933e-12       1.749011543536e-12       0.000000000000e+00       2.675466391164e-15       1.480583592726e-16      -6.235197358886e-17 
 1220       1.296228858471e-10       2.823061623636e-12       1.750925754303e-12       0.000000000000e+00       2.666924681484e-15       1.532597730997e-16      -6.335494086561e-17 
 1221       1.289429335123e-10       2.853002728661e-12       1.750217951280e-12       0.000000000000e+00       2.658416818379e-15       1.583865037562e-16      -6.434733989592e-17 
 1222       1.282646998227e-10       2.882979795957e-12       1.746883990845e-12       0.000000000000e+00       2.649942596392e-15       1.634309450415e-16      -6.532902515135e-17 
 1223       1.275884430324e-10       2.912977761689e-12       1.740919765517e-12       0.000000000000e+00       2.641501807309e-15       1.683854430283e-16      -6.629985045521e-17 
 1224       1.269144230007e-10       2.942981464045e-12       1.732321204076e-12       0.000000000000e+00       2.633094240152e-15       1.732422959662e-16      -6.725966898153e-17 
 1225       1.262429011952e-10       2.972975643032e-12       1.721084271679e-12       0.000000000000e+00       2.624719681174e-15       1.779937541858e-16      -6.820833325391e-17 
 1226       1.255741406949e-10       3.002944940277e-12       1.707204969976e-12       0.000000000000e+00       2.616377913850e-15       1.826320200028e-16      -6.914569514444e-17 
 1227       1.249084061940e-10       3.032873898831e-12       1.690679337227e-12       0.000000000000e+00       2.608068718868e-15       1.871492476217e-16      -7.007160587257e-17 
 1228       1.242459640043e-10       3.062746962966e-12       1.671503448420e-12       0.000000000000e+00       2.599791874130e-15       1.915375430399e-16      -7.098591600406e-17 
 1229       1.235870604030e-10       3.092549401744e-12       1.649679184831e-12       0.000000000000e+00       2.591547176507e-15       1.957912072661e-16      -7.188848709862e-17 
 1230       1.229318563863e-10       3.122270092129e-12       1.625231617575e-12       0.000000000000e+00       2.583334507438e-15       1.999134953727e-16      -7.277922680686e-17 
 1231       1.222804921460e-10       3.151898768581e-12       1.598191831051e-12       0.000000000000e+00       2.575153768099e-15       2.039099376457e-16      -7.365805418864e-17 
 1232       1.216331086566e-10       3.181425102167e-12       1.568591172825e-12       0.000000000000e+00       2.567004857703e-15       2.077861036439e-16      -7.452488810190e-17 
 1233       1.209898476765e-10       3.210838700434e-12       1.536461254208e-12       0.000000000000e+00       2.558887673491e-15       2.115476022815e-16      -7.537964720259e-17 
 1234       1.203508517498e-10       3.240129107284e-12       1.501833950828e-12       0.000000000000e+00       2.550802110727e-15       2.152000819097e-16      -7.622224994437e-17 
 1235       1.197162642076e-10       3.269285802849e-12       1.464741403209e-12       0.000000000000e+00       2.542748062698e-15       2.187492303988e-16      -7.705261457855e-17 
 1236       1.190862291696e-10       3.298298203362e-12       1.425216017341e-12       0.000000000000e+00       2.534725420701e-15       2.222007752202e-16      -7.787065915382e-17 
 1237       1.184608915454e-10       3.327155661034e-12       1.383290465260e-12       0.000000000000e+00       2.526734074043e-15       2.255604835289e-16      -7.867630151614e-17 
 1238       1.178403970363e-10       3.355847463928e-12       1.338997685620e-12       0.000000000000e+00       2.518773910036e-15       2.288341622446e-16      -7.946945930852e-17 
 1239       1.172248921364e-10       3.384362835830e-12       1.292370884267e-12       0.000000000000e+00       2.510844813989e-15       2.320276581346e-16      -8.025004997086e-17 
 1240       1.166145241345e-10       3.412690936128e-12       1.243443534817e-12       0.000000000000e+00       2.502946669206e-15       2.351468578952e-16      -8.101799073977e-17 
 1241       1.160094411152e-10       3.440820859679e-12       1.192249379231e-12       0.000000000000e+00       2.495079356980e-15       2.381976882341e-16      -8.177319864842e-17 
 1242       1.154097919607e-10       3.468741636691e-12       1.138822428384e-12       0.000000000000e+00       2.487242756584e-15       2.411861159523e-16      -8.251559052630e-17 
 1243       1.148157263519e-10       3.496442232592e-12       1.083196962649e-12       0.000000000000e+00       2.479436745274e-15       2.441181480258e-16      -8.324508299913e-17 
 1244       1.142273947705e-10       3.523911547905e-12       1.025407532465e-12       0.000000000000e+00       2.471661198275e-15       2.469998316884e-16      -8.396159248858e-17 
 1245       1.136449484998e-10       3.551138418122e-12       9.654889589146e-13       0.000000000000e+00       2.463915988783e-15       2.498372545127e-16      -8.466503521221e-17 
 1246       1.130685396266e-10       3.578111613578e-12       9.034763342991e-13       0.000000000000e+00       2.456200987956e-15       2.526365444931e-16      -8.535532718317e-17 
 1247       1.124983210427e-10       3.604819839327e-12       8.394050227131e-13       0.000000000000e+00       2.448516064908e-15       2.554038701271e-16      -8.603238421014e-17 
 1248       1.119344464462e-10       3.631251735014e-12       7.733106606193e-13       0.000000000000e+00       2.440861086710e-15       2.581454404977e-16      -8.669612189708e-17 
 1249       1.113770703429e-10       3.657395874748e-12       7.052291574236e-13       0.000000000000e+00       2.433235918376e-15       2.608675053551e-16      -8.734645564305e-17 
 1250       1.108263480482e-10       3.683240766979e-12       6.351966960503e-13       0.000000000000e+00       2.425640422867e-15       2.635763551991e-16      -8.798330064208e-17 
 1251       1.102824356883e-10       3.708774854370e-12       5.632497335167e-13       0.000000000000e+00       2.418074461077e-15       2.662783213610e-16      -8.860657188298e-17 
 1252       1.097454902015e-10       3.733986513672e-12       4.894250015082e-13       0.000000000000e+00       2.410537891837e-15       2.689797760852e-16      -8.921618414912e-17 
 1253       1.092156693402e-10       3.758864055597e-12       4.137595069534e-13       0.000000000000e+00       2.403030571901e-15       2.716871326119e-16      -8.981205201831e-17 
 1254       1.086931316719e-10       3.783395724693e-12       3.362905325989e-13       0.000000000000e+00       2.395552355948e-15       2.744068452588e-16      -9.039408986260e-17 
 1255       1.081780365808e-10       3.807569699218e-12       2.570556375845e-13       0.000000000000e+00       2.388103096572e-15       2.771454095027e-16      -9.096221184809e-17 
 1256       1.076705442697e-10       3.831374091013e-12       1.760926580177e-13       0.000000000000e+00       2.380682644282e-15       2.799093620623e-16      -9.151633193476e-17 
 1257       1.071708157609e-10       3.854796945377e-12       9.343970754919e-14       0.000000000000e+00       2.373290847491e-15       2.827052809798e-16      -9.205636387632e-17 
 1258       1.066790128979e-10       3.877826240941e-12       9.135177947523e-15       0.000000000000e+00       2.365927552515e-15       2.855397857027e-16      -9.258222122001e-17 
 1259       1.061952983470e-10       3.900449889543e-12      -7.678226032584e-14       0.000000000000e+00       2.358592603566e-15       2.884195371663e-16      -9.309381730641e-17 
 1260       1.057198355989e-10       3.922655736099e-12      -1.642736575416e-13       0.000000000000e+00       2.351285842748e-15       2.913512378754e-16      -9.359106526928e-17 
 1261       1.052527889696e-10       3.944431558479e-12      -2.532997841275e-13       0.000000000000e+00       2.344007110052e-15       2.943416319863e-16      -9.407387803541e-17 
 1262       1.047943236026e-10       3.965765067383e-12      -3.438211300937e-13       0.000000000000e+00       2.336756243350e-15       2.973975053892e-16      -9.454216832439e-17 
 1263       1.043446054699e-10       3.986643906212e-12      -4.357979044575e-13       0.000000000000e+00       2.329533078389e-15       3.005256857896e-16      -9.499584864845e-17 
 1264       1.039038013738e-10       4.007055650942e-12      -5.291900346683e-13       0.000000000000e+00       2.322337448789e-15       3.037330427909e-16      -9.543483131233e-17 
 1265       1.034720789482e-10       4.026987810000e-12      -6.239571660330e-13       0.000000000000e+00       2.315169186035e-15       3.070264879760e-16      -9.585902841304e-17 
 1266       1.030496066599e-10       4.046427824137e-12      -7.200586611407e-13       0.000000000000e+00       2.308028119473e-15       3.104129749895e-16      -9.626835183970e-17 
 1267       1.026365538106e-10       4.065363066303e-12      -8.174535992881e-13       0.000000000000e+00       2.300914076306e-15       3.138994996199e-16      -9.666271327340e-17 
 1268       1.022330617707e-10       4.083782523142e-12      -9.161001779735e-13       0.000000000000e+00       2.293826897540e-15       3.174909531920e-16      -9.704204853590e-17 
 1269       1.018391573158e-10       4.101681860955e-12      -1.015953910986e-12       0.000000000000e+00       2.286766486042e-15       3.211836554939e-16      -9.740639094351e-17 
 1270       1.014548382943e-10       4.119058417895e-12      -1.116969408399e-12       0.000000000000e+00       2.279732759030e-15       3.249717474517e-16      -9.775579879859e-17 
 1271       1.010801023027e-10       4.135909527643e-12      -1.219100971995e-12       0.000000000000e+00       2.272725632159e-15       3.288493309760e-16      -9.809033111902e-17 
 1272       1.007149466860e-10       4.152232519408e-12      -1.322302594648e-12       0.000000000000e+00       2.265745019525e-15       3.328104688847e-16      -9.841004763982e-17 
 1273       1.003593685360e-10       4.168024717924e-12      -1.426527959703e-12       0.000000000000e+00       2.258790833655e-15       3.368491848243e-16      -9.871500881478e-17 
 1274       1.000133646912e-10       4.183283443451e-12      -1.531730440359e-12       0.000000000000e+00       2.251862985505e-15       3.409594631921e-16      -9.900527581812e-17 
 1275       9.967693173619e-11       4.198006011775e-12      -1.637863099045e-12       0.000000000000e+00       2.244961384458e-15       3.451352490581e-16      -9.928091054614e-17 
 1276       9.935006600069e-11       4.212189734206e-12      -1.744878686802e-12       0.000000000000e+00       2.238085938318e-15       3.493704480866e-16      -9.954197561881e-17 
 1277       9.903276355906e-11       4.225831917580e-12      -1.852729642666e-12       0.000000000000e+00       2.231236553306e-15       3.536589264589e-16      -9.978853438145e-17 
 1278       9.872502022964e-11       4.238929864254e-12      -1.961368093046e-12       0.000000000000e+00       2.224413134056e-15       3.579945107942e-16      -1.000206509064e-16 
 1279       9.842683157402e-11       4.251480872110e-12      -2.070745851106e-12       0.000000000000e+00       2.217615583613e-15       3.623709880726e-16      -1.002383899945e-16 
 1280       9.813819289649e-11       4.263482234554e-12      -2.180814416141e-12       0.000000000000e+00       2.210843803429e-15       3.667821055559e-16      -1.004418171769e-16 
 1281       9.785909924326e-11       4.274931240510e-12      -2.291524972965e-12       0.000000000000e+00       2.204097693354e-15       3.712215707106e-16      -1.006309987168e-16 
 1282       9.758954540189e-11       4.285825174428e-12      -2.402828391285e-12       0.000000000000e+00       2.197377151640e-15       3.756830511291e-16      -1.008060016107e-16 
 1283       9.732952590059e-11       4.296161316275e-12      -2.514675225085e-12       0.000000000000e+00       2.190682074931e-15       3.801601744519e-16      -1.009668935905e-16 
 1284       9.707903500757e-11       4.305936941541e-12      -2.627015712004e-12       0.000000000000e+00       2.184012358262e-15       3.846465282895e-16      -1.011137431246e-16 
 1285       9.683806673038e-11       4.315149321234e-12      -2.739799772717e-12       0.000000000000e+00       2.177367895053e-15       3.891356601443e-16      -1.012466194202e-16 
 1286       9.660661481526e-11       4.323795721885e-12      -2.852977010320e-12       0.000000000000e+00       2.170748577108e-15       3.936210773325e-16      -1.013655924244e-16 
 1287       9.638467274647e-11       4.331873405539e-12      -2.966496709702e-12       0.000000000000e+00       2.164154294609e-15       3.980962469060e-16      -1.014707328261e-16 
 1288       9.617223374561e-11       4.339379629761e-12      -3.080307836932e-12       0.000000000000e+00       2.157584936111e-15       4.025545955746e-16      -1.015621120574e-16 
 1289       9.596929077101e-11       4.346311647635e-12      -3.194359038638e-12       0.000000000000e+00       2.151040388543e-15       4.069895096275e-16      -1.016398022957e-16 
 1290       9.577583651705e-11       4.352666707762e-12      -3.308598641386e-12       0.000000000000e+00       2.144520537196e-15       4.113943348556e-16      -1.017038764648e-16 
 1291       9.559186341346e-11       4.358442054256e-12      -3.422974651060e-12       0.000000000000e+00       2.138025265728e-15       4.157623764731e-16      -1.017544082369e-16 
 1292       9.541736362473e-11       4.363634926752e-12      -3.537434752247e-12       0.000000000000e+00       2.131554456155e-15       4.200868990396e-16      -1.017914720342e-16 
 1293       9.525232904940e-11       4.368242560397e-12      -3.651926307612e-12       0.000000000000e+00       2.125107988845e-15       4.243611263822e-16      -1.018151430303e-16 
 1294       9.509675131942e-11       4.372262185854e-12      -3.766396357281e-12       0.000000000000e+00       2.118685742521e-15       4.285782415170e-16      -1.018254971520e-16 
 1295       9.495062179950e-11       4.375691029300e-12      -3.880791618221e-12       0.000000000000e+00       2.112287594252e-15       4.327313865713e-16      -1.018226110812e-16 
 1296       9.481393158642e-11       4.378526312427e-12      -3.995058483620e-12       0.000000000000e+00       2.105913419448e-15       4.368136627057e-16      -1.018065622559e-16 
 1297       9.468667150840e-11       4.380765252439e-12      -4.109143022269e-12       0.000000000000e+00       2.099563091860e-15       4.408181300355e-16      -1.017774288726e-16 
 1298       9.456883212444e-11       4.382405062053e-12      -4.222990977942e-12       0.000000000000e+00       2.093236483576e-15       4.447378075532e-16      -1.017352898874e-16 
 1299       9.446040372363e-11       4.383442949497e-12      -4.336547768773e-12       0.000000000000e+00       2.086933465014e-15       4.485656730500e-16      -1.016802250177e-16 
 1300       9.436137632453e-11       4.383876118514e-12      -4.449758486642e-12       0.000000000000e+00       2.080653904918e-15       4.522946630379e-16      -1.016123147441e-16 
 1301       9.427173967449e-11       4.383701768354e-12      -4.562567896551e-12       0.000000000000e+00       2.074397670358e-15       4.559176726716e-16      -1.015316403117e-16 
 1302       9.419148324898e-11       4.382917093780e-12      -4.674920436009e-12       0.000000000000e+00       2.068164626723e-15       4.594275556705e-16      -1.014382837322e-16 
 1303       9.412059625096e-11       4.381519285065e-12      -4.786760214406e-12       0.000000000000e+00       2.061954637718e-15       4.628171242406e-16      -1.013323277850e-16 
 1304       9.405906761021e-11       4.379505527989e-12      -4.898031012398e-12       0.000000000000e+00       2.055767565360e-15       4.660791489963e-16      -1.012138560192e-16 
 1305       9.400688598265e-11       4.376873003843e-12      -5.008676281289e-12       0.000000000000e+00       2.049603269974e-15       4.692063588824e-16      -1.010829527552e-16 
 1306       9.396403974970e-11       4.373618889426e-12      -5.118639142406e-12       0.000000000000e+00       2.043461610188e-15       4.721914410960e-16      -1.009397030860e-16 
 1307       9.393049844090e-11       4.369741776843e-12      -5.227866675048e-12       0.000000000000e+00       2.037342455886e-15       4.750290599147e-16      -1.007841981910e-16 
 1308       9.390615677569e-11       4.365245950275e-12      -5.336322834063e-12       0.000000000000e+00       2.031245727224e-15       4.777219380519e-16      -1.006165513362e-16 
 1309       9.389088999434e-11       4.360137157052e-12      -5.443975675539e-12       0.000000000000e+00       2.025171356039e-15       4.802748431752e-16      -1.004368820561e-16 
 1310       9.388457237590e-11       4.354421192291e-12      -5.550793081032e-12       0.000000000000e+00       2.019119272936e-15       4.826925752357e-16      -1.002453108601e-16 
 1311       9.388707723627e-11       4.348103898995e-12      -5.656742757249e-12       0.000000000000e+00       2.013089407282e-15       4.849799665314e-16      -1.000419592346e-16 
 1312       9.389827692622e-11       4.341191168157e-12      -5.761792235728e-12       0.000000000000e+00       2.007081687202e-15       4.871418817712e-16      -9.982694964516e-17 
 1313       9.391804282943e-11       4.333688938853e-12      -5.865908872518e-12       0.000000000000e+00       2.001096039579e-15       4.891832181382e-16      -9.960040553830e-17 
 1314       9.394624536052e-11       4.325603198342e-12      -5.969059847863e-12       0.000000000000e+00       1.995132390049e-15       4.911089053536e-16      -9.936245134365e-17 
 1315       9.398275396311e-11       4.316939982170e-12      -6.071212165882e-12       0.000000000000e+00       1.989190662998e-15       4.929239057400e-16      -9.911321247589e-17 
 1316       9.402743710781e-11       4.307705374263e-12      -6.172332654251e-12       0.000000000000e+00       1.983270781560e-15       4.946332142855e-16      -9.885281533681e-17 
 1317       9.408016229030e-11       4.297905507031e-12      -6.272387963885e-12       0.000000000000e+00       1.977372667614e-15       4.962418587070e-16      -9.858138731730e-17 
 1318       9.414079602937e-11       4.287546561465e-12      -6.371344568619e-12       0.000000000000e+00       1.971496241779e-15       4.977548995139e-16      -9.829905679937e-17 
 1319       9.420920386491e-11       4.276634767234e-12      -6.469168764887e-12       0.000000000000e+00       1.965641423415e-15       4.991774300718e-16      -9.800595315815e-17 
 1320       9.428525035600e-11       4.265176402788e-12      -6.565826671409e-12       0.000000000000e+00       1.959808130614e-15       5.005145766662e-16      -9.770220676390e-17 
 1321       9.436879907890e-11       4.253177795455e-12      -6.661284228867e-12       0.000000000000e+00       1.953996280203e-15       5.017714985658e-16      -9.738794898406e-17 
 1322       9.445971262514e-11       4.240645321540e-12      -6.755507199591e-12       0.000000000000e+00       1.948205787738e-15       5.029533880868e-16      -9.706331218521e-17 
 1323       9.455785259951e-11       4.227585406426e-12      -6.848461167235e-12       0.000000000000e+00       1.942436567501e-15       5.040654706557e-16      -9.672842973510e-17 
 1324       9.466307961810e-11       4.214004524669e-12      -6.940111536464e-12       0.000000000000e+00       1.936688532498e-15       5.051130048737e-16      -9.638343600469e-17 
 1325       9.477525330638e-11       4.199909200102e-12      -7.030423532634e-12       0.000000000000e+00       1.930961594456e-15       5.061012825798e-16      -9.602846637013e-17 
 1326       9.489423229718e-11       4.185306005932e-12      -7.119362201470e-12       0.000000000000e+00       1.925255663816e-15       5.070356289148e-16      -9.566365721477e-17 
 1327       9.501987422877e-11       4.170201564837e-12      -7.206892408751e-12       0.000000000000e+00       1.919570649739e-15       5.079214023848e-16      -9.528914593120e-17 
 1328       9.515203574289e-11       4.154602549069e-12      -7.292978839992e-12       0.000000000000e+00       1.913906460093e-15       5.087639949246e-16      -9.490507092323e-17 
 1329       9.529057248275e-11       4.138515680551e-12      -7.377586000122e-12       0.000000000000e+00       1.908263001457e-15       5.095688319618e-16      -9.451157160793e-17 
 1330       9.543533909112e-11       4.121947730976e-12      -7.460678213170e-12       0.000000000000e+00       1.902640179113e-15       5.103413724802e-16      -9.410878841762e-17 
 1331       9.558618920832e-11       4.104905521905e-12      -7.542219621941e-12       0.000000000000e+00       1.897037897048e-15       5.110871090833e-16      -9.369686280191e-17 
 1332       9.574297547030e-11       4.087395924871e-12      -7.622174187704e-12       0.000000000000e+00       1.891456057948e-15       5.118115680582e-16      -9.327593722966e-17 
 1333       9.590554950664e-11       4.069425861471e-12      -7.700505689866e-12       0.000000000000e+00       1.885894563193e-15       5.125203094392e-16      -9.284615519106e-17 
 1334       9.607376193861e-11       4.051002303470e-12      -7.777177725660e-12       0.000000000000e+00       1.880353312859e-15       5.132189270712e-16      -9.240766119958e-17 
 1335       9.624746237718e-11       4.032132272901e-12      -7.852153709823e-12       0.000000000000e+00       1.874832205712e-15       5.139130486736e-16      -9.196060079403e-17 
 1336       9.642649942111e-11       4.012822842159e-12      -7.925396874279e-12       0.000000000000e+00       1.869331139206e-15       5.146083359038e-16      -9.150512054054e-17 
 1337       9.661072065492e-11       3.993081134105e-12      -7.996870267819e-12       0.000000000000e+00       1.863850009476e-15       5.153104844209e-16      -9.104136803458e-17 
 1338       9.679997264697e-11       3.972914322162e-12      -8.066536755785e-12       0.000000000000e+00       1.858388711344e-15       5.160252239494e-16      -9.056949190300e-17 
 1339       9.699410094750e-11       3.952329630415e-12      -8.134359019747e-12       0.000000000000e+00       1.852947138305e-15       5.167583183427e-16      -9.008964180599e-17 
 1340       9.719295008662e-11       3.931334333714e-12      -8.200299557189e-12       0.000000000000e+00       1.847525182533e-15       5.175155656468e-16      -8.960196843912e-17 
 1341       9.739636357242e-11       3.909935757764e-12      -8.264320681189e-12       0.000000000000e+00       1.842122734873e-15       5.183027981639e-16      -8.910662353537e-17 
 1342       9.760418388893e-11       3.888141279235e-12      -8.326384520099e-12       0.000000000000e+00       1.836739684839e-15       5.191258825162e-16      -8.860375986712e-17 
 1343       9.781625249421e-11       3.865958325851e-12      -8.386453017228e-12       0.000000000000e+00       1.831375920614e-15       5.199907197094e-16      -8.809353124814e-17 
 1344       9.803240981838e-11       3.843394376497e-12      -8.444487930525e-12       0.000000000000e+00       1.826031329040e-15       5.209032451962e-16      -8.757609253567e-17 
 1345       9.825249526162e-11       3.820456961315e-12      -8.500450832255e-12       0.000000000000e+00       1.820705795624e-15       5.218694289403e-16      -8.705159963236e-17 
 1346       9.847634769426e-11       3.797154051239e-12      -8.554309249831e-12       0.000000000000e+00       1.815399214751e-15       5.228936484956e-16      -8.652019967480e-17 
 1347       9.870380696680e-11       3.773495231044e-12      -8.606055161924e-12       0.000000000000e+00       1.810111520479e-15       5.239737887769e-16      -8.598200147834e-17 
 1348       9.893471241234e-11       3.749490539237e-12      -8.655686702646e-12       0.000000000000e+00       1.804842656073e-15       5.251060891829e-16      -8.543710477522e-17 
 1349       9.916890234419e-11       3.725150079904e-12      -8.703202038724e-12       0.000000000000e+00       1.799592563814e-15       5.262867657067e-16      -8.488561000027e-17 
 1350       9.940621405389e-11       3.700484022834e-12      -8.748599369588e-12       0.000000000000e+00       1.794361184995e-15       5.275120108916e-16      -8.432761829231e-17 
 1351       9.964648380933e-11       3.675502603640e-12      -8.791876927461e-12       0.000000000000e+00       1.789148459917e-15       5.287779937874e-16      -8.376323149551e-17 
 1352       9.988954685277e-11       3.650216123891e-12      -8.833032977443e-12       0.000000000000e+00       1.783954327889e-15       5.300808599059e-16      -8.319255216073e-17 
 1353       1.001352373989e-10       3.624634951230e-12      -8.872065817602e-12       0.000000000000e+00       1.778778727222e-15       5.314167311771e-16      -8.261568354691e-17 
 1354       1.003833886331e-10       3.598769519502e-12      -8.908973779059e-12       0.000000000000e+00       1.773621595233e-15       5.327817059053e-16      -8.203272962241e-17 
 1355       1.006338327091e-10       3.572630328880e-12      -8.943755226081e-12       0.000000000000e+00       1.768482868238e-15       5.341718587247e-16      -8.144379506637e-17 
 1356       1.008864007476e-10       3.546227945988e-12      -8.976408556162e-12       0.000000000000e+00       1.763362481548e-15       5.355832405558e-16      -8.084898527012e-17 
 1357       1.011409228337e-10       3.519573004026e-12      -9.006932200119e-12       0.000000000000e+00       1.758260369473e-15       5.370118785608e-16      -8.024840633846e-17 
 1358       1.013972280155e-10       3.492676202896e-12      -9.035324622171e-12       0.000000000000e+00       1.753176465313e-15       5.384537761000e-16      -7.964216509111e-17 
 1359       1.016551443022e-10       3.465548309326e-12      -9.061584320035e-12       0.000000000000e+00       1.748110701362e-15       5.399049126877e-16      -7.903036906401e-17 
 1360       1.019144986615e-10       3.438200156995e-12      -9.085709825008e-12       0.000000000000e+00       1.743063008898e-15       5.413612439480e-16      -7.841312651070e-17 
 1361       1.021751170185e-10       3.410642646657e-12      -9.107699702060e-12       0.000000000000e+00       1.738033318189e-15       5.428187015708e-16      -7.779054640370e-17 
 1362       1.024368242531e-10       3.382886746269e-12      -9.127552549916e-12       0.000000000000e+00       1.733021558485e-15       5.442731932677e-16      -7.716273843586e-17 
 1363       1.026994441986e-10       3.354943491111e-12      -9.145267001151e-12       0.000000000000e+00       1.728027658017e-15       5.457206027283e-16      -7.652981302171e-17 
 1364       1.029627996395e-10       3.326823983917e-12      -9.160841722272e-12       0.000000000000e+00       1.723051543995e-15       5.471567895756e-16      -7.589188129883e-17 
 1365       1.032267123095e-10       3.298539394993e-12      -9.174275413807e-12       0.000000000000e+00       1.718093142608e-15       5.485775893225e-16      -7.524905512923e-17 
 1366       1.034910028896e-10       3.270100962348e-12      -9.185566810396e-12       0.000000000000e+00       1.713152379017e-15       5.499788133272e-16      -7.460144710069e-17 
 1367       1.037554910065e-10       3.241519991816e-12      -9.194714680878e-12       0.000000000000e+00       1.708229177355e-15       5.513562487498e-16      -7.394917052815e-17 
 1368       1.040199952303e-10       3.212807857179e-12      -9.201717828374e-12       0.000000000000e+00       1.703323460727e-15       5.527056585076e-16      -7.329233945503e-17 
 1369       1.042843330726e-10       3.183976000296e-12      -9.206575090383e-12       0.000000000000e+00       1.698435151202e-15       5.540227812316e-16      -7.263106865462e-17 
 1370       1.045483209846e-10       3.155035931227e-12      -9.209285338862e-12       0.000000000000e+00       1.693564169818e-15       5.553033312221e-16      -7.196547363145e-17 
 1371       1.048117743556e-10       3.125999228354e-12      -9.209847480322e-12       0.000000000000e+00       1.688710436572e-15       5.565429984048e-16      -7.129567062264e-17 
 1372       1.050745075102e-10       3.096877538511e-12      -9.208260455908e-12       0.000000000000e+00       1.683873870425e-15       5.577374482868e-16      -7.062177659925e-17 
 1373       1.053363337071e-10       3.067682577104e-12      -9.204523241491e-12       0.000000000000e+00       1.679054389294e-15       5.588823219124e-16      -6.994390926767e-17 
 1374       1.055970651371e-10       3.038426128242e-12      -9.198634847758e-12       0.000000000000e+00       1.674251910051e-15       5.599732358192e-16      -6.926218707097e-17 
 1375       1.058565129207e-10       3.009120044856e-12      -9.190594320294e-12       0.000000000000e+00       1.669466348525e-15       5.610057819940e-16      -6.857672919025e-17 
 1376       1.061144871066e-10       2.979776248827e-12      -9.180400739677e-12       0.000000000000e+00       1.664697619491e-15       5.619755278286e-16      -6.788765554601e-17 
 1377       1.063707966697e-10       2.950406731110e-12      -9.168053221559e-12       0.000000000000e+00       1.659945636678e-15       5.628780160762e-16      -6.719508679955e-17 
 1378       1.066252495091e-10       2.921023551858e-12      -9.153550916760e-12       0.000000000000e+00       1.655210312758e-15       5.637087648068e-16      -6.649914435426e-17 
 1379       1.068776524460e-10       2.891638840550e-12      -9.136893011350e-12       0.000000000000e+00       1.650491559349e-15       5.644632673637e-16      -6.579995035703e-17 
 1380       1.071278112222e-10       2.862264796112e-12      -9.118078726743e-12       0.000000000000e+00       1.645789287009e-15       5.651369923188e-16      -6.509762769963e-17 
 1381       1.073755304978e-10       2.832913687045e-12      -9.097107319781e-12       0.000000000000e+00       1.641103405238e-15       5.657253834292e-16      -6.439230002001e-17 
 1382       1.076206138494e-10       2.803597851548e-12      -9.073978082823e-12       0.000000000000e+00       1.636433822471e-15       5.662238595929e-16      -6.368409170372e-17 
 1383       1.078628637682e-10       2.774329697643e-12      -9.048690343832e-12       0.000000000000e+00       1.631780446079e-15       5.666278148045e-16      -6.297312788524e-17 
 1384       1.081020816580e-10       2.745121703301e-12      -9.021243466465e-12       0.000000000000e+00       1.627143182365e-15       5.669326181118e-16      -6.225953444937e-17 
 1385       1.083380844714e-10       2.715985671913e-12      -8.991641230890e-12       0.000000000000e+00       1.622521944833e-15       5.671347582772e-16      -6.154342982223e-17 
 1386       1.085707548146e-10       2.686930489861e-12      -8.959905026676e-12       0.000000000000e+00       1.617916679090e-15       5.672352910774e-16      -6.082490024680e-17 
 1387       1.087999913675e-10       2.657964345517e-12      -8.926060799374e-12       0.000000000000e+00       1.613327338201e-15       5.672364283140e-16      -6.010402424904e-17 
 1388       1.090256922934e-10       2.629095471830e-12      -8.890134682787e-12       0.000000000000e+00       1.608753874442e-15       5.671403964379e-16      -5.938088082540e-17 
 1389       1.092477552373e-10       2.600332146401e-12      -8.852152999329e-12       0.000000000000e+00       1.604196239298e-15       5.669494365761e-16      -5.865554944369e-17 
 1390       1.094660773257e-10       2.571682691566e-12      -8.812142260390e-12       0.000000000000e+00       1.599654383461e-15       5.666658045599e-16      -5.792811004389e-17 
 1391       1.096805551652e-10       2.543155474469e-12      -8.770129166697e-12       0.000000000000e+00       1.595128256827e-15       5.662917709519e-16      -5.719864303901e-17 
 1392       1.098910848422e-10       2.514758907142e-12      -8.726140608674e-12       0.000000000000e+00       1.590617808497e-15       5.658296210735e-16      -5.646722931596e-17 
 1393       1.100975619213e-10       2.486501446585e-12      -8.680203666804e-12       0.000000000000e+00       1.586122986772e-15       5.652816550331e-16      -5.573395023639e-17 
 1394       1.102998814448e-10       2.458391594845e-12      -8.632345611995e-12       0.000000000000e+00       1.581643739154e-15       5.646501877525e-16      -5.499888763753e-17 
 1395       1.104979379320e-10       2.430437899089e-12      -8.582593905937e-12       0.000000000000e+00       1.577180012343e-15       5.639375489956e-16      -5.426212383303e-17 
 1396       1.106916253779e-10       2.402648951689e-12      -8.530976201464e-12       0.000000000000e+00       1.572731752233e-15       5.631460833949e-16      -5.352374161384e-17 
 1397       1.108808372524e-10       2.375033390296e-12      -8.477520342918e-12       0.000000000000e+00       1.568298903915e-15       5.622781504798e-16      -5.278382424903e-17 
 1398       1.110654664998e-10       2.347599897920e-12      -8.422254366512e-12       0.000000000000e+00       1.563881411670e-15       5.613361247034e-16      -5.204245548667e-17 
 1399       1.112454055372e-10       2.320357203007e-12      -8.365206500686e-12       0.000000000000e+00       1.559479218973e-15       5.603223954709e-16      -5.129971955464e-17 
 1400       1.114205462544e-10       2.293314079520e-12      -8.306405166476e-12       0.000000000000e+00       1.555092268484e-15       5.592393671660e-16      -5.055570116152e-17 
 1401       1.115907800125e-10       2.266479347014e-12      -8.245878977870e-12       0.000000000000e+00       1.550720502052e-15       5.580894591795e-16      -4.981048549740e-17 
 1402       1.117559976430e-10       2.239861870717e-12      -8.183656742174e-12       0.000000000000e+00       1.546363860712e-15       5.568751059362e-16      -4.906415823476e-17 
 1403       1.119160894472e-10       2.213470561607e-12      -8.119767460369e-12       0.000000000000e+00       1.542022284681e-15       5.555987569222e-16      -4.831680552932e-17 
 1404       1.120709451952e-10       2.187314376490e-12      -8.054240327478e-12       0.000000000000e+00       1.537695713359e-15       5.542628767133e-16      -4.756851402085e-17 
 1405       1.122204541248e-10       2.161402318081e-12      -7.987104732925e-12       0.000000000000e+00       1.533384085324e-15       5.528699450017e-16      -4.681937083406e-17 
 1406       1.123645049409e-10       2.135743435078e-12      -7.918390260897e-12       0.000000000000e+00       1.529087338333e-15       5.514224566236e-16      -4.606946357944e-17 
 1407       1.125029858146e-10       2.110346822244e-12      -7.848126690705e-12       0.000000000000e+00       1.524805409320e-15       5.499229215873e-16      -4.531888035411e-17 
 1408       1.126357843818e-10       2.085221620483e-12      -7.776343997149e-12       0.000000000000e+00       1.520538234393e-15       5.483738650999e-16      -4.456770974263e-17 
 1409       1.127627877432e-10       2.060377016921e-12      -7.703072350875e-12       0.000000000000e+00       1.516285748831e-15       5.467778275956e-16      -4.381604081794e-17 
 1410       1.128838824625e-10       2.035822244980e-12      -7.628342118741e-12       0.000000000000e+00       1.512047887085e-15       5.451373647626e-16      -4.306396314210e-17 
 1411       1.129989545664e-10       2.011566584461e-12      -7.552183864177e-12       0.000000000000e+00       1.507824582777e-15       5.434550475708e-16      -4.231156676722e-17 
 1412       1.131078895427e-10       1.987619361621e-12      -7.474628347546e-12       0.000000000000e+00       1.503615768692e-15       5.417334622997e-16      -4.155894223628e-17 
 1413       1.132105723404e-10       1.963989949249e-12      -7.395706526508e-12       0.000000000000e+00       1.499421376784e-15       5.399752105653e-16      -4.080618058396e-17 
 1414       1.133068873680e-10       1.940687766745e-12      -7.315449556378e-12       0.000000000000e+00       1.495241338168e-15       5.381829093478e-16      -4.005337333754e-17 
 1415       1.133967184934e-10       1.917722280203e-12      -7.233888790494e-12       0.000000000000e+00       1.491075583122e-15       5.363591910196e-16      -3.930061251770e-17 
 1416       1.134799490421e-10       1.895103002482e-12      -7.151055780572e-12       0.000000000000e+00       1.486924041085e-15       5.345067033720e-16      -3.854799063939e-17 
 1417       1.135564617971e-10       1.872839493290e-12      -7.066982277072e-12       0.000000000000e+00       1.482786640651e-15       5.326281096435e-16      -3.779560071268e-17 
 1418       1.136261389977e-10       1.850941359261e-12      -6.981700229559e-12       0.000000000000e+00       1.478663309573e-15       5.307260885467e-16      -3.704353624360e-17 
 1419       1.136888623385e-10       1.829418254029e-12      -6.895241787062e-12       0.000000000000e+00       1.474553974758e-15       5.288033342961e-16      -3.629189123501e-17 
 1420       1.137445129686e-10       1.808279878315e-12      -6.807639298441e-12       0.000000000000e+00       1.470458562265e-15       5.268625566357e-16      -3.554076018743e-17 
 1421       1.137929714909e-10       1.787535979997e-12      -6.718925312745e-12       0.000000000000e+00       1.466376997305e-15       5.249064808662e-16      -3.479023809989e-17 
 1422       1.138341179608e-10       1.767196354191e-12      -6.629132579574e-12       0.000000000000e+00       1.462309204236e-15       5.229378478730e-16      -3.404042047077e-17 
 1423       1.138678318858e-10       1.747270843334e-12      -6.538294049443e-12       0.000000000000e+00       1.458255106566e-15       5.209594141532e-16      -3.329140329870e-17 
 1424       1.138940134296e-10       1.727767998486e-12      -6.446443277932e-12       0.000000000000e+00       1.454214633657e-15       5.189735703878e-16      -3.254327716221e-17 
 1425       1.139126472653e-10       1.708691048063e-12      -6.353615641964e-12       0.000000000000e+00       1.450187740943e-15       5.169811928167e-16      -3.179610939075e-17 
 1426       1.139237393767e-10       1.690041887865e-12      -6.259847136739e-12       0.000000000000e+00       1.446174389913e-15       5.149827801221e-16      -3.104996171225e-17 
 1427       1.139272959121e-10       1.671822416080e-12      -6.165173973462e-12       0.000000000000e+00       1.442174541429e-15       5.129788338185e-16      -3.030489615821e-17 
 1428       1.139233231851e-10       1.654034533291e-12      -6.069632579729e-12       0.000000000000e+00       1.438188155714e-15       5.109698582578e-16      -2.956097506415e-17 
 1429       1.139118276750e-10       1.636680142471e-12      -5.973259599912e-12       0.000000000000e+00       1.434215192358e-15       5.089563606338e-16      -2.881826107011e-17 
 1430       1.138928160269e-10       1.619761148983e-12      -5.876091895546e-12       0.000000000000e+00       1.430255610311e-15       5.069388509881e-16      -2.807681712116e-17 
 1431       1.138662950521e-10       1.603279460579e-12      -5.778166545712e-12       0.000000000000e+00       1.426309367885e-15       5.049178422138e-16      -2.733670646792e-17 
 1432       1.138322717286e-10       1.587236987398e-12      -5.679520847426e-12       0.000000000000e+00       1.422376422754e-15       5.028938500618e-16      -2.659799266699e-17 
 1433       1.137907532017e-10       1.571635641969e-12      -5.580192316022e-12       0.000000000000e+00       1.418456731948e-15       5.008673931445e-16      -2.586073958155e-17 
 1434       1.137417467837e-10       1.556477339205e-12      -5.480218685539e-12       0.000000000000e+00       1.414550251853e-15       4.988389929417e-16      -2.512501138176e-17 
 1435       1.136852599548e-10       1.541763996407e-12      -5.379637909107e-12       0.000000000000e+00       1.410656938214e-15       4.968091738050e-16      -2.439087254533e-17 
 1436       1.136213003634e-10       1.527497533260e-12      -5.278488159330e-12       0.000000000000e+00       1.406776746127e-15       4.947784629630e-16      -2.365838785800e-17 
 1437       1.135498758263e-10       1.513679871834e-12      -5.176807828675e-12       0.000000000000e+00       1.402909630042e-15       4.927473905264e-16      -2.292762241399e-17 
 1438       1.134709943290e-10       1.500312936579e-12      -5.074635529857e-12       0.000000000000e+00       1.399055543761e-15       4.907164894924e-16      -2.219864161659e-17 
 1439       1.133846640265e-10       1.487398654333e-12      -4.972010096223e-12       0.000000000000e+00       1.395214440435e-15       4.886862957503e-16      -2.147151117858e-17 
 1440       1.132908932431e-10       1.474938954310e-12      -4.868970582139e-12       0.000000000000e+00       1.391386272563e-15       4.866573480861e-16      -2.074629712277e-17 
 1441       1.131896904732e-10       1.462935768108e-12      -4.765556263374e-12       0.000000000000e+00       1.387570991991e-15       4.846301881874e-16      -2.002306578249e-17 
 1442       1.130810643814e-10       1.451391029705e-12      -4.661806637490e-12       0.000000000000e+00       1.383768549913e-15       4.826053606486e-16      -1.930188380208e-17 
 1443       1.129650238030e-10       1.440306675457e-12      -4.557761424221e-12       0.000000000000e+00       1.379978896864e-15       4.805834129759e-16      -1.858281813741e-17 
 1444       1.128415777443e-10       1.429684644099e-12      -4.453460565865e-12       0.000000000000e+00       1.376201982725e-15       4.785648955917e-16      -1.786593605635e-17 
 1445       1.127107353831e-10       1.419526876742e-12      -4.348944227665e-12       0.000000000000e+00       1.372437756715e-15       4.765503618402e-16      -1.715130513929e-17 
 1446       1.125725060688e-10       1.409835316876e-12      -4.244252798198e-12       0.000000000000e+00       1.368686167397e-15       4.745403679923e-16      -1.643899327964e-17 
 1447       1.124268993230e-10       1.400611910364e-12      -4.139426889759e-12       0.000000000000e+00       1.364947162668e-15       4.725354732499e-16      -1.572906868431e-17 
 1448       1.122739248397e-10       1.391858605447e-12      -4.034507338747e-12       0.000000000000e+00       1.361220689766e-15       4.705362397517e-16      -1.502159987424e-17 
 1449       1.121135924859e-10       1.383577352737e-12      -3.929535206050e-12       0.000000000000e+00       1.357506695263e-15       4.685432325776e-16      -1.431665568487e-17 
 1450       1.119459123017e-10       1.375770105223e-12      -3.824551777431e-12       0.000000000000e+00       1.353805125067e-15       4.665570197538e-16      -1.361430526665e-17 
 1451       1.117708945007e-10       1.368438818261e-12      -3.719598563915e-12       0.000000000000e+00       1.350115924415e-15       4.645781722581e-16      -1.291461808554e-17 
 1452       1.115885494707e-10       1.361585449585e-12      -3.614717302173e-12       0.000000000000e+00       1.346439037881e-15       4.626072640241e-16      -1.221766392352e-17 
 1453       1.113988877735e-10       1.355211959294e-12      -3.509949954908e-12       0.000000000000e+00       1.342774409365e-15       4.606448719469e-16      -1.152351287905e-17 
 1454       1.112019201457e-10       1.349320309861e-12      -3.405338711242e-12       0.000000000000e+00       1.339121982097e-15       4.586915758876e-16      -1.083223536762e-17 
 1455       1.109976574990e-10       1.343912466126e-12      -3.300925987100e-12       0.000000000000e+00       1.335481698635e-15       4.567479586785e-16      -1.014390212222e-17 
 1456       1.107861109204e-10       1.338990395299e-12      -3.196754425594e-12       0.000000000000e+00       1.331853500861e-15       4.548146061280e-16      -9.458584193853e-18 
 1457       1.105672916726e-10       1.334556066954e-12      -3.092866897415e-12       0.000000000000e+00       1.328237329984e-15       4.528921070254e-16      -8.776352952006e-18 
 1458       1.103412111947e-10       1.330611453036e-12      -2.989306501212e-12       0.000000000000e+00       1.324633126535e-15       4.509810531460e-16      -8.097280085184e-18 
 1459       1.101078811019e-10       1.327158527853e-12      -2.886116563979e-12       0.000000000000e+00       1.321040830366e-15       4.490820392563e-16      -7.421437601388e-18 
 1460       1.098673131865e-10       1.324199268077e-12      -2.783340641446e-12       0.000000000000e+00       1.317460380649e-15       4.471956631183e-16      -6.748897828623e-18 
 1461       1.096195194180e-10       1.321735652748e-12      -2.681022518456e-12       0.000000000000e+00       1.313891715876e-15       4.453225254950e-16      -6.079733415394e-18 
 1462       1.093645119435e-10       1.319769663265e-12      -2.579206209359e-12       0.000000000000e+00       1.310334773857e-15       4.434632301553e-16      -5.414017331204e-18 
 1463       1.091023168618e-10       1.318302163019e-12      -2.477932710097e-12       0.000000000000e+00       1.306789496989e-15       4.416180136200e-16      -4.751814905792e-18 
 1464       1.088330156968e-10       1.317329524013e-12      -2.377230218190e-12       0.000000000000e+00       1.303255848134e-15       4.397856303406e-16      -4.093159858784e-18 
 1465       1.085567043396e-10       1.316846966514e-12      -2.277123815751e-12       0.000000000000e+00       1.299733794898e-15       4.379644563858e-16      -3.438078031400e-18 
 1466       1.082734793132e-10       1.316849676303e-12      -2.177638709108e-12       0.000000000000e+00       1.296223304373e-15       4.361528586727e-16      -2.786595326030e-18 
 1467       1.079834377740e-10       1.317332804611e-12      -2.078800229010e-12       0.000000000000e+00       1.292724343136e-15       4.343491949515e-16      -2.138737706285e-18 
 1468       1.076866775125e-10       1.318291468053e-12      -1.980633830831e-12       0.000000000000e+00       1.289236877245e-15       4.325518137891e-16      -1.494531197049e-18 
 1469       1.073832969547e-10       1.319720748569e-12      -1.883165094771e-12       0.000000000000e+00       1.285760872241e-15       4.307590545541e-16      -8.540018845319e-19 
 1470       1.070733951632e-10       1.321615693357e-12      -1.786419726062e-12       0.000000000000e+00       1.282296293145e-15       4.289692474004e-16      -2.171759163263e-19 
 1471       1.067570718382e-10       1.323971314810e-12      -1.690423555174e-12       0.000000000000e+00       1.278843104458e-15       4.271807132516e-16       4.159204985443e-19 
 1472       1.064344273191e-10       1.326782590453e-12      -1.595202538012e-12       0.000000000000e+00       1.275401270160e-15       4.253917637853e-16       1.045261089570e-18 
 1473       1.061055625847e-10       1.330044462879e-12      -1.500782756126e-12       0.000000000000e+00       1.271970753707e-15       4.236007014172e-16       1.670819524700e-18 
 1474       1.057705792555e-10       1.333751839686e-12      -1.407190416911e-12       0.000000000000e+00       1.268551518034e-15       4.218058192852e-16       2.292569410295e-18 
 1475       1.054295795938e-10       1.337899593412e-12      -1.314451853812e-12       0.000000000000e+00       1.265143525547e-15       4.200054012341e-16       2.910484291067e-18 
 1476       1.050826665056e-10       1.342482561474e-12      -1.222593526529e-12       0.000000000000e+00       1.261746738130e-15       4.181977217992e-16       3.524537650032e-18 
 1477       1.047299435412e-10       1.347495546100e-12      -1.131642021217e-12       0.000000000000e+00       1.258361117137e-15       4.163810461907e-16       4.134702908453e-18 
 1478       1.043715148968e-10       1.352933314271e-12      -1.041624050692e-12       0.000000000000e+00       1.254986623395e-15       4.145536302783e-16       4.740953425791e-18 
 1479       1.040074854152e-10       1.358790597651e-12      -9.525664546379e-13       0.000000000000e+00       1.251623217203e-15       4.127137205749e-16       5.343262499646e-18 
 1480       1.036379605872e-10       1.365062092532e-12      -8.644961998026e-13       0.000000000000e+00       1.248270858328e-15       4.108595542210e-16       5.941603365711e-18 
 1481       1.032630465527e-10       1.371742459759e-12      -7.774403802081e-13       0.000000000000e+00       1.244929506004e-15       4.089893589691e-16       6.535949197715e-18 
 1482       1.028828501016e-10       1.378826324679e-12      -6.914262173516e-13       0.000000000000e+00       1.241599118936e-15       4.071013531675e-16       7.126273107369e-18 
 1483       1.024974786756e-10       1.386308277065e-12      -6.064810604093e-13       0.000000000000e+00       1.238279655292e-15       4.051937457449e-16       7.712548144316e-18 
 1484       1.021070403683e-10       1.394182871063e-12      -5.226323864406e-13       0.000000000000e+00       1.234971072706e-15       4.032647361945e-16       8.294747296074e-18 
 1485       1.017116439274e-10       1.402444625123e-12      -4.399078005914e-13       0.000000000000e+00       1.231673328277e-15       4.013125145580e-16       8.872843487989e-18 
 1486       1.013113987551e-10       1.411088021933e-12      -3.583350362976e-13       0.000000000000e+00       1.228386378566e-15       3.993352614101e-16       9.446809583175e-18 
 1487       1.009064149095e-10       1.420107508363e-12      -2.779419554893e-13       0.000000000000e+00       1.225110179596e-15       3.973311478427e-16       1.001661838247e-17 
 1488       1.004968031058e-10       1.429497495395e-12      -1.987565487941e-13       0.000000000000e+00       1.221844686851e-15       3.952983354488e-16       1.058224262436e-17 
 1489       1.000826747172e-10       1.439252358061e-12      -1.208069357407e-13       0.000000000000e+00       1.218589855272e-15       3.932349763070e-16       1.114365498497e-17 
 1490       9.966414177638e-11       1.449366435380e-12      -4.412136496311e-14       0.000000000000e+00       1.215345639262e-15       3.911392129656e-16       1.170082807797e-17 
 1491       9.924131697636e-11       1.459834030295e-12       3.127178559651e-14       0.000000000000e+00       1.212111992680e-15       3.890091784271e-16       1.225373445453e-17 
 1492       9.881431367171e-11       1.470649409609e-12       1.053440084835e-13       0.000000000000e+00       1.208888868840e-15       3.868429961317e-16       1.280234660328e-17 
 1493       9.838324587973e-11       1.481806803918e-12       1.780666665272e-13       0.000000000000e+00       1.205676220512e-15       3.846387799423e-16       1.334663695025e-17 
 1494       9.794822828154e-11       1.493300407555e-12       2.494109926375e-13       0.000000000000e+00       1.202473999920e-15       3.823946341282e-16       1.388657785882e-17 
 1495       9.750937622322e-11       1.505124378517e-12       3.193480896010e-13       0.000000000000e+00       1.199282158740e-15       3.801086533497e-16       1.442214162965e-17 
 1496       9.706680571697e-11       1.517272838411e-12       3.878489298773e-13       0.000000000000e+00       1.196100648102e-15       3.777789226420e-16       1.495330050067e-17 
 1497       9.662063344224e-11       1.529739872381e-12       4.548843553953e-13       0.000000000000e+00       1.192929418583e-15       3.754035173993e-16       1.548002664696e-17 
 1498       9.617097674685e-11       1.542519529051e-12       5.204250773497e-13       0.000000000000e+00       1.189768420211e-15       3.729805033595e-16       1.600229218076e-17 
 1499       9.571795364812e-11       1.555605820461e-12       5.844416759973e-13       0.000000000000e+00       1.186617602465e-15       3.705079365880e-16       1.652006915139e-17 
 1500       9.526168283403e-11       1.568992721999e-12       6.469046004532e-13       0.000000000000e+00       1.183476914267e-15       3.679838634622e-16       1.703332954519e-17 
 1501       9.480228366437e-11       1.582674172341e-12       7.077841684872e-13       0.000000000000e+00       1.180346303989e-15       3.654063206553e-16       1.754204528549e-17 
 1502       9.433987605820e-11       1.596643766728e-12       7.670552273282e-13       0.000000000000e+00       1.177225723758e-15       3.627741011058e-16       1.804618999380e-17 
 1503       9.387458015303e-11       1.610893833654e-12       8.247111861365e-13       0.000000000000e+00       1.174115142451e-15       3.600890601157e-16       1.854574429247e-17 
 1504       9.340651664462e-11       1.625416349058e-12       8.807501197765e-13       0.000000000000e+00       1.171014532830e-15       3.573538316776e-16       1.904069055355e-17 
 1505       9.293580690140e-11       1.640203242091e-12       9.351701202531e-13       0.000000000000e+00       1.167923867234e-15       3.545710645532e-16       1.953101114229e-17 
 1506       9.246257296566e-11       1.655246395032e-12       9.879692967558e-13       0.000000000000e+00       1.164843117581e-15       3.517434222976e-16       2.001668841716e-17 
 1507       9.198693755460e-11       1.670537643211e-12       1.039145775703e-12       0.000000000000e+00       1.161772255370e-15       3.488735832848e-16       2.049770472990e-17 
 1508       9.150902406152e-11       1.686068774929e-12       1.088697700786e-12       0.000000000000e+00       1.158711251674e-15       3.459642407322e-16       2.097404242553e-17 
 1509       9.102895655692e-11       1.701831531374e-12       1.136623233012e-12       0.000000000000e+00       1.155660077144e-15       3.430181027257e-16       2.144568384244e-17 
 1510       9.054685978966e-11       1.717817606549e-12       1.182920550750e-12       0.000000000000e+00       1.152618702006e-15       3.400378922448e-16       2.191261131238e-17 
 1511       9.006285918803e-11       1.734018647183e-12       1.227587849775e-12       0.000000000000e+00       1.149587096060e-15       3.370263471871e-16       2.237480716054e-17 
 1512       8.957708086095e-11       1.750426252659e-12       1.270623343310e-12       0.000000000000e+00       1.146565228681e-15       3.339862203937e-16       2.283225370558e-17 
 1513       8.908965159906e-11       1.767031974928e-12       1.312025262071e-12       0.000000000000e+00       1.143553068815e-15       3.309202796737e-16       2.328493325963e-17 
 1514       8.860069887587e-11       1.783827318432e-12       1.351791854312e-12       0.000000000000e+00       1.140550584981e-15       3.278313078297e-16       2.373282812841e-17 
 1515       8.811035084885e-11       1.800803740027e-12       1.389921385868e-12       0.000000000000e+00       1.137557745269e-15       3.247221026819e-16       2.417592061121e-17 
 1516       8.761873636060e-11       1.817952648895e-12       1.426412140201e-12       0.000000000000e+00       1.134574517339e-15       3.215954770938e-16       2.461419300094e-17 
 1517       8.712598493999e-11       1.835265406473e-12       1.461262418440e-12       0.000000000000e+00       1.131600868419e-15       3.184542589967e-16       2.504762758417e-17 
 1518       8.663222680324e-11       1.852733326366e-12       1.494470539430e-12       0.000000000000e+00       1.128636765307e-15       3.153012914149e-16       2.547620664121e-17 
 1519       8.613759285509e-11       1.870347674272e-12       1.526034839772e-12       0.000000000000e+00       1.125682174367e-15       3.121394324903e-16       2.589991244609e-17 
 1520       8.564221468991e-11       1.888099667901e-12       1.555953673871e-12       0.000000000000e+00       1.122737061532e-15       3.089715555076e-16       2.631872726664e-17 
 1521       8.514622459284e-11       1.905980476892e-12       1.584225413976e-12       0.000000000000e+00       1.119801392297e-15       3.058005489191e-16       2.673263336453e-17 
 1522       8.464975554092e-11       1.923981222737e-12       1.610848450227e-12       0.000000000000e+00       1.116875131725e-15       3.026293163697e-16       2.714161299527e-17 
 1523       8.415294120421e-11       1.942092978700e-12       1.635821190699e-12       0.000000000000e+00       1.113958244440e-15       2.994607767218e-16       2.754564840832e-17 
 1524       8.365591594694e-11       1.960306769734e-12       1.659142061443e-12       0.000000000000e+00       1.111050694632e-15       2.962978640802e-16       2.794472184706e-17 
 1525       8.315881482860e-11       1.978613572406e-12       1.680809506534e-12       0.000000000000e+00       1.108152446051e-15       2.931435278171e-16       2.833881554888e-17 
 1526       8.266177360514e-11       1.997004314816e-12       1.700821988113e-12       0.000000000000e+00       1.105263462009e-15       2.900007325967e-16       2.872791174519e-17 
 1527       8.216492873000e-11       2.015469876512e-12       1.719177986432e-12       0.000000000000e+00       1.102383705379e-15       2.868724584009e-16       2.911199266150e-17 
 1528       8.166841735535e-11       2.034001088417e-12       1.735875999897e-12       0.000000000000e+00       1.099513138591e-15       2.837617005533e-16       2.949104051741e-17 
 1529       8.117237733312e-11       2.052588732746e-12       1.750914545113e-12       0.000000000000e+00       1.096651723636e-15       2.806714697448e-16       2.986503752667e-17 
 1530       8.067694721620e-11       2.071223542925e-12       1.764292156928e-12       0.000000000000e+00       1.093799422061e-15       2.776047920581e-16       3.023396589724e-17 
 1531       8.018226625954e-11       2.089896203513e-12       1.776007388476e-12       0.000000000000e+00       1.090956194973e-15       2.745647089931e-16       3.059780783132e-17 
 1532       7.968847442130e-11       2.108597350120e-12       1.786058811223e-12       0.000000000000e+00       1.088122003030e-15       2.715542774914e-16       3.095654552537e-17 
 1533       7.919571236393e-11       2.127317569331e-12       1.794445015009e-12       0.000000000000e+00       1.085296806448e-15       2.685765699612e-16       3.131016117017e-17 
 1534       7.870412145536e-11       2.146047398622e-12       1.801164608094e-12       0.000000000000e+00       1.082480564998e-15       2.656346743026e-16       3.165863695088e-17 
 1535       7.821384377010e-11       2.164777326281e-12       1.806216217201e-12       0.000000000000e+00       1.079673238001e-15       2.627316939323e-16       3.200195504702e-17 
 1536       7.772502209038e-11       2.183497791330e-12       1.809598487561e-12       0.000000000000e+00       1.076874784333e-15       2.598707478087e-16       3.234009763259e-17 
 1537       7.723779990726e-11       2.202199183443e-12       1.811310082956e-12       0.000000000000e+00       1.074085162421e-15       2.570549704564e-16       3.267304687603e-17 
 1538       7.675232142178e-11       2.220871842868e-12       1.811349685762e-12       0.000000000000e+00       1.071304330243e-15       2.542875119915e-16       3.300078494034e-17 
 1539       7.626873154608e-11       2.239506060345e-12       1.809715996996e-12       0.000000000000e+00       1.068532245324e-15       2.515715381467e-16       3.332329398303e-17 
 1540       7.578717590454e-11       2.258092077027e-12       1.806407736360e-12       0.000000000000e+00       1.065768864740e-15       2.489102302956e-16       3.364055615627e-17 
 1541       7.530778924556e-11       2.276620659901e-12       1.801426990065e-12       0.000000000000e+00       1.063014148618e-15       2.463059076771e-16       3.395255711401e-17 
 1542       7.483066055424e-11       2.295084834175e-12       1.794789288988e-12       0.000000000000e+00       1.060268070676e-15       2.437573849021e-16       3.425929657008e-17 
 1543       7.435586761079e-11       2.313478167178e-12       1.786513626271e-12       0.000000000000e+00       1.057530607778e-15       2.412625894128e-16       3.456077784042e-17 
 1544       7.388348855038e-11       2.331794194296e-12       1.776619118431e-12       0.000000000000e+00       1.054801736448e-15       2.388194369879e-16       3.485700434526e-17 
 1545       7.341360186363e-11       2.350026418928e-12       1.765125005575e-12       0.000000000000e+00       1.052081432859e-15       2.364258317236e-16       3.514797960926e-17 
 1546       7.294628639723e-11       2.368168312427e-12       1.752050651611e-12       0.000000000000e+00       1.049369672839e-15       2.340796660135e-16       3.543370726179e-17 
 1547       7.248162135440e-11       2.386213314058e-12       1.737415544460e-12       0.000000000000e+00       1.046666431869e-15       2.317788205302e-16       3.571419103715e-17 
 1548       7.201968629552e-11       2.404154830940e-12       1.721239296275e-12       0.000000000000e+00       1.043971685081e-15       2.295211642048e-16       3.598943477472e-17 
 1549       7.156056113861e-11       2.421986237998e-12       1.703541643646e-12       0.000000000000e+00       1.041285407258e-15       2.273045542084e-16       3.625944241927e-17 
 1550       7.110432615990e-11       2.439700877915e-12       1.684342447822e-12       0.000000000000e+00       1.038607572834e-15       2.251268359322e-16       3.652421802109e-17 
 1551       7.065106199438e-11       2.457292061074e-12       1.663661694917e-12       0.000000000000e+00       1.035938155891e-15       2.229858429682e-16       3.678376573629e-17 
 1552       7.020084963633e-11       2.474753065514e-12       1.641519496125e-12       0.000000000000e+00       1.033277130162e-15       2.208793970900e-16       3.703808982695e-17 
 1553       6.975377043989e-11       2.492077136877e-12       1.617936087935e-12       0.000000000000e+00       1.030624469027e-15       2.188053082330e-16       3.728719466137e-17 
 1554       6.930990611956e-11       2.509257488355e-12       1.592931832345e-12       0.000000000000e+00       1.027980145513e-15       2.167613744754e-16       3.753108471428e-17 
 1555       6.886933875079e-11       2.526287300642e-12       1.566527217069e-12       0.000000000000e+00       1.025344132296e-15       2.147453820186e-16       3.776976456707e-17 
 1556       6.843215077050e-11       2.543159721882e-12       1.538742855758e-12       0.000000000000e+00       1.022716401695e-15       2.127551051678e-16       3.800323890799e-17 
 1557       6.799842497762e-11       2.559867867617e-12       1.509599488208e-12       0.000000000000e+00       1.020096925677e-15       2.107883063126e-16       3.823151253237e-17 
 1558       6.756824453365e-11       2.576404820739e-12       1.479117980575e-12       0.000000000000e+00       1.017485675852e-15       2.088427359077e-16       3.845459034285e-17 
 1559       6.714169296322e-11       2.592763631437e-12       1.447319325588e-12       0.000000000000e+00       1.014882623474e-15       2.069161324535e-16       3.867247734961e-17 
 1560       6.671885415459e-11       2.608937317146e-12       1.414224642761e-12       0.000000000000e+00       1.012287739441e-15       2.050062224764e-16       3.888517867052e-17 
 1561       6.629981236022e-11       2.624918862497e-12       1.379855178609e-12       0.000000000000e+00       1.009700994293e-15       2.031107205097e-16       3.909269953146e-17 
 1562       6.588465219733e-11       2.640701219267e-12       1.344232306857e-12       0.000000000000e+00       1.007122358212e-15       2.012273290744e-16       3.929504526644e-17 
 1563       6.547345864839e-11       2.656277306325e-12       1.307377528658e-12       0.000000000000e+00       1.004551801022e-15       1.993537386591e-16       3.949222131789e-17 
 1564       6.506631706175e-11       2.671640009587e-12       1.269312472801e-12       0.000000000000e+00       1.001989292185e-15       1.974876277013e-16       3.968423323684e-17 
 1565       6.466331315211e-11       2.686782181957e-12       1.230058895930e-12       0.000000000000e+00       9.994348008049e-16       1.956266625677e-16       3.987108668315e-17 
 1566       6.426453300108e-11       2.701696643284e-12       1.189638682750e-12       0.000000000000e+00       9.968882956236e-16       1.937684975347e-16       4.005278742571e-17 
 1567       6.387006305776e-11       2.716376180305e-12       1.148073846248e-12       0.000000000000e+00       9.943497450214e-16       1.919107747691e-16       4.022934134268e-17 
 1568       6.347999013925e-11       2.730813546600e-12       1.105386527898e-12       0.000000000000e+00       9.918191170161e-16       1.900511243090e-16       4.040075442172e-17 
 1569       6.309440143120e-11       2.745001462535e-12       1.061598997883e-12       0.000000000000e+00       9.892963792624e-16       1.881871640437e-16       4.056703276016e-17 
 1570       6.271338448836e-11       2.758932615216e-12       1.016733655300e-12       0.000000000000e+00       9.867814990510e-16       1.863164996951e-16       4.072818256527e-17 
 1571       6.233702723514e-11       2.772599658437e-12       9.708130283788e-13       0.000000000000e+00       9.842744433081e-16       1.844367247978e-16       4.088421015441e-17 
 1572       6.196541796611e-11       2.785995212627e-12       9.238597746915e-13       0.000000000000e+00       9.817751785947e-16       1.825454206796e-16       4.103512195535e-17 
 1573       6.159864534660e-11       2.799111864800e-12       8.758966813682e-13       0.000000000000e+00       9.792836711055e-16       1.806401564426e-16       4.118092450639e-17 
 1574       6.123679841320e-11       2.811942168508e-12       8.269466653089e-13       0.000000000000e+00       9.767998866688e-16       1.787184889433e-16       4.132162445661e-17 
 1575       6.087996657432e-11       2.824478643785e-12       7.770327733969e-13       0.000000000000e+00       9.743237907452e-16       1.767779627736e-16       4.145722856613e-17 
 1576       6.052823961075e-11       2.836713777096e-12       7.261781827119e-13       0.000000000000e+00       9.718553484273e-16       1.748161102411e-16       4.158774370626e-17 
 1577       6.018170767619e-11       2.848640021293e-12       6.744062007435e-13       0.000000000000e+00       9.693945244388e-16       1.728304513498e-16       4.171317685976e-17 
 1578       5.984046129778e-11       2.860249795556e-12       6.217402656037e-13       0.000000000000e+00       9.669412831338e-16       1.708184937807e-16       4.183353512104e-17 
 1579       5.950459137667e-11       2.871535485347e-12       5.682039462407e-13       0.000000000000e+00       9.644955884963e-16       1.687777328725e-16       4.194882569640e-17 
 1580       5.917417412085e-11       2.882490471415e-12       5.138213645616e-13       0.000000000000e+00       9.620574070140e-16       1.667063232722e-16       4.205905824165e-17 
 1581       5.884922568997e-11       2.893112227342e-12       4.586184656479e-13       0.000000000000e+00       9.596267163325e-16       1.646051007279e-16       4.216425189830e-17 
 1582       5.852974713165e-11       2.903399250576e-12       4.026217597251e-13       0.000000000000e+00       9.572034966798e-16       1.624755789765e-16       4.226442832295e-17 
 1583       5.821573941094e-11       2.913350035974e-12       3.458579015528e-13       0.000000000000e+00       9.547877279986e-16       1.603192797851e-16       4.235960935613e-17 
 1584       5.790720341012e-11       2.922963075800e-12       2.883536906587e-13       0.000000000000e+00       9.523793899452e-16       1.581377329643e-16       4.244981702262e-17 
 1585       5.760413992852e-11       2.932236859725e-12       2.301360715719e-13       0.000000000000e+00       9.499784618893e-16       1.559324763805e-16       4.253507353173e-17 
 1586       5.730654968236e-11       2.941169874824e-12       1.712321340559e-13       0.000000000000e+00       9.475849229134e-16       1.537050559692e-16       4.261540127772e-17 
 1587       5.701443330452e-11       2.949760605574e-12       1.116691133425e-13       0.000000000000e+00       9.451987518120e-16       1.514570257477e-16       4.269082284007e-17 
 1588       5.672779134443e-11       2.958007533858e-12       5.147439036516e-14       0.000000000000e+00       9.428199270911e-16       1.491899478280e-16       4.276136098380e-17 
 1589       5.644662426783e-11       2.965909138956e-12      -9.324508007905e-15       0.000000000000e+00       9.404484269678e-16       1.469053924294e-16       4.282703865985e-17 
 1590       5.617093245663e-11       2.973463897547e-12      -7.069990873995e-14       0.000000000000e+00       9.380842293697e-16       1.446049378919e-16       4.288787900537e-17 
 1591       5.590071620871e-11       2.980670283711e-12      -1.326239923924e-13       0.000000000000e+00       9.357273119339e-16       1.422901706887e-16       4.294390534408e-17 
 1592       5.563597573777e-11       2.987526768920e-12      -1.950687928916e-13       0.000000000000e+00       9.333776520072e-16       1.399626854389e-16       4.299514118655e-17 
 1593       5.537671117309e-11       2.994031822045e-12      -2.580061972950e-13       0.000000000000e+00       9.310352266448e-16       1.376240849209e-16       4.304161023060e-17 
 1594       5.512292255943e-11       3.000183909347e-12      -3.214079455581e-13       0.000000000000e+00       9.287000126102e-16       1.352759800848e-16       4.308333636156e-17 
 1595       5.487460985678e-11       3.005981494482e-12      -3.852456303008e-13       0.000000000000e+00       9.263719863743e-16       1.329199900655e-16       4.312034365266e-17 
 1596       5.463177294022e-11       3.011423038494e-12      -4.494906965742e-13       0.000000000000e+00       9.240511241150e-16       1.305577421954e-16       4.315265636532e-17 
 1597       5.439441159973e-11       3.016506999819e-12      -5.141144416269e-13       0.000000000000e+00       9.217374017168e-16       1.281908720175e-16       4.318029894948e-17 
 1598       5.416252554003e-11       3.021231834278e-12      -5.790880146718e-13       0.000000000000e+00       9.194307947699e-16       1.258210232981e-16       4.320329604398e-17 
 1599       5.393611438036e-11       3.025595995080e-12      -6.443824166527e-13       0.000000000000e+00       9.171312785696e-16       1.234498480394e-16       4.322167247680e-17 
 1600       5.371517765432e-11       3.029597932820e-12      -7.099685000105e-13       0.000000000000e+00       9.148388281163e-16       1.210790064931e-16       4.323545326550e-17 
 1601       5.349971480973e-11       3.033236095475e-12      -7.758169684504e-13       0.000000000000e+00       9.125534181141e-16       1.187101671725e-16       4.324466361745e-17 
 1602       5.328972520837e-11       3.036508928404e-12      -8.418983767078e-13       0.000000000000e+00       9.102750229709e-16       1.163450068658e-16       4.324932893022e-17 
 1603       5.308520812588e-11       3.039414874348e-12      -9.081831303155e-13       0.000000000000e+00       9.080036167976e-16       1.139852106490e-16       4.324947479188e-17 
 1604       5.288616275153e-11       3.041952373426e-12      -9.746414853698e-13       0.000000000000e+00       9.057391734073e-16       1.116324718982e-16       4.324512698138e-17 
 1605       5.269258818806e-11       3.044119863137e-12      -1.041243548297e-12       0.000000000000e+00       9.034816663150e-16       1.092884923033e-16       4.323631146879e-17 
 1606       5.250448345150e-11       3.045915778356e-12      -1.107959275621e-12       0.000000000000e+00       9.012310687372e-16       1.069549818803e-16       4.322305441571e-17 
 1607       5.232184747099e-11       3.047338551331e-12      -1.174758473729e-12       0.000000000000e+00       8.989873535907e-16       1.046336589842e-16       4.320538217559e-17 
 1608       5.214467908859e-11       3.048386611686e-12      -1.241610798637e-12       0.000000000000e+00       8.967504934928e-16       1.023262503222e-16       4.318332129400e-17 
 1609       5.197297705912e-11       3.049058386417e-12      -1.308485755759e-12       0.000000000000e+00       8.945204607600e-16       1.000344909661e-16       4.315689850905e-17 
 1610       5.180674004996e-11       3.049352299891e-12      -1.375352699672e-12       0.000000000000e+00       8.922972274080e-16       9.776012436560e-17       4.312614075162e-17 
 1611       5.164596664090e-11       3.049266773842e-12      -1.442180833882e-12       0.000000000000e+00       8.900807651508e-16       9.550490236084e-17       4.309107514580e-17 
 1612       5.149065532393e-11       3.048800227377e-12      -1.508939210591e-12       0.000000000000e+00       8.878710454003e-16       9.327058519547e-17       4.305172900911e-17 
 1613       5.134080450307e-11       3.047951076966e-12      -1.575596730465e-12       0.000000000000e+00       8.856680392656e-16       9.105894152944e-17       4.300812985292e-17 
 1614       5.119641249420e-11       3.046717736445e-12      -1.642122142399e-12       0.000000000000e+00       8.834717175526e-16       8.887174845185e-17       4.296030538273e-17 
 1615       5.105747752487e-11       3.045098617014e-12      -1.708484043284e-12       0.000000000000e+00       8.812820507630e-16       8.671079149382e-17       4.290828349850e-17 
 1616       5.092399773412e-11       3.043092127236e-12      -1.774650877774e-12       0.000000000000e+00       8.790990090943e-16       8.457786464141e-17       4.285209229500e-17 
 1617       5.079597117233e-11       3.040696673035e-12      -1.840590938052e-12       0.000000000000e+00       8.769225624391e-16       8.247477034841e-17       4.279176006216e-17 
 1618       5.067339580098e-11       3.037910657694e-12      -1.906272363596e-12       0.000000000000e+00       8.747526803840e-16       8.040331954924e-17       4.272731528532e-17 
 1619       5.055625950567e-11       3.034733353203e-12      -1.971665415414e-12       0.000000000000e+00       8.725893345804e-16       7.836499647292e-17       4.265878725726e-17 
 1620       5.044451003664e-11       3.031167522917e-12      -2.036749321684e-12       0.000000000000e+00       8.704325058782e-16       7.635994974653e-17       4.258620791925e-17 
 1621       5.033808479621e-11       3.027216822593e-12      -2.101505493507e-12       0.000000000000e+00       8.682821772554e-16       7.438799220077e-17       4.250961003729e-17 
 1622       5.023692080043e-11       3.022884931231e-12      -2.165915255927e-12       0.000000000000e+00       8.661383314524e-16       7.244893523902e-17       4.242902659229e-17 
 1623       5.014095467838e-11       3.018175551113e-12      -2.229959847797e-12       0.000000000000e+00       8.640009509715e-16       7.054258883482e-17       4.234449078050e-17 
 1624       5.005012267157e-11       3.013092407843e-12      -2.293620421653e-12       0.000000000000e+00       8.618700180770e-16       6.866876152947e-17       4.225603601383e-17 
 1625       4.996436063327e-11       3.007639250383e-12      -2.356878043584e-12       0.000000000000e+00       8.597455147939e-16       6.682726042950e-17       4.216369592023e-17 
 1626       4.988360402791e-11       3.001819851091e-12      -2.419713693103e-12       0.000000000000e+00       8.576274229083e-16       6.501789120423e-17       4.206750434401e-17 
 1627       4.980778793044e-11       2.995638005763e-12      -2.482108263017e-12       0.000000000000e+00       8.555157239662e-16       6.324045808328e-17       4.196749534624e-17 
 1628       4.973684702567e-11       2.989097533669e-12      -2.544042559297e-12       0.000000000000e+00       8.534103992736e-16       6.149476385413e-17       4.186370320510e-17 
 1629       4.967071560763e-11       2.982202277590e-12      -2.605497300951e-12       0.000000000000e+00       8.513114298956e-16       5.978060985959e-17       4.175616241621e-17 
 1630       4.960932757899e-11       2.974956103859e-12      -2.666453119892e-12       0.000000000000e+00       8.492187966563e-16       5.809779599540e-17       4.164490769303e-17 
 1631       4.955261645034e-11       2.967362902400e-12      -2.726890560809e-12       0.000000000000e+00       8.471324801380e-16       5.644612070772e-17       4.152997396718e-17 
 1632       4.950051533962e-11       2.959426586763e-12      -2.786790081042e-12       0.000000000000e+00       8.450524606811e-16       5.482538099064e-17       4.141139638882e-17 
 1633       4.945295697147e-11       2.951151094167e-12      -2.846132050444e-12       0.000000000000e+00       8.429787183833e-16       5.323537238377e-17       4.128921032698e-17 
 1634       4.940987367657e-11       2.942540385533e-12      -2.904896751260e-12       0.000000000000e+00       8.409112330993e-16       5.167588896970e-17       4.116345136999e-17 
 1635       4.937119739102e-11       2.933598445528e-12      -2.963064377994e-12       0.000000000000e+00       8.388499844402e-16       5.014672337157e-17       4.103415532573e-17 
 1636       4.933685965571e-11       2.924329282600e-12      -3.020615037280e-12       0.000000000000e+00       8.367949517735e-16       4.864766675061e-17       4.090135822208e-17 
 1637       4.930679161567e-11       2.914736929017e-12      -3.077528747750e-12       0.000000000000e+00       8.347461142219e-16       4.717850880362e-17       4.076509630724e-17 
 1638       4.928092401944e-11       2.904825440906e-12      -3.133785439911e-12       0.000000000000e+00       8.327034506635e-16       4.573903776053e-17       4.062540605007e-17 
 1639       4.925918721844e-11       2.894598898292e-12      -3.189364956011e-12       0.000000000000e+00       8.306669397308e-16       4.432904038195e-17       4.048232414051e-17 
 1640       4.924151116632e-11       2.884061405136e-12      -3.244247049908e-12       0.000000000000e+00       8.286365598108e-16       4.294830195666e-17       4.033588748986e-17 
 1641       4.922782541835e-11       2.873217089372e-12      -3.298411386945e-12       0.000000000000e+00       8.266122890439e-16       4.159660629914e-17       4.018613323118e-17 
 1642       4.921805913073e-11       2.862070102947e-12      -3.351837543820e-12       0.000000000000e+00       8.245941053241e-16       4.027373574714e-17       4.003309871967e-17 
 1643       4.921214106003e-11       2.850624621859e-12      -3.404505008454e-12       0.000000000000e+00       8.225819862979e-16       3.897947115917e-17       3.987682153297e-17 
 1644       4.920999956248e-11       2.838884846197e-12      -3.456393179863e-12       0.000000000000e+00       8.205759093643e-16       3.771359191204e-17       3.971733947156e-17 
 1645       4.921156259339e-11       2.826855000177e-12      -3.507481368029e-12       0.000000000000e+00       8.185758516743e-16       3.647587589838e-17       3.955469055912e-17 
 1646       4.921675770648e-11       2.814539332181e-12      -3.557748793770e-12       0.000000000000e+00       8.165817901300e-16       3.526609952420e-17       3.938891304285e-17 
 1647       4.922551205325e-11       2.801942114796e-12      -3.607174588613e-12       0.000000000000e+00       8.145937013847e-16       3.408403770638e-17       3.922004539388e-17 
 1648       4.923775238235e-11       2.789067644854e-12      -3.655737794659e-12       0.000000000000e+00       8.126115618421e-16       3.292946387022e-17       3.904812630759e-17 
 1649       4.925340503895e-11       2.775920243468e-12      -3.703417364462e-12       0.000000000000e+00       8.106353476559e-16       3.180214994698e-17       3.887319470396e-17 
 1650       4.927239596409e-11       2.762504256070e-12      -3.750192160890e-12       0.000000000000e+00       8.086650347295e-16       3.070186637137e-17       3.869528972798e-17 
 1651       4.929465069406e-11       2.748824052452e-12      -3.796040957005e-12       0.000000000000e+00       8.067005987151e-16       2.962838207913e-17       3.851445074994e-17 
 1652       4.932009435972e-11       2.734884026804e-12      -3.840942435925e-12       0.000000000000e+00       8.047420150139e-16       2.858146450450e-17       3.833071736587e-17 
 1653       4.934865168594e-11       2.720688597751e-12      -3.884875190703e-12       0.000000000000e+00       8.027892587749e-16       2.756087957781e-17       3.814412939780e-17 
 1654       4.938024699090e-11       2.706242208392e-12      -3.927817724191e-12       0.000000000000e+00       8.008423048951e-16       2.656639172296e-17       3.795472689420e-17 
 1655       4.941480418546e-11       2.691549326339e-12      -3.969748448913e-12       0.000000000000e+00       7.989011280186e-16       2.559776385499e-17       3.776255013030e-17 
 1656       4.945224677257e-11       2.676614443754e-12      -4.010645686938e-12       0.000000000000e+00       7.969657025363e-16       2.465475737756e-17       3.756763960844e-17 
 1657       4.949249784658e-11       2.661442077389e-12      -4.050487669745e-12       0.000000000000e+00       7.950360025855e-16       2.373713218053e-17       3.737003605847e-17 
 1658       4.953547962837e-11       2.646037023184e-12      -4.089255873769e-12       0.000000000000e+00       7.931120040196e-16       2.284464569849e-17       3.716977883807e-17 
 1659       4.958111206746e-11       2.630405122429e-12      -4.126945059453e-12       0.000000000000e+00       7.911936903390e-16       2.197705008237e-17       3.696690111767e-17 
 1660       4.962931422628e-11       2.614552502439e-12      -4.163553320524e-12       0.000000000000e+00       7.892810468116e-16       2.113409499797e-17       3.676143465380e-17 
 1661       4.968000474267e-11       2.598485322659e-12      -4.199078756377e-12       0.000000000000e+00       7.873740585071e-16       2.031552856011e-17       3.655341138546e-17 
 1662       4.973310182925e-11       2.582209774708e-12      -4.233519472091e-12       0.000000000000e+00       7.854727102964e-16       1.952109733019e-17       3.634286343443e-17 
 1663       4.978852327269e-11       2.565732082437e-12      -4.266873578449e-12       0.000000000000e+00       7.835769868512e-16       1.875054631361e-17       3.612982310560e-17 
 1664       4.984618643314e-11       2.549058501971e-12      -4.299139191949e-12       0.000000000000e+00       7.816868726438e-16       1.800361895730e-17       3.591432288718e-17 
 1665       4.990600824350e-11       2.532195321763e-12      -4.330314434825e-12       0.000000000000e+00       7.798023519465e-16       1.728005714719e-17       3.569639545105e-17 
 1666       4.996790520882e-11       2.515148862643e-12      -4.360397435059e-12       0.000000000000e+00       7.779234088315e-16       1.657960120569e-17       3.547607365302e-17 
 1667       5.003179340561e-11       2.497925477866e-12      -4.389386326399e-12       0.000000000000e+00       7.760500271702e-16       1.590198988920e-17       3.525339053312e-17 
 1668       5.009758848119e-11       2.480531553162e-12      -4.417279248378e-12       0.000000000000e+00       7.741821906331e-16       1.524696038559e-17       3.502837931591e-17 
 1669       5.016520565303e-11       2.462973506788e-12      -4.444074346325e-12       0.000000000000e+00       7.723198826892e-16       1.461424831167e-17       3.480107341073e-17 
 1670       5.023455970813e-11       2.445257789572e-12      -4.469769771385e-12       0.000000000000e+00       7.704630866058e-16       1.400358771072e-17       3.457150641202e-17 
 1671       5.030556500229e-11       2.427390884971e-12      -4.494363680531e-12       0.000000000000e+00       7.686117854481e-16       1.341471104990e-17       3.433971209961e-17 
 1672       5.037813545954e-11       2.409379309111e-12      -4.517854236586e-12       0.000000000000e+00       7.667659620787e-16       1.284734921785e-17       3.410572443896e-17 
 1673       5.045218457141e-11       2.391229610844e-12      -4.540239608235e-12       0.000000000000e+00       7.649255991572e-16       1.230123152208e-17       3.386957758153e-17 
 1674       5.052762539632e-11       2.372948371795e-12      -4.561517970043e-12       0.000000000000e+00       7.630906791400e-16       1.177608568650e-17       3.363130586499e-17 
 1675       5.060437055889e-11       2.354542206409e-12      -4.581687502468e-12       0.000000000000e+00       7.612611842801e-16       1.127163784891e-17       3.339094381355e-17 
 1676       5.068233224933e-11       2.336017762005e-12      -4.600746391882e-12       0.000000000000e+00       7.594370966260e-16       1.078761255846e-17       3.314852613824e-17 
 1677       5.076142222273e-11       2.317381718824e-12      -4.618692830585e-12       0.000000000000e+00       7.576183980220e-16       1.032373277319e-17       3.290408773719e-17 
 1678       5.084155179843e-11       2.298640790076e-12      -4.635525016818e-12       0.000000000000e+00       7.558050701078e-16       9.879719857461e-18       3.265766369593e-17 
 1679       5.092263185938e-11       2.279801721993e-12      -4.651241154785e-12       0.000000000000e+00       7.539970943175e-16       9.455293579479e-18       3.240928928767e-17 
 1680       5.100457285146e-11       2.260871293877e-12      -4.665839454665e-12       0.000000000000e+00       7.521944518801e-16       9.050172108771e-18       3.215899997360e-17 
 1681       5.108728478280e-11       2.241856318149e-12      -4.679318132630e-12       0.000000000000e+00       7.503971238184e-16       8.664072013671e-18       3.190683140316e-17 
 1682       5.117067722319e-11       2.222763640401e-12      -4.691675410860e-12       0.000000000000e+00       7.486050909489e-16       8.296708258813e-18       3.165281941433e-17 
 1683       5.125465930337e-11       2.203600139443e-12      -4.702909517559e-12       0.000000000000e+00       7.468183338815e-16       7.947794202618e-18       3.139700003394e-17 
 1684       5.133913971439e-11       2.184372727352e-12      -4.713018686974e-12       0.000000000000e+00       7.450368330191e-16       7.617041594779e-18       3.113940947795e-17 
 1685       5.142402670695e-11       2.165088349526e-12      -4.722001159407e-12       0.000000000000e+00       7.432605685569e-16       7.304160573751e-18       3.088008415171e-17 
 1686       5.150922809075e-11       2.145753984728e-12      -4.729855181235e-12       0.000000000000e+00       7.414895204827e-16       7.008859664240e-18       3.061906065028e-17 
 1687       5.159465123382e-11       2.126376645140e-12      -4.736579004922e-12       0.000000000000e+00       7.397236685757e-16       6.730845774689e-18       3.035637575871e-17 
 1688       5.168020306191e-11       2.106963376409e-12      -4.742170889041e-12       0.000000000000e+00       7.379629924068e-16       6.469824194765e-18       3.009206645233e-17 
 1689       5.176579005774e-11       2.087521257699e-12      -4.746629098283e-12       0.000000000000e+00       7.362074713379e-16       6.225498592851e-18       2.982616989703e-17 
 1690       5.185131826045e-11       2.068057401741e-12      -4.749951903479e-12       0.000000000000e+00       7.344570845213e-16       5.997571013530e-18       2.955872344954e-17 
 1691       5.193669326487e-11       2.048578954879e-12      -4.752137581614e-12       0.000000000000e+00       7.327118109001e-16       5.785741875074e-18       2.928976465776e-17 
 1692       5.202182022089e-11       2.029093097124e-12      -4.753184415843e-12       0.000000000000e+00       7.309716292069e-16       5.589709966934e-18       2.901933126099e-17 
 1693       5.210660383280e-11       2.009607042201e-12      -4.753090695507e-12       0.000000000000e+00       7.292365179639e-16       5.409172447226e-18       2.874746119026e-17 
 1694       5.219094835864e-11       1.990128037599e-12      -4.751854716151e-12       0.000000000000e+00       7.275064554828e-16       5.243824840217e-18       2.847419256861e-17 
 1695       5.227475760955e-11       1.970663364619e-12      -4.749474779535e-12       0.000000000000e+00       7.257814198636e-16       5.093361033818e-18       2.819956371136e-17 
 1696       5.235793494907e-11       1.951220338429e-12      -4.745949193659e-12       0.000000000000e+00       7.240613889951e-16       4.957473277067e-18       2.792361312643e-17 
 1697       5.244039083707e-11       1.931805908891e-12      -4.741278723652e-12       0.000000000000e+00       7.223463422013e-16       4.835847399156e-18       2.764637833510e-17 
 1698       5.252206553376e-11       1.912425459203e-12      -4.735473967552e-12       0.000000000000e+00       7.206362651993e-16       4.728148426476e-18       2.736789232276e-17 
 1699       5.260290659012e-11       1.893083997001e-12      -4.728548044152e-12       0.000000000000e+00       7.189311451836e-16       4.634034836562e-18       2.708818705814e-17 
 1700       5.268286132073e-11       1.873786552669e-12      -4.720514148015e-12       0.000000000000e+00       7.172309691822e-16       4.553163322590e-18       2.680729467026e-17 
 1701       5.276187680353e-11       1.854538179367e-12      -4.711385549585e-12       0.000000000000e+00       7.155357240566e-16       4.485188790667e-18       2.652524744871e-17 
 1702       5.283989987936e-11       1.835343953071e-12      -4.701175595310e-12       0.000000000000e+00       7.138453965010e-16       4.429764357123e-18       2.624207784385e-17 
 1703       5.291687715173e-11       1.816208972598e-12      -4.689897707759e-12       0.000000000000e+00       7.121599730425e-16       4.386541345795e-18       2.595781846705e-17 
 1704       5.299275498639e-11       1.797138359646e-12      -4.677565385741e-12       0.000000000000e+00       7.104794400404e-16       4.355169285317e-18       2.567250209096e-17 
 1705       5.306747951103e-11       1.778137258824e-12      -4.664192204419e-12       0.000000000000e+00       7.088037836862e-16       4.335295906412e-18       2.538616164972e-17 
 1706       5.314099661495e-11       1.759210837683e-12      -4.649791815436e-12       0.000000000000e+00       7.071329900029e-16       4.326567139180e-18       2.509883023919e-17 
 1707       5.321325194867e-11       1.740364286751e-12      -4.634377947026e-12       0.000000000000e+00       7.054670448451e-16       4.328627110383e-18       2.481054111724e-17 
 1708       5.328419092364e-11       1.721602819569e-12      -4.617964404134e-12       0.000000000000e+00       7.038059338986e-16       4.341118140738e-18       2.452132770392e-17 
 1709       5.335375871185e-11       1.702931672716e-12      -4.600565068539e-12       0.000000000000e+00       7.021496426798e-16       4.363680742207e-18       2.423122358177e-17 
 1710       5.342190024553e-11       1.684356105850e-12      -4.582193898964e-12       0.000000000000e+00       7.004981565357e-16       4.395953615279e-18       2.394026249599e-17 
 1711       5.348856021678e-11       1.665881401737e-12      -4.562864931203e-12       0.000000000000e+00       6.988514606435e-16       4.437573646269e-18       2.364847835475e-17 
 1712       5.355368307725e-11       1.647512866284e-12      -4.542592278232e-12       0.000000000000e+00       6.972095400104e-16       4.488175904598e-18       2.335590522935e-17 
 1713       5.361721303776e-11       1.629255828573e-12      -4.521390130331e-12       0.000000000000e+00       6.955723794728e-16       4.547393640087e-18       2.306257735454e-17 
 1714       5.367909406801e-11       1.611115640892e-12      -4.499272755201e-12       0.000000000000e+00       6.939399636968e-16       4.614858280244e-18       2.276852912869e-17 
 1715       5.373926989619e-11       1.593097678772e-12      -4.476254498083e-12       0.000000000000e+00       6.923122771772e-16       4.690199427553e-18       2.247379511408e-17 
 1716       5.379768400867e-11       1.575207341014e-12      -4.452349781877e-12       0.000000000000e+00       6.906893042375e-16       4.773044856765e-18       2.217841003710e-17 
 1717       5.385427964964e-11       1.557450049729e-12      -4.427573107257e-12       0.000000000000e+00       6.890710290295e-16       4.863020512183e-18       2.188240878853e-17 
 1718       5.390899982076e-11       1.539831250363e-12      -4.401939052793e-12       0.000000000000e+00       6.874574355332e-16       4.959750504956e-18       2.158582642373e-17 
 1719       5.396178728085e-11       1.522356411738e-12      -4.375462275066e-12       0.000000000000e+00       6.858485075561e-16       5.062857110362e-18       2.128869816292e-17 
 1720       5.401258454554e-11       1.505031026078e-12      -4.348157508789e-12       0.000000000000e+00       6.842442287333e-16       5.171960765102e-18       2.099105939141e-17 
 1721       5.406133388687e-11       1.487860609047e-12      -4.320039566924e-12       0.000000000000e+00       6.826445825268e-16       5.286680064588e-18       2.069294565981e-17 
 1722       5.410797733305e-11       1.470850699779e-12      -4.291123340799e-12       0.000000000000e+00       6.810495522256e-16       5.406631760228e-18       2.039439268433e-17 
 1723       5.415245666801e-11       1.454006860913e-12      -4.261423800229e-12       0.000000000000e+00       6.794591209449e-16       5.531430756721e-18       2.009543634694e-17 
 1724       5.419471343115e-11       1.437334678623e-12      -4.230955993632e-12       0.000000000000e+00       6.778732716265e-16       5.660690109341e-18       1.979611269568e-17 
 1725       5.423468891694e-11       1.420839762653e-12      -4.199735048148e-12       0.000000000000e+00       6.762919870376e-16       5.794021021228e-18       1.949645794486e-17 
 1726       5.427232417459e-11       1.404527746351e-12      -4.167776169757e-12       0.000000000000e+00       6.747152497713e-16       5.931032840676e-18       1.919650847530e-17 
 1727       5.430756000773e-11       1.388404286700e-12      -4.135094643398e-12       0.000000000000e+00       6.731430422458e-16       6.071333058426e-18       1.889630083458e-17 
 1728       5.434033697402e-11       1.372475064352e-12      -4.101705833085e-12       0.000000000000e+00       6.715753467042e-16       6.214527304947e-18       1.859587173730e-17 
 1729       5.437059538487e-11       1.356745783658e-12      -4.067625182029e-12       0.000000000000e+00       6.700121452143e-16       6.360219347733e-18       1.829525806527e-17 
 1730       5.439827530505e-11       1.341222172708e-12      -4.032868212753e-12       0.000000000000e+00       6.684534196683e-16       6.508011088587e-18       1.799449686777e-17 
 1731       5.442331655237e-11       1.325909983354e-12      -3.997450527212e-12       0.000000000000e+00       6.668991517822e-16       6.657502560911e-18       1.769362536182e-17 
 1732       5.444565869732e-11       1.310814991253e-12      -3.961387806909e-12       0.000000000000e+00       6.653493230959e-16       6.808291926997e-18       1.739268093237e-17 
 1733       5.446524106275e-11       1.295942995892e-12      -3.924695813016e-12       0.000000000000e+00       6.638039149725e-16       6.959975475312e-18       1.709170113257e-17 
 1734       5.448200272351e-11       1.281299820627e-12      -3.887390386491e-12       0.000000000000e+00       6.622629085983e-16       7.112147617791e-18       1.679072368401e-17 
 1735       5.449588250613e-11       1.266891312709e-12      -3.849487448197e-12       0.000000000000e+00       6.607262849825e-16       7.264400887124e-18       1.648978647693e-17 
 1736       5.450682907820e-11       1.252722579518e-12      -3.811003387338e-12       0.000000000000e+00       6.591940263457e-16       7.416428316962e-18       1.618892484632e-17 
 1737       5.451483131043e-11       1.238795690119e-12      -3.771956230122e-12       0.000000000000e+00       6.576661203007e-16       7.568331531585e-18       1.588816337452e-17 
 1738       5.451988816981e-11       1.225111954396e-12      -3.732364481185e-12       0.000000000000e+00       6.561425557062e-16       7.720315247606e-18       1.558752401998e-17 
 1739       5.452199865320e-11       1.211672685103e-12      -3.692246736302e-12       0.000000000000e+00       6.546233212812e-16       7.872585128116e-18       1.528702883530e-17 
 1740       5.452116178734e-11       1.198479197864e-12      -3.651621682512e-12       0.000000000000e+00       6.531084056045e-16       8.025347784048e-18       1.498669996737e-17 
 1741       5.451737662893e-11       1.185532811179e-12      -3.610508098261e-12       0.000000000000e+00       6.515977971143e-16       8.178810775543e-18       1.468655965749e-17 
 1742       5.451064226468e-11       1.172834846422e-12      -3.568924853531e-12       0.000000000000e+00       6.500914841081e-16       8.333182613308e-18       1.438663024151e-17 
 1743       5.450095781138e-11       1.160386627849e-12      -3.526890909975e-12       0.000000000000e+00       6.485894547424e-16       8.488672759984e-18       1.408693414995e-17 
 1744       5.448832241596e-11       1.148189482597e-12      -3.484425321048e-12       0.000000000000e+00       6.470916970325e-16       8.645491631508e-18       1.378749390812e-17 
 1745       5.447273525552e-11       1.136244740688e-12      -3.441547232147e-12       0.000000000000e+00       6.455981988522e-16       8.803850598475e-18       1.348833213628e-17 
 1746       5.445419553744e-11       1.124553735028e-12      -3.398275880735e-12       0.000000000000e+00       6.441089479335e-16       8.963961987501e-18       1.318947154976e-17 
 1747       5.443270249939e-11       1.113117801418e-12      -3.354630596486e-12       0.000000000000e+00       6.426239318663e-16       9.126039082590e-18       1.289093495907e-17 
 1748       5.440825540942e-11       1.101938278545e-12      -3.310630801409e-12       0.000000000000e+00       6.411431380986e-16       9.290296126493e-18       1.259274527007e-17 
 1749       5.438085356601e-11       1.091016507996e-12      -3.266296009987e-12       0.000000000000e+00       6.396665539354e-16       9.456948322074e-18       1.229492548405e-17 
 1750       5.435049629812e-11       1.080353834251e-12      -3.221645829310e-12       0.000000000000e+00       6.381941665394e-16       9.626211833671e-18       1.199749869792e-17 
 1751       5.431718296528e-11       1.069951604691e-12      -3.176699959207e-12       0.000000000000e+00       6.367259629300e-16       9.798303788462e-18       1.170048810428e-17 
 1752       5.428091295760e-11       1.059811169602e-12      -3.131478192380e-12       0.000000000000e+00       6.352619299833e-16       9.973442277827e-18       1.140391699159e-17 
 1753       5.424168569588e-11       1.049933882169e-12      -3.086000414540e-12       0.000000000000e+00       6.338020544320e-16       1.015184635871e-17       1.110780874430e-17 
 1754       5.419950063163e-11       1.040321098490e-12      -3.040286604539e-12       0.000000000000e+00       6.323463228651e-16       1.033373605498e-17       1.081218684297e-17 
 1755       5.415435724715e-11       1.030974177569e-12      -2.994356834503e-12       0.000000000000e+00       6.308947217274e-16       1.051933235881e-17       1.051707486438e-17 
 1756       5.410625505558e-11       1.021894481325e-12      -2.948231269965e-12       0.000000000000e+00       6.294472373195e-16       1.070885723202e-17       1.022249648170e-17 
 1757       5.405519360097e-11       1.013083374590e-12      -2.901930170004e-12       0.000000000000e+00       6.280038557972e-16       1.090253360744e-17       9.928475464612e-18 
 1758       5.400117245835e-11       1.004542225115e-12      -2.855473887371e-12       0.000000000000e+00       6.265645631720e-16       1.110058539029e-17       9.635035679407e-18 
 1759       5.394419123373e-11       9.962724035688e-13      -2.808882868628e-12       0.000000000000e+00       6.251293453100e-16       1.130323745955e-17       9.342201089156e-18 
 1760       5.388424956423e-11       9.882752835452e-13      -2.762177654281e-12       0.000000000000e+00       6.236981879320e-16       1.151071566928e-17       9.049995753822e-18 
 1761       5.382134711812e-11       9.805522415619e-13      -2.715378878912e-12       0.000000000000e+00       6.222710766134e-16       1.172324685002e-17       8.758443830392e-18 
 1762       5.375548359484e-11       9.731046570643e-13      -2.668507271313e-12       0.000000000000e+00       6.208479967837e-16       1.194105881017e-17       8.467569573011e-18 
 1763       5.368665872511e-11       9.659339124282e-13      -2.621583654620e-12       0.000000000000e+00       6.194289337263e-16       1.216438033729e-17       8.177397333108e-18 
 1764       5.361487227096e-11       9.590413929618e-13      -2.574628946449e-12       0.000000000000e+00       6.180138725783e-16       1.239344119953e-17       7.887951559531e-18 
 1765       5.354012402581e-11       9.524284869090e-13      -2.527664159026e-12       0.000000000000e+00       6.166027983303e-16       1.262847214694e-17       7.599256798676e-18 
 1766       5.346241381451e-11       9.460965854511e-13      -2.480710399322e-12       0.000000000000e+00       6.151956958260e-16       1.286970491289e-17       7.311337694616e-18 
 1767       5.338174149338e-11       9.400470827101e-13      -2.433788869188e-12       0.000000000000e+00       6.137925497621e-16       1.311737221537e-17       7.024218989235e-18 
 1768       5.329810695035e-11       9.342813757504e-13      -2.386920865486e-12       0.000000000000e+00       6.123933446879e-16       1.337170775841e-17       6.737925522356e-18 
 1769       5.321151010491e-11       9.288008645824e-13      -2.340127780228e-12       0.000000000000e+00       6.109980650051e-16       1.363294623340e-17       6.452482231872e-18 
 1770       5.312195090826e-11       9.236069521640e-13      -2.293431100701e-12       0.000000000000e+00       6.096066949675e-16       1.390132332047e-17       6.167914153877e-18 
 1771       5.302942934331e-11       9.187010444039e-13      -2.246852409609e-12       0.000000000000e+00       6.082192186810e-16       1.417707568988e-17       5.884246422799e-18 
 1772       5.293394542478e-11       9.140845501638e-13      -2.200413385203e-12       0.000000000000e+00       6.068356201031e-16       1.446044100332e-17       5.601504271524e-18 
 1773       5.283549919924e-11       9.097588812609e-13      -2.154135801415e-12       0.000000000000e+00       6.054558830424e-16       1.475165791535e-17       5.319713031536e-18 
 1774       5.273409074516e-11       9.057254524705e-13      -2.108041527990e-12       0.000000000000e+00       6.040799911591e-16       1.505096607469e-17       5.038898133038e-18 
 1775       5.262972696569e-11       9.019850230623e-13      -2.062150989440e-12       0.000000000000e+00       6.027079291662e-16       1.535854241444e-17       4.759083385699e-18 
 1776       5.252244202805e-11       8.985357154675e-13      -2.016478527728e-12       0.000000000000e+00       6.013396864468e-16       1.567430944554e-17       4.480285805112e-18 
 1777       5.241227709277e-11       8.953749802828e-13      -1.971037001621e-12       0.000000000000e+00       5.999752534667e-16       1.599812538559e-17       4.202520743942e-18 
 1778       5.229927353657e-11       8.925002532316e-13      -1.925839324475e-12       0.000000000000e+00       5.986146205741e-16       1.632984772558e-17       3.925803607513e-18 
 1779       5.218347295269e-11       8.899089551416e-13      -1.880898464309e-12       0.000000000000e+00       5.972577779997e-16       1.666933322877e-17       3.650149853873e-18 
 1780       5.206491715119e-11       8.875984919225e-13      -1.836227443887e-12       0.000000000000e+00       5.959047158568e-16       1.701643792965e-17       3.375574993858e-18 
 1781       5.194364815932e-11       8.855662545428e-13      -1.791839340784e-12       0.000000000000e+00       5.945554241404e-16       1.737101713290e-17       3.102094591158e-18 
 1782       5.181970822176e-11       8.838096190079e-13      -1.747747287468e-12       0.000000000000e+00       5.932098927275e-16       1.773292541230e-17       2.829724262383e-18 
 1783       5.169313980099e-11       8.823259463376e-13      -1.703964471370e-12       0.000000000000e+00       5.918681113770e-16       1.810201660968e-17       2.558479677125e-18 
 1784       5.156398557763e-11       8.811125825429e-13      -1.660504134965e-12       0.000000000000e+00       5.905300697289e-16       1.847814383386e-17       2.288376558028e-18 
 1785       5.143228845067e-11       8.801668586043e-13      -1.617379575841e-12       0.000000000000e+00       5.891957573045e-16       1.886115945958e-17       2.019430680848e-18 
 1786       5.129809153789e-11       8.794860904487e-13      -1.574604146775e-12       0.000000000000e+00       5.878651635065e-16       1.925091512645e-17       1.751657874521e-18 
 1787       5.116143817610e-11       8.790675789272e-13      -1.532191255812e-12       0.000000000000e+00       5.865382776179e-16       1.964726173786e-17       1.485074021231e-18 
 1788       5.102237192150e-11       8.789086097923e-13      -1.490154366336e-12       0.000000000000e+00       5.852150888028e-16       2.005004945995e-17       1.219695056469e-18 
 1789       5.088093654999e-11       8.790064536759e-13      -1.448506997148e-12       0.000000000000e+00       5.838955861053e-16       2.045912772056e-17       9.555369691020e-19 
 1790       5.073717605747e-11       8.793583660659e-13      -1.407262722538e-12       0.000000000000e+00       5.825797584500e-16       2.087434520811e-17       6.926158014374e-19 
 1791       5.059113466018e-11       8.799615872846e-13      -1.366435172362e-12       0.000000000000e+00       5.812675946414e-16       2.129554987058e-17       4.309476492887e-19 
 1792       5.044285679502e-11       8.808133424655e-13      -1.326038032116e-12       0.000000000000e+00       5.799590833638e-16       2.172258891445e-17       1.705486620398e-19 
 1793       5.029238711983e-11       8.819108415313e-13      -1.286085043013e-12       0.000000000000e+00       5.786542131810e-16       2.215530880363e-17      -8.856495728915e-20 
 1794       5.013977051376e-11       8.832512791708e-13      -1.246590002055e-12       0.000000000000e+00       5.773529725363e-16       2.259355525839e-17      -3.463769519771e-19 
 1795       4.998505207755e-11       8.848318348170e-13      -1.207566762110e-12       0.000000000000e+00       5.760553497522e-16       2.303717325431e-17      -6.028710115363e-19 
 1796       4.982827713386e-11       8.866496726240e-13      -1.169029231987e-12       0.000000000000e+00       5.747613330299e-16       2.348600702120e-17      -8.580307716479e-19 
 1797       4.966949122760e-11       8.887019414450e-13      -1.130991376510e-12       0.000000000000e+00       5.734709104495e-16       2.393990004207e-17      -1.111839814096e-18 
 1798       4.950874012623e-11       8.909857748094e-13      -1.093467216594e-12       0.000000000000e+00       5.721840699699e-16       2.439869505203e-17      -1.364281666703e-18 
 1799       4.934606982006e-11       8.934982909003e-13      -1.056470829321e-12       0.000000000000e+00       5.709007994278e-16       2.486223403726e-17      -1.615339803264e-18 
 1800       4.918152652264e-11       8.962365925323e-13      -1.020016348010e-12       0.000000000000e+00       5.696210865385e-16       2.533035823393e-17      -1.864997643482e-18 
 1801       4.901515667100e-11       8.991977671285e-13      -9.841179622992e-13       0.000000000000e+00       5.683449188950e-16       2.580290812714e-17      -2.113238552903e-18 
 1802       4.884700692598e-11       9.023788866984e-13      -9.487899182162e-13       0.000000000000e+00       5.670722839681e-16       2.627972344987e-17      -2.360045842849e-18 
 1803       4.867712417261e-11       9.057770078152e-13      -9.140465182542e-13       0.000000000000e+00       5.658031691059e-16       2.676064318191e-17      -2.605402770356e-18 
 1804       4.850555552035e-11       9.093891715932e-13      -8.799021214473e-13       0.000000000000e+00       5.645375615340e-16       2.724550554879e-17      -2.849292538105e-18 
 1805       4.833234830344e-11       9.132124036655e-13      -8.463711434454e-13       0.000000000000e+00       5.632754483550e-16       2.773414802071e-17      -3.091698294362e-18 
 1806       4.815755008125e-11       9.172437141611e-13      -8.134680565890e-13       0.000000000000e+00       5.620168165485e-16       2.822640731153e-17      -3.332603132906e-18 
 1807       4.798120863852e-11       9.214800976828e-13      -7.812073899846e-13       0.000000000000e+00       5.607616529706e-16       2.872211937764e-17      -3.571990092969e-18 
 1808       4.780337198577e-11       9.259185332845e-13      -7.496037295792e-13       0.000000000000e+00       5.595099443539e-16       2.922111941695e-17      -3.809842159171e-18 
 1809       4.762408835955e-11       9.305559844485e-13      -7.186717182359e-13       0.000000000000e+00       5.582616773073e-16       2.972324186779e-17      -4.046142261450e-18 
 1810       4.744340622276e-11       9.353893990632e-13      -6.884260558085e-13       0.000000000000e+00       5.570168383157e-16       3.022832040788e-17      -4.280873275003e-18 
 1811       4.726137426504e-11       9.404157094007e-13      -6.588814992167e-13       0.000000000000e+00       5.557754137400e-16       3.073618795324e-17      -4.514018020214e-18 
 1812       4.707804140298e-11       9.456318320939e-13      -6.300528625211e-13       0.000000000000e+00       5.545373898164e-16       3.124667665715e-17      -4.745559262597e-18 
 1813       4.689345678053e-11       9.510346681142e-13      -6.019550169981e-13       0.000000000000e+00       5.533027526568e-16       3.175961790908e-17      -4.975479712724e-18 
 1814       4.670767018623e-11       9.566208860032e-13      -5.746005724585e-13       0.000000000000e+00       5.520714892000e-16       3.227487383917e-17      -5.203763102611e-18 
 1815       4.652073330819e-11       9.623862697017e-13      -5.479929006010e-13       0.000000000000e+00       5.508435900745e-16       3.279243211168e-17      -5.430397424504e-18 
 1816       4.633269848983e-11       9.683263654144e-13      -5.221330555271e-13       0.000000000000e+00       5.496190467587e-16       3.331231189411e-17      -5.655371718089e-18 
 1817       4.614361831429e-11       9.744366978485e-13      -4.970220873801e-13       0.000000000000e+00       5.483978506307e-16       3.383453242118e-17      -5.878674996392e-18 
 1818       4.595354560462e-11       9.807127701824e-13      -4.726610423347e-13       0.000000000000e+00       5.471799929681e-16       3.435911299493e-17      -6.100296245750e-18 
 1819       4.576253342425e-11       9.871500640361e-13      -4.490509625882e-13       0.000000000000e+00       5.459654649482e-16       3.488607298475e-17      -6.320224425788e-18 
 1820       4.557063507721e-11       9.937440394399e-13      -4.261928863508e-13       0.000000000000e+00       5.447542576474e-16       3.541543182752e-17      -6.538448469391e-18 
 1821       4.537790410855e-11       1.000490134805e-12      -4.040878478359e-13       0.000000000000e+00       5.435463620415e-16       3.594720902769e-17      -6.754957282678e-18 
 1822       4.518439430460e-11       1.007383766892e-12      -3.827368772510e-13       0.000000000000e+00       5.423417690049e-16       3.648142415734e-17      -6.969739744978e-18 
 1823       4.499015969336e-11       1.014420330781e-12      -3.621410007878e-13       0.000000000000e+00       5.411404693110e-16       3.701809685627e-17      -7.182784708802e-18 
 1824       4.479525454481e-11       1.021595199842e-12      -3.423012406129e-13       0.000000000000e+00       5.399424536318e-16       3.755724683214e-17      -7.394080999817e-18 
 1825       4.459973337123e-11       1.028903725702e-12      -3.232186148584e-13       0.000000000000e+00       5.387477125377e-16       3.809889386046e-17      -7.603617416822e-18 
 1826       4.440365092755e-11       1.036341238219e-12      -3.048941376122e-13       0.000000000000e+00       5.375562364973e-16       3.864305778477e-17      -7.811382731720e-18 
 1827       4.420706221169e-11       1.043903045445e-12      -2.873288189086e-13       0.000000000000e+00       5.363680158774e-16       3.918975851668e-17      -8.017365689494e-18 
 1828       4.401002246487e-11       1.051584433603e-12      -2.705236647188e-13       0.000000000000e+00       5.351830409426e-16       3.973901603594e-17      -8.221555008179e-18 
 1829       4.381258717197e-11       1.059380667051e-12      -2.544796769414e-13       0.000000000000e+00       5.340013018553e-16       4.029085039057e-17      -8.423939378837e-18 
 1830       4.361481206183e-11       1.067286988254e-12      -2.391978533931e-13       0.000000000000e+00       5.328227886755e-16       4.084528169692e-17      -8.624507465533e-18 
 1831       4.341675310763e-11       1.075298617752e-12      -2.246791877987e-13       0.000000000000e+00       5.316474913604e-16       4.140233013978e-17      -8.823247905304e-18 
 1832       4.321846652715e-11       1.083410754133e-12      -2.109246697822e-13       0.000000000000e+00       5.304753997647e-16       4.196201597241e-17      -9.020149308138e-18 
 1833       4.302000878320e-11       1.091618573999e-12      -1.979352848569e-13       0.000000000000e+00       5.293065036400e-16       4.252435951669e-17      -9.215200256947e-18 
 1834       4.282143658385e-11       1.099917231936e-12      -1.857120144161e-13       0.000000000000e+00       5.281407926347e-16       4.308938116319e-17      -9.408389307539e-18 
 1835       4.262280688286e-11       1.108301860486e-12      -1.742558357233e-13       0.000000000000e+00       5.269782562940e-16       4.365710137122e-17      -9.599704988593e-18 
 1836       4.242417687993e-11       1.116767570114e-12      -1.635677219033e-13       0.000000000000e+00       5.258188840597e-16       4.422754066897e-17      -9.789135801636e-18 
 1837       4.222560402110e-11       1.125309449179e-12      -1.536486419321e-13       0.000000000000e+00       5.246626652698e-16       4.480071965355e-17      -9.976670221011e-18 
 1838       4.202714599901e-11       1.133922563902e-12      -1.444995606278e-13       0.000000000000e+00       5.235095891585e-16       4.537665899112e-17      -1.016229669386e-17 
 1839       4.182886075333e-11       1.142601958339e-12      -1.361214386409e-13       0.000000000000e+00       5.223596448561e-16       4.595537941691e-17      -1.034600364008e-17 
 1840       4.163080647100e-11       1.151342654347e-12      -1.285152324448e-13       0.000000000000e+00       5.212128213885e-16       4.653690173541e-17      -1.052777945232e-17 
 1841       4.143304158662e-11       1.160139651554e-12      -1.216818943264e-13       0.000000000000e+00       5.200691076777e-16       4.712124682033e-17      -1.070761249596e-17 
 1842       4.123562478275e-11       1.168987927330e-12      -1.156223723766e-13       0.000000000000e+00       5.189284925408e-16       4.770843561481e-17      -1.088549110903e-17 
 1843       4.103861499026e-11       1.177882436757e-12      -1.103376104808e-13       0.000000000000e+00       5.177909646902e-16       4.829848913141e-17      -1.106140360226e-17 
 1844       4.084207138868e-11       1.186818112598e-12      -1.058285483094e-13       0.000000000000e+00       5.166565127338e-16       4.889142845225e-17      -1.123533825900e-17 
 1845       4.064605340650e-11       1.195789865264e-12      -1.020961213081e-13       0.000000000000e+00       5.155251251740e-16       4.948727472908e-17      -1.140728333521e-17 
 1846       4.045062072151e-11       1.204792582786e-12      -9.914126068886e-14       0.000000000000e+00       5.143967904084e-16       5.008604918336e-17      -1.157722705946e-17 
 1847       4.025583326115e-11       1.213821130787e-12      -9.696489341995e-14       0.000000000000e+00       5.132714967290e-16       5.068777310636e-17      -1.174515763284e-17 
 1848       4.006175120283e-11       1.222870352447e-12      -9.556794221671e-14       0.000000000000e+00       5.121492323222e-16       5.129246785924e-17      -1.191106322902e-17 
 1849       3.986843497426e-11       1.231935068473e-12      -9.495132553198e-14       0.000000000000e+00       5.110299852688e-16       5.190015487314e-17      -1.207493199413e-17 
 1850       3.967594525380e-11       1.241010077073e-12      -9.511595754659e-14       0.000000000000e+00       5.099137435438e-16       5.251085564924e-17      -1.223675204683e-17 
 1851       3.948434297078e-11       1.250090153921e-12      -9.606274815992e-14       0.000000000000e+00       5.088004950158e-16       5.312459175891e-17      -1.239651147819e-17 
 1852       3.929368930582e-11       1.259170052129e-12      -9.779260298034e-14       0.000000000000e+00       5.076902274473e-16       5.374138484371e-17      -1.255419835175e-17 
 1853       3.910404075933e-11       1.268244774986e-12      -1.003047092719e-13       0.000000000000e+00       5.065829293511e-16       5.436121847722e-17      -1.270980110700e-17 
 1854       3.891543431362e-11       1.277310396590e-12      -1.035913790128e-13       0.000000000000e+00       5.054785925662e-16       5.498392342074e-17      -1.286330977357e-17 
 1855       3.872790215425e-11       1.286363247641e-12      -1.076431650908e-13       0.000000000000e+00       5.043772097018e-16       5.560929146151e-17      -1.301471476658e-17 
 1856       3.854147659142e-11       1.295399643231e-12      -1.124505715801e-13       0.000000000000e+00       5.032787732824e-16       5.623711346758e-17      -1.316400648398e-17 
 1857       3.835619006012e-11       1.304415882825e-12      -1.180040536723e-13       0.000000000000e+00       5.021832757476e-16       5.686717938651e-17      -1.331117530648e-17 
 1858       3.817207512034e-11       1.313408250243e-12      -1.242940176072e-13       0.000000000000e+00       5.010907094521e-16       5.749927824416e-17      -1.345621159759e-17 
 1859       3.798916445715e-11       1.322373013636e-12      -1.313108206030e-13       0.000000000000e+00       5.000010666653e-16       5.813319814345e-17      -1.359910570358e-17 
 1860       3.780749088093e-11       1.331306425466e-12      -1.390447707874e-13       0.000000000000e+00       4.989143395715e-16       5.876872626307e-17      -1.373984795345e-17 
 1861       3.762708732750e-11       1.340204722485e-12      -1.474861271276e-13       0.000000000000e+00       4.978305202694e-16       5.940564885629e-17      -1.387842865896e-17 
 1862       3.744798685827e-11       1.349064125716e-12      -1.566250993619e-13       0.000000000000e+00       4.967496007722e-16       6.004375124968e-17      -1.401483811462e-17 
 1863       3.727022266044e-11       1.357880840428e-12      -1.664518479293e-13       0.000000000000e+00       4.956715730073e-16       6.068281784186e-17      -1.414906659761e-17 
 1864       3.709382804712e-11       1.366651056118e-12      -1.769564839007e-13       0.000000000000e+00       4.945964288164e-16       6.132263210228e-17      -1.428110436784e-17 
 1865       3.691883645751e-11       1.375370946492e-12      -1.881290689097e-13       0.000000000000e+00       4.935241599550e-16       6.196297656995e-17      -1.441094166793e-17 
 1866       3.674528145707e-11       1.384036669438e-12      -1.999596150826e-13       0.000000000000e+00       4.924547580927e-16       6.260363285220e-17      -1.453856872316e-17 
 1867       3.657319673766e-11       1.392644367013e-12      -2.124380849697e-13       0.000000000000e+00       4.913882148125e-16       6.324438162347e-17      -1.466397574147e-17 
 1868       3.640261611770e-11       1.401190165414e-12      -2.255543914754e-13       0.000000000000e+00       4.903245216112e-16       6.388500262399e-17      -1.478715291349e-17 
 1869       3.623357354235e-11       1.409670174963e-12      -2.392983977893e-13       0.000000000000e+00       4.892636698990e-16       6.452527465860e-17      -1.490809041247e-17 
 1870       3.606610308368e-11       1.418080490084e-12      -2.536599173163e-13       0.000000000000e+00       4.882056509992e-16       6.516497559549e-17      -1.502677839431e-17 
 1871       3.590023894078e-11       1.426417189283e-12      -2.686287136079e-13       0.000000000000e+00       4.871504561485e-16       6.580388236492e-17      -1.514320699752e-17 
 1872       3.573601543997e-11       1.434676335125e-12      -2.841945002922e-13       0.000000000000e+00       4.860980764963e-16       6.644177095801e-17      -1.525736634322e-17 
 1873       3.557346703494e-11       1.442853974214e-12      -3.003469410048e-13       0.000000000000e+00       4.850485031051e-16       6.707841642549e-17      -1.536924653515e-17 
 1874       3.541262830692e-11       1.450946137175e-12      -3.170756493197e-13       0.000000000000e+00       4.840017269500e-16       6.771359287644e-17      -1.547883765961e-17 
 1875       3.525353396482e-11       1.458948838629e-12      -3.343701886794e-13       0.000000000000e+00       4.829577389186e-16       6.834707347706e-17      -1.558612978550e-17 
 1876       3.509621884543e-11       1.466858077173e-12      -3.522200723259e-13       0.000000000000e+00       4.819165298110e-16       6.897863044941e-17      -1.569111296426e-17 
 1877       3.494071791353e-11       1.474669835362e-12      -3.706147632313e-13       0.000000000000e+00       4.808780903396e-16       6.960803507017e-17      -1.579377722988e-17 
 1878       3.478706626209e-11       1.482380079684e-12      -3.895436740283e-13       0.000000000000e+00       4.798424111288e-16       7.023505766939e-17      -1.589411259893e-17 
 1879       3.463529911243e-11       1.489984760542e-12      -4.089961669409e-13       0.000000000000e+00       4.788094827152e-16       7.085946762926e-17      -1.599210907045e-17 
 1880       3.448545181435e-11       1.497479812233e-12      -4.289615537151e-13       0.000000000000e+00       4.777792955469e-16       7.148103338285e-17      -1.608775662604e-17 
 1881       3.433755984631e-11       1.504861152925e-12      -4.494290955493e-13       0.000000000000e+00       4.767518399841e-16       7.209952241285e-17      -1.618104522979e-17 
 1882       3.419165881560e-11       1.512124684637e-12      -4.703880030254e-13       0.000000000000e+00       4.757271062983e-16       7.271470125037e-17      -1.627196482827e-17 
 1883       3.404778445848e-11       1.519266293220e-12      -4.918274360390e-13       0.000000000000e+00       4.747050846724e-16       7.332633547364e-17      -1.636050535055e-17 
 1884       3.390597264038e-11       1.526281848334e-12      -5.137365037300e-13       0.000000000000e+00       4.736857652008e-16       7.393418970681e-17      -1.644665670815e-17 
 1885       3.376625935600e-11       1.533167203427e-12      -5.361042644137e-13       0.000000000000e+00       4.726691378887e-16       7.453802761866e-17      -1.653040879506e-17 
 1886       3.362868072951e-11       1.539918195717e-12      -5.589197255109e-13       0.000000000000e+00       4.716551926527e-16       7.513761192140e-17      -1.661175148772e-17 
 1887       3.349327301471e-11       1.546530646165e-12      -5.821718434789e-13       0.000000000000e+00       4.706439193198e-16       7.573270436940e-17      -1.669067464497e-17 
 1888       3.336007259519e-11       1.553000359463e-12      -6.058495237421e-13       0.000000000000e+00       4.696353076279e-16       7.632306575792e-17      -1.676716810812e-17 
 1889       3.322911598447e-11       1.559323124003e-12      -6.299416206224e-13       0.000000000000e+00       4.686293472256e-16       7.690845592193e-17      -1.684122170084e-17 
 1890       3.310043982620e-11       1.565494711866e-12      -6.544369372699e-13       0.000000000000e+00       4.676260276716e-16       7.748863373479e-17      -1.691282522923e-17 
 1891       3.297408089426e-11       1.571510878792e-12      -6.793242255938e-13       0.000000000000e+00       4.666253384350e-16       7.806335710706e-17      -1.698196848178e-17 
 1892       3.285006946055e-11       1.577367905496e-12      -7.045919030783e-13       0.000000000000e+00       4.656272696170e-16       7.863243216495e-17      -1.704864317016e-17 
 1893       3.272840934161e-11       1.583064226204e-12      -7.302272009757e-13       0.000000000000e+00       4.646318141217e-16       7.919586120418e-17      -1.711284876822e-17 
 1894       3.260909769794e-11       1.588598812670e-12      -7.562170093862e-13       0.000000000000e+00       4.636389655018e-16       7.975369587810e-17      -1.717458671818e-17 
 1895       3.249213165238e-11       1.593970633985e-12      -7.825481596956e-13       0.000000000000e+00       4.626487172380e-16       8.030598812223e-17      -1.723385849391e-17 
 1896       3.237750829005e-11       1.599178656577e-12      -8.092074244965e-13       0.000000000000e+00       4.616610627390e-16       8.085279015471e-17      -1.729066560099e-17 
 1897       3.226522465826e-11       1.604221844208e-12      -8.361815175094e-13       0.000000000000e+00       4.606759953410e-16       8.139415447666e-17      -1.734500957680e-17 
 1898       3.215527776649e-11       1.609099157969e-12      -8.634570935035e-13       0.000000000000e+00       4.596935083083e-16       8.193013387258e-17      -1.739689199055e-17 
 1899       3.204766458628e-11       1.613809556279e-12      -8.910207482184e-13       0.000000000000e+00       4.587135948325e-16       8.246078141081e-17      -1.744631444329e-17 
 1900       3.194238205123e-11       1.618351994882e-12      -9.188590182850e-13       0.000000000000e+00       4.577362480326e-16       8.298615044386e-17      -1.749327856806e-17 
 1901       3.183942705687e-11       1.622725426843e-12      -9.469583811466e-13       0.000000000000e+00       4.567614609551e-16       8.350629460885e-17      -1.753778602984e-17 
 1902       3.173879646067e-11       1.626928802549e-12      -9.753052549799e-13       0.000000000000e+00       4.557892265736e-16       8.402126782791e-17      -1.757983852569e-17 
 1903       3.164048708192e-11       1.630961069700e-12      -1.003885998617e-12       0.000000000000e+00       4.548195377889e-16       8.453112430857e-17      -1.761943778472e-17 
 1904       3.154449570168e-11       1.634821173313e-12      -1.032686911464e-12       0.000000000000e+00       4.538523874285e-16       8.503591854417e-17      -1.765658556823e-17 
 1905       3.145081906276e-11       1.638508055715e-12      -1.061694233427e-12       0.000000000000e+00       4.528877682469e-16       8.553570531426e-17      -1.769128366969e-17 
 1906       3.135945386960e-11       1.642020656540e-12      -1.090894144829e-12       0.000000000000e+00       4.519256729255e-16       8.603053968501e-17      -1.772353391485e-17 
 1907       3.127039678824e-11       1.645357912729e-12      -1.120272766330e-12       0.000000000000e+00       4.509660940721e-16       8.652047700960e-17      -1.775333816173e-17 
 1908       3.118364444627e-11       1.648518758525e-12      -1.149816158855e-12       0.000000000000e+00       4.500090242210e-16       8.700557292861e-17      -1.778069830074e-17 
 1909       3.109919343275e-11       1.651502125472e-12      -1.179510323506e-12       0.000000000000e+00       4.490544558328e-16       8.748588337047e-17      -1.780561625469e-17 
 1910       3.101704029812e-11       1.654306942411e-12      -1.209341201491e-12       0.000000000000e+00       4.481023812946e-16       8.796146455181e-17      -1.782809397886e-17 
 1911       3.093718155422e-11       1.656932135476e-12      -1.239294674041e-12       0.000000000000e+00       4.471527929194e-16       8.843237297788e-17      -1.784813346105e-17 
 1912       3.085961367413e-11       1.659376628095e-12      -1.269356562331e-12       0.000000000000e+00       4.462056829463e-16       8.889866544296e-17      -1.786573672162e-17 
 1913       3.078433309220e-11       1.661639340984e-12      -1.299512627404e-12       0.000000000000e+00       4.452610435403e-16       8.936039903076e-17      -1.788090581359e-17 
 1914       3.071133620391e-11       1.663719192144e-12      -1.329748570090e-12       0.000000000000e+00       4.443188667921e-16       8.981763111482e-17      -1.789364282260e-17 
 1915       3.064061936587e-11       1.665615096861e-12      -1.360050030925e-12       0.000000000000e+00       4.433791447181e-16       9.027041935889e-17      -1.790394986709e-17 
 1916       3.057217889572e-11       1.667325967702e-12      -1.390402590079e-12       0.000000000000e+00       4.424418692603e-16       9.071882171737e-17      -1.791182909822e-17 
 1917       3.050601107208e-11       1.668850714511e-12      -1.420791767269e-12       0.000000000000e+00       4.415070322860e-16       9.116289643570e-17      -1.791728270004e-17 
 1918       3.044211213449e-11       1.670188244408e-12      -1.451203021687e-12       0.000000000000e+00       4.405746255878e-16       9.160270205074e-17      -1.792031288947e-17 
 1919       3.038047828336e-11       1.671337461784e-12      -1.481621751914e-12       0.000000000000e+00       4.396446408836e-16       9.203829739120e-17      -1.792092191636e-17 
 1920       3.032110567988e-11       1.672297268301e-12      -1.512033295851e-12       0.000000000000e+00       4.387170698163e-16       9.246974157801e-17      -1.791911206359e-17 
 1921       3.026399044599e-11       1.673066562887e-12      -1.542422930628e-12       0.000000000000e+00       4.377919039536e-16       9.289709402476e-17      -1.791488564706e-17 
 1922       3.020912866429e-11       1.673644241736e-12      -1.572775872538e-12       0.000000000000e+00       4.368691347881e-16       9.332041443808e-17      -1.790824501579e-17 
 1923       3.015651637800e-11       1.674029198302e-12      -1.603077276945e-12       0.000000000000e+00       4.359487537373e-16       9.373976281805e-17      -1.789919255196e-17 
 1924       3.010614959089e-11       1.674220323296e-12      -1.633312238219e-12       0.000000000000e+00       4.350307521429e-16       9.415519945859e-17      -1.788773067095e-17 
 1925       3.005802426722e-11       1.674216504689e-12      -1.663465789643e-12       0.000000000000e+00       4.341151212714e-16       9.456678494786e-17      -1.787386182141e-17 
 1926       3.001213633168e-11       1.674016627701e-12      -1.693522903347e-12       0.000000000000e+00       4.332018523135e-16       9.497458016870e-17      -1.785758848531e-17 
 1927       2.996848166932e-11       1.673619574805e-12      -1.723468490219e-12       0.000000000000e+00       4.322909363841e-16       9.537864629898e-17      -1.783891317798e-17 
 1928       2.992705612550e-11       1.673024225721e-12      -1.753287399833e-12       0.000000000000e+00       4.313823645223e-16       9.577904481203e-17      -1.781783844818e-17 
 1929       2.988785550582e-11       1.672229457413e-12      -1.782964420367e-12       0.000000000000e+00       4.304761276909e-16       9.617583747704e-17      -1.779436687814e-17 
 1930       2.985087557606e-11       1.671234144088e-12      -1.812484278524e-12       0.000000000000e+00       4.295722167770e-16       9.656908635946e-17      -1.776850108363e-17 
 1931       2.981610768852e-11       1.670037635243e-12      -1.841832707123e-12       0.000000000000e+00       4.286706232048e-16       9.695882185470e-17      -1.774024461198e-17 
 1932       2.978352562487e-11       1.668641193778e-12      -1.870999656874e-12       0.000000000000e+00       4.277713407820e-16       9.734494652361e-17      -1.770960464354e-17 
 1933       2.975309865347e-11       1.667046568776e-12      -1.899976108789e-12       0.000000000000e+00       4.268743638676e-16       9.772733052896e-17      -1.767658931078e-17 
 1934       2.972479589367e-11       1.665255518457e-12      -1.928753008676e-12       0.000000000000e+00       4.259796867590e-16       9.810584353531e-17      -1.764120680229e-17 
 1935       2.969858631566e-11       1.663269810188e-12      -1.957321267098e-12       0.000000000000e+00       4.250873036924e-16       9.848035470841e-17      -1.760346536287e-17 
 1936       2.967443874026e-11       1.661091220499e-12      -1.985671759328e-12       0.000000000000e+00       4.241972088425e-16       9.885073271460e-17      -1.756337329355e-17 
 1937       2.965232183867e-11       1.658721535092e-12      -2.013795325301e-12       0.000000000000e+00       4.233093963221e-16       9.921684572011e-17      -1.752093895173e-17 
 1938       2.963220413232e-11       1.656162548856e-12      -2.041682769575e-12       0.000000000000e+00       4.224238601826e-16       9.957856139052e-17      -1.747617075123e-17 
 1939       2.961405399267e-11       1.653416065880e-12      -2.069324861281e-12       0.000000000000e+00       4.215405944133e-16       9.993574689006e-17      -1.742907716242e-17 
 1940       2.959783964096e-11       1.650483899462e-12      -2.096712334082e-12       0.000000000000e+00       4.206595929417e-16       1.002882688810e-16      -1.737966671221e-17 
 1941       2.958352914805e-11       1.647367872125e-12      -2.123835886127e-12       0.000000000000e+00       4.197808496333e-16       1.006359935231e-16      -1.732794798425e-17 
 1942       2.957109043420e-11       1.644069815630e-12      -2.150686180009e-12       0.000000000000e+00       4.189043582915e-16       1.009787864729e-16      -1.727392961889e-17 
 1943       2.956049126888e-11       1.640591570987e-12      -2.177253842716e-12       0.000000000000e+00       4.180301126572e-16       1.013165128831e-16      -1.721762031338e-17 
 1944       2.955169927056e-11       1.636934988467e-12      -2.203529465590e-12       0.000000000000e+00       4.171581064093e-16       1.016490374019e-16      -1.715902882185e-17 
 1945       2.954468190649e-11       1.633101927615e-12      -2.229503604283e-12       0.000000000000e+00       4.162883331642e-16       1.019762241726e-16      -1.709816395547e-17 
 1946       2.953940649254e-11       1.629094257266e-12      -2.255166778707e-12       0.000000000000e+00       4.154207864756e-16       1.022979368325e-16      -1.703503458247e-17 
 1947       2.953584019296e-11       1.624913855552e-12      -2.280509472997e-12       0.000000000000e+00       4.145554598347e-16       1.026140385128e-16      -1.696964962827e-17 
 1948       2.953395002018e-11       1.620562609918e-12      -2.305522135463e-12       0.000000000000e+00       4.136923466701e-16       1.029243918378e-16      -1.690201807554e-17 
 1949       2.953370283466e-11       1.616042417137e-12      -2.330195178542e-12       0.000000000000e+00       4.128314403474e-16       1.032288589240e-16      -1.683214896429e-17 
 1950       2.953506534460e-11       1.611355183315e-12      -2.354518978761e-12       0.000000000000e+00       4.119727341694e-16       1.035273013799e-16      -1.676005139193e-17 
 1951       2.953800410582e-11       1.606502823911e-12      -2.378483876685e-12       0.000000000000e+00       4.111162213756e-16       1.038195803049e-16      -1.668573451338e-17 
 1952       2.954248552149e-11       1.601487263748e-12      -2.402080176879e-12       0.000000000000e+00       4.102618951427e-16       1.041055562893e-16      -1.660920754116e-17 
 1953       2.954847584200e-11       1.596310437021e-12      -2.425298147858e-12       0.000000000000e+00       4.094097485841e-16       1.043850894130e-16      -1.653047974542e-17 
 1954       2.955594116469e-11       1.590974287317e-12      -2.448128022046e-12       0.000000000000e+00       4.085597747499e-16       1.046580392453e-16      -1.644956045407e-17 
 1955       2.956484743368e-11       1.585480767620e-12      -2.470559995730e-12       0.000000000000e+00       4.077119666265e-16       1.049242648442e-16      -1.636645905285e-17 
 1956       2.957516043967e-11       1.579831840332e-12      -2.492584229017e-12       0.000000000000e+00       4.068663171371e-16       1.051836247557e-16      -1.628118498541e-17 
 1957       2.958684581974e-11       1.574029477276e-12      -2.514190845785e-12       0.000000000000e+00       4.060228191413e-16       1.054359770133e-16      -1.619374775340e-17 
 1958       2.959986905712e-11       1.568075659718e-12      -2.535369933647e-12       0.000000000000e+00       4.051814654347e-16       1.056811791370e-16      -1.610415691652e-17 
 1959       2.961419548103e-11       1.561972378372e-12      -2.556111543896e-12       0.000000000000e+00       4.043422487493e-16       1.059190881333e-16      -1.601242209264e-17 
 1960       2.962979026643e-11       1.555721633417e-12      -2.576405691470e-12       0.000000000000e+00       4.035051617531e-16       1.061495604941e-16      -1.591855295788e-17 
 1961       2.964661843387e-11       1.549325434510e-12      -2.596242354901e-12       0.000000000000e+00       4.026701970502e-16       1.063724521961e-16      -1.582255924666e-17 
 1962       2.966464484924e-11       1.542785800794e-12      -2.615611476273e-12       0.000000000000e+00       4.018373471803e-16       1.065876187003e-16      -1.572445075180e-17 
 1963       2.968383422361e-11       1.536104760917e-12      -2.634502961179e-12       0.000000000000e+00       4.010066046193e-16       1.067949149515e-16      -1.562423732463e-17 
 1964       2.970415111298e-11       1.529284353039e-12      -2.652906678672e-12       0.000000000000e+00       4.001779617783e-16       1.069941953775e-16      -1.552192887502e-17 
 1965       2.972555991813e-11       1.522326624848e-12      -2.670812461226e-12       0.000000000000e+00       3.993514110044e-16       1.071853138883e-16      -1.541753537150e-17 
 1966       2.974802488439e-11       1.515233633572e-12      -2.688210104687e-12       0.000000000000e+00       3.985269445800e-16       1.073681238758e-16      -1.531106684133e-17 
 1967       2.977151010142e-11       1.508007445989e-12      -2.705089368231e-12       0.000000000000e+00       3.977045547229e-16       1.075424782132e-16      -1.520253337058e-17 
 1968       2.979597950305e-11       1.500650138444e-12      -2.721439974318e-12       0.000000000000e+00       3.968842335861e-16       1.077082292539e-16      -1.509194510422e-17 
 1969       2.982139686704e-11       1.493163796860e-12      -2.737251608650e-12       0.000000000000e+00       3.960659732581e-16       1.078652288314e-16      -1.497931224618e-17 
 1970       2.984772570136e-11       1.485550687850e-12      -2.752515535439e-12       0.000000000000e+00       3.952497663084e-16       1.080133769706e-16      -1.486465941065e-17 
 1971       2.987492890239e-11       1.477813773429e-12      -2.767229456440e-12       0.000000000000e+00       3.944356074323e-16       1.081527684189e-16      -1.474806879224e-17 
 1972       2.990296909377e-11       1.469956200154e-12      -2.781392687931e-12       0.000000000000e+00       3.936234918183e-16       1.082835472025e-16      -1.462963731667e-17 
 1973       2.993180873947e-11       1.461981128387e-12      -2.795004548680e-12       0.000000000000e+00       3.928134146031e-16       1.084058580139e-16      -1.450946231930e-17 
 1974       2.996141014368e-11       1.453891732311e-12      -2.808064359950e-12       0.000000000000e+00       3.920053708715e-16       1.085198462132e-16      -1.438764154559e-17 
 1975       2.999173545050e-11       1.445691199949e-12      -2.820571445506e-12       0.000000000000e+00       3.911993556561e-16       1.086256578283e-16      -1.426427315166e-17 
 1976       3.002274664378e-11       1.437382733183e-12      -2.832525131619e-12       0.000000000000e+00       3.903953639376e-16       1.087234395561e-16      -1.413945570478e-17 
 1977       3.005440554695e-11       1.428969547769e-12      -2.843924747071e-12       0.000000000000e+00       3.895933906444e-16       1.088133387638e-16      -1.401328818397e-17 
 1978       3.008667382274e-11       1.420454873360e-12      -2.854769623163e-12       0.000000000000e+00       3.887934306526e-16       1.088955034890e-16      -1.388586998043e-17 
 1979       3.011951297302e-11       1.411841953518e-12      -2.865059093716e-12       0.000000000000e+00       3.879954787859e-16       1.089700824411e-16      -1.375730089814e-17 
 1980       3.015288433860e-11       1.403134045736e-12      -2.874792495080e-12       0.000000000000e+00       3.871995298156e-16       1.090372250021e-16      -1.362768115435e-17 
 1981       3.018674909899e-11       1.394334421454e-12      -2.883969166140e-12       0.000000000000e+00       3.864055784604e-16       1.090970812273e-16      -1.349711138011e-17 
 1982       3.022106827225e-11       1.385446366078e-12      -2.892588448317e-12       0.000000000000e+00       3.856136193865e-16       1.091498018464e-16      -1.336569262081e-17 
 1983       3.025580271471e-11       1.376473178996e-12      -2.900649685578e-12       0.000000000000e+00       3.848236472073e-16       1.091955382642e-16      -1.323352633668e-17 
 1984       3.029091312082e-11       1.367418173599e-12      -2.908152224439e-12       0.000000000000e+00       3.840356564835e-16       1.092344425617e-16      -1.310071440335e-17 
 1985       3.032636002293e-11       1.358284677296e-12      -2.915095413971e-12       0.000000000000e+00       3.832496417228e-16       1.092666674967e-16      -1.296735911234e-17 
 1986       3.036210379109e-11       1.349076031533e-12      -2.921478605805e-12       0.000000000000e+00       3.824655973801e-16       1.092923665048e-16      -1.283356317160e-17 
 1987       3.039810463281e-11       1.339795591813e-12      -2.927301154140e-12       0.000000000000e+00       3.816835178572e-16       1.093116937004e-16      -1.269942970605e-17 
 1988       3.043432259292e-11       1.330446727710e-12      -2.932562415743e-12       0.000000000000e+00       3.809033975027e-16       1.093248038774e-16      -1.256506225809e-17 
 1989       3.047071755328e-11       1.321032822888e-12      -2.937261749960e-12       0.000000000000e+00       3.801252306122e-16       1.093318525103e-16      -1.243056478813e-17 
 1990       3.050724923267e-11       1.311557275121e-12      -2.941398518718e-12       0.000000000000e+00       3.793490114278e-16       1.093329957548e-16      -1.229604167509e-17 
 1991       3.054387718648e-11       1.302023496311e-12      -2.944972086532e-12       0.000000000000e+00       3.785747341385e-16       1.093283904488e-16      -1.216159771699e-17 
 1992       3.058056080661e-11       1.292434912502e-12      -2.947981820510e-12       0.000000000000e+00       3.778023928797e-16       1.093181941133e-16      -1.202733813140e-17 
 1993       3.061725932117e-11       1.282794963901e-12      -2.950427090357e-12       0.000000000000e+00       3.770319817331e-16       1.093025649533e-16      -1.189336855603e-17 
 1994       3.065393179434e-11       1.273107104897e-12      -2.952307268383e-12       0.000000000000e+00       3.762634947272e-16       1.092816618588e-16      -1.175979504919e-17 
 1995       3.069053712615e-11       1.263374804074e-12      -2.953621729507e-12       0.000000000000e+00       3.754969258364e-16       1.092556444052e-16      -1.162672409039e-17 
 1996       3.072703405224e-11       1.253601544237e-12      -2.954369851262e-12       0.000000000000e+00       3.747322689817e-16       1.092246728549e-16      -1.149426258081e-17 
 1997       3.076338114369e-11       1.243790822420e-12      -2.954551013802e-12       0.000000000000e+00       3.739695180298e-16       1.091889081574e-16      -1.136251784384e-17 
 1998       3.079953680682e-11       1.233946149911e-12      -2.954164599905e-12       0.000000000000e+00       3.732086667940e-16       1.091485119508e-16      -1.123159762561e-17 
 1999       3.083545928294e-11       1.224071052270e-12      -2.953209994980e-12       0.000000000000e+00       3.724497090331e-16       1.091036465625e-16      -1.110161009553e-17 
 2000       3.087110664821e-11       1.214169069341e-12      -2.951686587074e-12       0.000000000000e+00       3.716926384520e-16       1.090544750098e-16      -1.097266384677e-17 
 2001       3.090643681336e-11       1.204243755277e-12      -2.949593766873e-12       0.000000000000e+00       3.709374487015e-16       1.090011610013e-16      -1.084486789685e-17 
 2002       3.094140752354e-11       1.194298678551e-12      -2.946930927711e-12       0.000000000000e+00       3.701841333779e-16       1.089438689372e-16      -1.071833168809e-17 
 2003       3.097597635810e-11       1.184337421981e-12      -2.943697465575e-12       0.000000000000e+00       3.694326860234e-16       1.088827639105e-16      -1.059316508823e-17 
 2004       3.101010073036e-11       1.174363582743e-12      -2.939892779110e-12       0.000000000000e+00       3.686831001255e-16       1.088180117081e-16      -1.046947839085e-17 
 2005       3.104373788746e-11       1.164380772390e-12      -2.935516269623e-12       0.000000000000e+00       3.679353691175e-16       1.087497788112e-16      -1.034738231598e-17 
 2006       3.107684491009e-11       1.154392616870e-12      -2.930567341090e-12       0.000000000000e+00       3.671894863778e-16       1.086782323964e-16      -1.022698801058e-17 
 2007       3.110937871232e-11       1.144402756545e-12      -2.925045400162e-12       0.000000000000e+00       3.664454452302e-16       1.086035403366e-16      -1.010840704908e-17 
 2008       3.114129604138e-11       1.134414846207e-12      -2.918949856168e-12       0.000000000000e+00       3.657032389439e-16       1.085258712020e-16      -9.991751433918e-18 
 2009       3.117255698338e-11       1.124432378325e-12      -2.912281340058e-12       0.000000000000e+00       3.649628612113e-16       1.084453324595e-16      -9.877096119680e-18 
 2010       3.120313550859e-11       1.114458151328e-12      -2.905045370921e-12       0.000000000000e+00       3.642243075864e-16       1.083617845779e-16      -9.764366286126e-18 
 2011       3.123300900260e-11       1.104494797486e-12      -2.897248716190e-12       0.000000000000e+00       3.634875740570e-16       1.082750255703e-16      -9.653449244945e-18 
 2012       3.126215476723e-11       1.094544959337e-12      -2.888898175171e-12       0.000000000000e+00       3.627526565673e-16       1.081848526714e-16      -9.544231840958e-18 
 2013       3.129055002044e-11       1.084611289706e-12      -2.880000579089e-12       0.000000000000e+00       3.620195510175e-16       1.080910623363e-16      -9.436600451537e-18 
 2014       3.131817189626e-11       1.074696451713e-12      -2.870562791127e-12       0.000000000000e+00       3.612882532644e-16       1.079934502399e-16      -9.330440986009e-18 
 2015       3.134499744468e-11       1.064803118790e-12      -2.860591706467e-12       0.000000000000e+00       3.605587591207e-16       1.078918112754e-16      -9.225638885073e-18 
 2016       3.137100363153e-11       1.054933974689e-12      -2.850094252335e-12       0.000000000000e+00       3.598310643551e-16       1.077859395542e-16      -9.122079120208e-18 
 2017       3.139616733836e-11       1.045091713498e-12      -2.839077388038e-12       0.000000000000e+00       3.591051646925e-16       1.076756284039e-16      -9.019646193090e-18 
 2018       3.142046536242e-11       1.035279039653e-12      -2.827548105010e-12       0.000000000000e+00       3.583810558137e-16       1.075606703684e-16      -8.918224134998e-18 
 2019       3.144387441646e-11       1.025498667951e-12      -2.815513426849e-12       0.000000000000e+00       3.576587333554e-16       1.074408572059e-16      -8.817696506232e-18 
 2020       3.146637112869e-11       1.015753323559e-12      -2.802980409365e-12       0.000000000000e+00       3.569381929098e-16       1.073159798890e-16      -8.717946395520e-18 
 2021       3.148793204267e-11       1.006045742033e-12      -2.789956140615e-12       0.000000000000e+00       3.562194300253e-16       1.071858286026e-16      -8.618856419431e-18 
 2022       3.150853361718e-11       9.963786693252e-13      -2.776447740949e-12       0.000000000000e+00       3.555024402056e-16       1.070501927442e-16      -8.520308721788e-18 
 2023       3.152815222617e-11       9.867548617991e-13      -2.762462363049e-12       0.000000000000e+00       3.547872189103e-16       1.069088609217e-16      -8.422184973081e-18 
 2024       3.154676415859e-11       9.771770862422e-13      -2.748007191973e-12       0.000000000000e+00       3.540737615541e-16       1.067616209534e-16      -8.324366369876e-18 
 2025       3.156434561835e-11       9.676481198779e-13      -2.733089445195e-12       0.000000000000e+00       3.533620635077e-16       1.066082598666e-16      -8.226733634228e-18 
 2026       3.158087272419e-11       9.581707503786e-13      -2.717716372648e-12       0.000000000000e+00       3.526521200967e-16       1.064485638966e-16      -8.129167013095e-18 
 2027       3.159632150959e-11       9.487477758780e-13      -2.701895256762e-12       0.000000000000e+00       3.519439266023e-16       1.062823184860e-16      -8.031546277745e-18 
 2028       3.161066792263e-11       9.393820049843e-13      -2.685633412512e-12       0.000000000000e+00       3.512374782609e-16       1.061093082836e-16      -7.933750723174e-18 
 2029       3.162388782597e-11       9.300762567922e-13      -2.668938187453e-12       0.000000000000e+00       3.505327702641e-16       1.059293171433e-16      -7.835659167513e-18 
 2030       3.163595699666e-11       9.208333608962e-13      -2.651816961766e-12       0.000000000000e+00       3.498297977586e-16       1.057421281234e-16      -7.737149951443e-18 
 2031       3.164685112608e-11       9.116561574026e-13      -2.634277148299e-12       0.000000000000e+00       3.491285558461e-16       1.055475234855e-16      -7.638100937605e-18 
 2032       3.165654581986e-11       9.025474969427e-13      -2.616326192607e-12       0.000000000000e+00       3.484290395833e-16       1.053452846937e-16      -7.538389510012e-18 
 2033       3.166501659774e-11       8.935102406852e-13      -2.597971572994e-12       0.000000000000e+00       3.477312439818e-16       1.051351924134e-16      -7.437892573462e-18 
 2034       3.167223889347e-11       8.845472603489e-13      -2.579220800556e-12       0.000000000000e+00       3.470351640083e-16       1.049170265103e-16      -7.336486552950e-18 
 2035       3.167818805473e-11       8.756614382153e-13      -2.560081419221e-12       0.000000000000e+00       3.463407945838e-16       1.046905660498e-16      -7.234047393079e-18 
 2036       3.168283934304e-11       8.668556671414e-13      -2.540561005794e-12       0.000000000000e+00       3.456481305844e-16       1.044555892960e-16      -7.130450557471e-18 
 2037       3.168616793360e-11       8.581328505721e-13      -2.520667169992e-12       0.000000000000e+00       3.449571668406e-16       1.042118737101e-16      -7.025571028182e-18 
 2038       3.168814891526e-11       8.494959025531e-13      -2.500407554492e-12       0.000000000000e+00       3.442678981377e-16       1.039591959505e-16      -6.919283305109e-18 
 2039       3.168875729037e-11       8.409477477436e-13      -2.479789834972e-12       0.000000000000e+00       3.435803192152e-16       1.036973318709e-16      -6.811461405409e-18 
 2040       3.168796797470e-11       8.324913214284e-13      -2.458821720148e-12       0.000000000000e+00       3.428944247674e-16       1.034260565197e-16      -6.701978862903e-18 
 2041       3.168575579732e-11       8.241295695314e-13      -2.437510951819e-12       0.000000000000e+00       3.422102094426e-16       1.031451441393e-16      -6.590708727494e-18 
 2042       3.168209550052e-11       8.158654486277e-13      -2.415865304911e-12       0.000000000000e+00       3.415276678437e-16       1.028543681647e-16      -6.477523564576e-18 
 2043       3.167696173971e-11       8.077019259561e-13      -2.393892587512e-12       0.000000000000e+00       3.408467945277e-16       1.025535012229e-16      -6.362295454445e-18 
 2044       3.167032908328e-11       7.996419794324e-13      -2.371600640921e-12       0.000000000000e+00       3.401675840056e-16       1.022423151315e-16      -6.244895991714e-18 
 2045       3.166217201255e-11       7.916885976615e-13      -2.348997339684e-12       0.000000000000e+00       3.394900307428e-16       1.019205808985e-16      -6.125196284723e-18 
 2046       3.165246492164e-11       7.838447799502e-13      -2.326090591639e-12       0.000000000000e+00       3.388141291585e-16       1.015880687203e-16      -6.003066954951e-18 
 2047       3.164118211738e-11       7.761135363200e-13      -2.302888337955e-12       0.000000000000e+00       3.381398736260e-16       1.012445479818e-16      -5.878378136428e-18 
 2048       3.162830244966e-11       7.684975136298e-13      -2.279398775574e-12       0.000000000000e+00       3.374672587789e-16       1.008898899231e-16      -5.751041507080e-18 
 2049       3.161382323901e-11       7.609978709989e-13      -2.255631026186e-12       0.000000000000e+00       3.367962804342e-16       1.005243764460e-16      -5.621136712312e-18 
 2050       3.159774644838e-11       7.536153963718e-13      -2.231594472116e-12       0.000000000000e+00       3.361269346754e-16       1.001483935129e-16      -5.488785843820e-18 
 2051       3.158007406174e-11       7.463508796803e-13      -2.207298534409e-12       0.000000000000e+00       3.354592175472e-16       9.976232868083e-17      -5.354111490304e-18 
 2052       3.156080808409e-11       7.392051128452e-13      -2.182752672879e-12       0.000000000000e+00       3.347931250552e-16       9.936657110340e-17      -5.217236738084e-18 
 2053       3.153995054150e-11       7.321788897784e-13      -2.157966386157e-12       0.000000000000e+00       3.341286531654e-16       9.896151153270e-17      -5.078285171712e-18 
 2054       3.151750348115e-11       7.252730063851e-13      -2.132949211737e-12       0.000000000000e+00       3.334657978048e-16       9.854754232135e-17      -4.937380874584e-18 
 2055       3.149346897135e-11       7.184882605652e-13      -2.107710726027e-12       0.000000000000e+00       3.328045548609e-16       9.812505742451e-17      -4.794648429561e-18 
 2056       3.146784910157e-11       7.118254522159e-13      -2.082260544393e-12       0.000000000000e+00       3.321449201819e-16       9.769445240176e-17      -4.650212919574e-18 
 2057       3.144064598248e-11       7.052853832331e-13      -2.056608321210e-12       0.000000000000e+00       3.314868895765e-16       9.725612441917e-17      -4.504199928243e-18 
 2058       3.141186174598e-11       6.988688575139e-13      -2.030763749912e-12       0.000000000000e+00       3.308304588137e-16       9.681047225124e-17      -4.356735540491e-18 
 2059       3.138149854523e-11       6.925766809581e-13      -2.004736563034e-12       0.000000000000e+00       3.301756236231e-16       9.635789628288e-17      -4.207946343155e-18 
 2060       3.134955855466e-11       6.864096614703e-13      -1.978536532264e-12       0.000000000000e+00       3.295223796946e-16       9.589879851138e-17      -4.057959425604e-18 
 2061       3.131604397004e-11       6.803686089621e-13      -1.952173468491e-12       0.000000000000e+00       3.288707226783e-16       9.543358254841e-17      -3.906902380347e-18 
 2062       3.128095700847e-11       6.744543353535e-13      -1.925657221851e-12       0.000000000000e+00       3.282206481846e-16       9.496265362199e-17      -3.754903303652e-18 
 2063       3.124429990846e-11       6.686676545757e-13      -1.898997681779e-12       0.000000000000e+00       3.275721517840e-16       9.448641857845e-17      -3.602090796159e-18 
 2064       3.120607492990e-11       6.630093825722e-13      -1.872204777052e-12       0.000000000000e+00       3.269252290073e-16       9.400528588444e-17      -3.448593963491e-18 
 2065       3.116628435414e-11       6.574803373013e-13      -1.845288475839e-12       0.000000000000e+00       3.262798753450e-16       9.351966562889e-17      -3.294542416872e-18 
 2066       3.112493048401e-11       6.520813387380e-13      -1.818258785750e-12       0.000000000000e+00       3.256360862480e-16       9.302996952500e-17      -3.140066273736e-18 
 2067       3.108201564383e-11       6.468132088757e-13      -1.791125753884e-12       0.000000000000e+00       3.249938571267e-16       9.253661091219e-17      -2.985296158345e-18 
 2068       3.103754217946e-11       6.416767717283e-13      -1.763899466874e-12       0.000000000000e+00       3.243531833517e-16       9.204000475811e-17      -2.830363202402e-18 
 2069       3.099151245833e-11       6.366728533325e-13      -1.736590050941e-12       0.000000000000e+00       3.237140602532e-16       9.154056766060e-17      -2.675399045663e-18 
 2070       3.094392886946e-11       6.318022817491e-13      -1.709207671933e-12       0.000000000000e+00       3.230764831213e-16       9.103871784971e-17      -2.520535836553e-18 
 2071       3.089479382351e-11       6.270658870655e-13      -1.681762535384e-12       0.000000000000e+00       3.224404472058e-16       9.053487518959e-17      -2.365906232777e-18 
 2072       3.084410975280e-11       6.224645013974e-13      -1.654264886551e-12       0.000000000000e+00       3.218059477159e-16       9.002946118057e-17      -2.211643401939e-18 
 2073       3.079187911133e-11       6.179989588909e-13      -1.626725010471e-12       0.000000000000e+00       3.211729798206e-16       8.952289896106e-17      -2.057881022150e-18 
 2074       3.073810437482e-11       6.136700957244e-13      -1.599153232003e-12       0.000000000000e+00       3.205415386483e-16       8.901561330958e-17      -1.904753282645e-18 
 2075       3.068278804075e-11       6.094787501105e-13      -1.571559915879e-12       0.000000000000e+00       3.199116192870e-16       8.850803064671e-17      -1.752394884397e-18 
 2076       3.062593262839e-11       6.054257622980e-13      -1.543955466751e-12       0.000000000000e+00       3.192832167837e-16       8.800057903708e-17      -1.600941040730e-18 
 2077       3.056754067880e-11       6.015119745740e-13      -1.516350329240e-12       0.000000000000e+00       3.186563261453e-16       8.749368819134e-17      -1.450527477933e-18 
 2078       3.050761475492e-11       5.977382312657e-13      -1.488754987982e-12       0.000000000000e+00       3.180309423374e-16       8.698778946816e-17      -1.301290435874e-18 
 2079       3.044615744152e-11       5.941053787424e-13      -1.461179967678e-12       0.000000000000e+00       3.174070602853e-16       8.648331587618e-17      -1.153366668613e-18 
 2080       3.038317134533e-11       5.906142654174e-13      -1.433635833141e-12       0.000000000000e+00       3.167846748731e-16       8.598070207599e-17      -1.006893445017e-18 
 2081       3.031865909498e-11       5.872657417500e-13      -1.406133189343e-12       0.000000000000e+00       3.161637809442e-16       8.548038438215e-17      -8.620085493753e-19 
 2082       3.025262334107e-11       5.840606602477e-13      -1.378682681466e-12       0.000000000000e+00       3.155443733010e-16       8.498280076512e-17      -7.188502820085e-19 
 2083       3.018506675623e-11       5.809998754677e-13      -1.351294994947e-12       0.000000000000e+00       3.149264467046e-16       8.448839085326e-17      -5.775574598873e-19 
 2084       3.011599203508e-11       5.780842440194e-13      -1.323980855527e-12       0.000000000000e+00       3.143099958755e-16       8.399759593480e-17      -4.382694172440e-19 
 2085       3.004540189434e-11       5.753146245657e-13      -1.296751029301e-12       0.000000000000e+00       3.136950154927e-16       8.351085895983e-17      -3.011260061867e-19 
 2086       2.997329907279e-11       5.726918778257e-13      -1.269616322761e-12       0.000000000000e+00       3.130815001940e-16       8.302862454228e-17      -1.662675973135e-19 
 2087       2.989968942865e-11       5.702165268411e-13      -1.242586873221e-12       0.000000000000e+00       3.124694449342e-16       8.255123335428e-17      -3.380677295119e-20 
 2088       2.982459125521e-11       5.678877351693e-13      -1.215670014530e-12       0.000000000000e+00       3.118588460609e-16       8.207860449573e-17       9.625681137251e-20 
 2089       2.974802603057e-11       5.657043215278e-13      -1.188872396484e-12       0.000000000000e+00       3.112497002465e-16       8.161055090089e-17       2.239518843255e-19 
 2090       2.967001532642e-11       5.636650988708e-13      -1.162200693121e-12       0.000000000000e+00       3.106420041295e-16       8.114688474276e-17       3.493073057777e-19 
 2091       2.959058080811e-11       5.617688743819e-13      -1.135661602753e-12       0.000000000000e+00       3.100357543157e-16       8.068741743216e-17       4.723520669672e-19 
 2092       2.950974423483e-11       5.600144494669e-13      -1.109261847989e-12       0.000000000000e+00       3.094309473773e-16       8.023195961680e-17       5.931152906653e-19 
 2093       2.942752745967e-11       5.584006197462e-13      -1.083008175772e-12       0.000000000000e+00       3.088275798533e-16       7.978032118037e-17       7.116262313427e-19 
 2094       2.934395242975e-11       5.569261750475e-13      -1.056907357399e-12       0.000000000000e+00       3.082256482492e-16       7.933231124157e-17       8.279142753348e-19 
 2095       2.925904118635e-11       5.555898993983e-13      -1.030966188552e-12       0.000000000000e+00       3.076251490372e-16       7.888773815323e-17       9.420089410078e-19 
 2096       2.917281586504e-11       5.543905710185e-13      -1.005191489331e-12       0.000000000000e+00       3.070260786557e-16       7.844640950133e-17       1.053939878924e-18 
 2097       2.908529869574e-11       5.533269623134e-13      -9.795901042749e-13       0.000000000000e+00       3.064284335100e-16       7.800813210409e-17       1.163736872007e-18 
 2098       2.899651200289e-11       5.523978398656e-13      -9.541689023970e-13       0.000000000000e+00       3.058322099714e-16       7.757271201108e-17       1.271429835709e-18 
 2099       2.890647820556e-11       5.516019644283e-13      -9.289347772086e-13       0.000000000000e+00       3.052374043777e-16       7.713995450221e-17       1.377048818174e-18 
 2100       2.881521981752e-11       5.509380909174e-13      -9.038946467494e-13       0.000000000000e+00       3.046440130331e-16       7.670966408688e-17       1.480624000406e-18 
 2101       2.872275944744e-11       5.504049684043e-13      -8.790554536159e-13       0.000000000000e+00       3.040520322080e-16       7.628164450299e-17       1.582185696434e-18 
 2102       2.862911979890e-11       5.500013401088e-13      -8.544241649895e-13       0.000000000000e+00       3.034614581389e-16       7.585569871606e-17       1.681764353476e-18 
 2103       2.853432367061e-11       5.497259433910e-13      -8.300077726650e-13       0.000000000000e+00       3.028722870286e-16       7.543162891825e-17       1.779390552105e-18 
 2104       2.843839395646e-11       5.495775097446e-13      -8.058132930796e-13       0.000000000000e+00       3.022845150459e-16       7.500923652748e-17       1.875095006419e-18 
 2105       2.834135364564e-11       5.495547647891e-13      -7.818477673403e-13       0.000000000000e+00       3.016981383257e-16       7.458832218646e-17       1.968908564199e-18 
 2106       2.824322582280e-11       5.496564282627e-13      -7.581182612535e-13       0.000000000000e+00       3.011131529689e-16       7.416868576178e-17       2.060862207081e-18 
 2107       2.814403366813e-11       5.498812140145e-13      -7.346318653527e-13       0.000000000000e+00       3.005295550423e-16       7.375012634300e-17       2.150987050720e-18 
 2108       2.804380045747e-11       5.502278299975e-13      -7.113956949270e-13       0.000000000000e+00       2.999473405788e-16       7.333244224165e-17       2.239314344954e-18 
 2109       2.794254956245e-11       5.506949782611e-13      -6.884168900500e-13       0.000000000000e+00       2.993665055769e-16       7.291543099041e-17       2.325875473972e-18 
 2110       2.784030445059e-11       5.512813549435e-13      -6.657026156077e-13       0.000000000000e+00       2.987870460010e-16       7.249888934206e-17       2.410701956477e-18 
 2111       2.773708868545e-11       5.519856502646e-13      -6.432600613276e-13       0.000000000000e+00       2.982089577814e-16       7.208261326864e-17       2.493825445855e-18 
 2112       2.763292592668e-11       5.528065485183e-13      -6.210964418063e-13       0.000000000000e+00       2.976322368139e-16       7.166639796049e-17       2.575277730337e-18 
 2113       2.752783993019e-11       5.537427280655e-13      -5.992189965389e-13       0.000000000000e+00       2.970568789601e-16       7.125003782531e-17       2.655090733167e-18 
 2114       2.742185454827e-11       5.547928613263e-13      -5.776349899467e-13       0.000000000000e+00       2.964828800471e-16       7.083332648725e-17       2.733296512769e-18 
 2115       2.731499372966e-11       5.559556147728e-13      -5.563517114059e-13       0.000000000000e+00       2.959102358676e-16       7.041605678595e-17       2.809927262909e-18 
 2116       2.720728151971e-11       5.572296489218e-13      -5.353764752763e-13       0.000000000000e+00       2.953389421798e-16       6.999802077566e-17       2.885015312861e-18 
 2117       2.709874206047e-11       5.586136183272e-13      -5.147166209293e-13       0.000000000000e+00       2.947689947075e-16       6.957900972425e-17       2.958593127579e-18 
 2118       2.698939959083e-11       5.601061715729e-13      -4.943795127769e-13       0.000000000000e+00       2.942003891396e-16       6.915881411234e-17       3.030693307853e-18 
 2119       2.687927844661e-11       5.617059512648e-13      -4.743725402996e-13       0.000000000000e+00       2.936331211307e-16       6.873722363233e-17       3.101348590482e-18 
 2120       2.676840306069e-11       5.634115940241e-13      -4.547031180751e-13       0.000000000000e+00       2.930671863005e-16       6.831402718747e-17       3.170591848436e-18 
 2121       2.665679796314e-11       5.652217304797e-13      -4.353786858069e-13       0.000000000000e+00       2.925025802340e-16       6.788901289096e-17       3.238456091025e-18 
 2122       2.654448778131e-11       5.671349852606e-13      -4.164067083525e-13       0.000000000000e+00       2.919392984813e-16       6.746196806499e-17       3.304974464059e-18 
 2123       2.643149723994e-11       5.691499769886e-13      -3.977946757521e-13       0.000000000000e+00       2.913773365580e-16       6.703267923984e-17       3.370180250020e-18 
 2124       2.631785116132e-11       5.712653182709e-13      -3.795501032566e-13       0.000000000000e+00       2.908166899444e-16       6.660093215291e-17       3.434106868224e-18 
 2125       2.620357446537e-11       5.734796156928e-13      -3.616805313567e-13       0.000000000000e+00       2.902573540862e-16       6.616651174784e-17       3.496787874987e-18 
 2126       2.608869236363e-11       5.757913378775e-13      -3.441924008803e-13       0.000000000000e+00       2.896993246888e-16       6.572926306610e-17       3.558257662420e-18 
 2127       2.597323094235e-11       5.781984186867e-13      -3.270876697627e-13       0.000000000000e+00       2.891425986049e-16       6.528927438210e-17       3.618553559731e-18 
 2128       2.585721658366e-11       5.806986512728e-13      -3.103671730386e-13       0.000000000000e+00       2.885871729532e-16       6.484669532718e-17       3.677713746724e-18 
 2129       2.574067577216e-11       5.832898197533e-13      -2.940317456557e-13       0.000000000000e+00       2.880330448240e-16       6.440167611227e-17       3.735776556663e-18 
 2130       2.562363509509e-11       5.859696991997e-13      -2.780822224737e-13       0.000000000000e+00       2.874802112788e-16       6.395436752855e-17       3.792780476458e-18 
 2131       2.550612124239e-11       5.887360556261e-13      -2.625194382626e-13       0.000000000000e+00       2.869286693510e-16       6.350492094813e-17       3.848764146852e-18 
 2132       2.538816100686e-11       5.915866459793e-13      -2.473442277014e-13       0.000000000000e+00       2.863784160449e-16       6.305348832475e-17       3.903766362602e-18 
 2133       2.526978128429e-11       5.945192181270e-13      -2.325574253770e-13       0.000000000000e+00       2.858294483366e-16       6.260022219447e-17       3.957826072664e-18 
 2134       2.515100907355e-11       5.975315108473e-13      -2.181598657821e-13       0.000000000000e+00       2.852817631732e-16       6.214527567632e-17       4.010982380378e-18 
 2135       2.503187147672e-11       6.006212538178e-13      -2.041523833148e-13       0.000000000000e+00       2.847353574733e-16       6.168880247306e-17       4.063274543652e-18 
 2136       2.491239569925e-11       6.037861676048e-13      -1.905358122761e-13       0.000000000000e+00       2.841902281267e-16       6.123095687177e-17       4.114741975144e-18 
 2137       2.479260905002e-11       6.070239636521e-13      -1.773109868694e-13       0.000000000000e+00       2.836463719942e-16       6.077189374462e-17       4.165424242451e-18 
 2138       2.467253894150e-11       6.103323442703e-13      -1.644787411986e-13       0.000000000000e+00       2.831037859081e-16       6.031176854951e-17       4.215361068288e-18 
 2139       2.455221288986e-11       6.137090026260e-13      -1.520399092669e-13       0.000000000000e+00       2.825624666715e-16       5.985073733077e-17       4.264592330675e-18 
 2140       2.443165851510e-11       6.171516227306e-13      -1.399953249752e-13       0.000000000000e+00       2.820224110586e-16       5.938895671986e-17       4.313158063122e-18 
 2141       2.431090354117e-11       6.206578794296e-13      -1.283458221210e-13       0.000000000000e+00       2.814836158149e-16       5.892658393601e-17       4.361098454810e-18 
 2142       2.418997579606e-11       6.242254383920e-13      -1.170922343969e-13       0.000000000000e+00       2.809460776566e-16       5.846377678696e-17       4.408453850779e-18 
 2143       2.406890321198e-11       6.278519560987e-13      -1.062353953889e-13       0.000000000000e+00       2.804097932710e-16       5.800069366963e-17       4.455264752109e-18 
 2144       2.394771382543e-11       6.315350798323e-13      -9.577613857541e-14       0.000000000000e+00       2.798747593162e-16       5.753749357077e-17       4.501571816105e-18 
 2145       2.382643577735e-11       6.352724476658e-13      -8.571529732568e-14       0.000000000000e+00       2.793409724212e-16       5.707433606772e-17       4.547415856483e-18 
 2146       2.370509731322e-11       6.390616884517e-13      -7.605370489837e-14       0.000000000000e+00       2.788084291859e-16       5.661138132901e-17       4.592837843554e-18 
 2147       2.358372678322e-11       6.429004218114e-13      -6.679219444021e-14       0.000000000000e+00       2.782771261808e-16       5.614879011512e-17       4.637878904404e-18 
 2148       2.346235264228e-11       6.467862581240e-13      -5.793159898456e-14       0.000000000000e+00       2.777470599473e-16       5.568672377911e-17       4.682580323083e-18 
 2149       2.334100345029e-11       6.507167985156e-13      -4.947275145003e-14       0.000000000000e+00       2.772182269974e-16       5.522534426736e-17       4.726983540789e-18 
 2150       2.321970787216e-11       6.546896348483e-13      -4.141648463909e-14       0.000000000000e+00       2.766906238138e-16       5.476481412021e-17       4.771130156049e-18 
 2151       2.309849467796e-11       6.587023497094e-13      -3.376363123664e-14       0.000000000000e+00       2.761642468498e-16       5.430529647265e-17       4.815061924904e-18 
 2152       2.297739274302e-11       6.627525164004e-13      -2.651502380865e-14       0.000000000000e+00       2.756390925293e-16       5.384695505506e-17       4.858820761097e-18 
 2153       2.285643104812e-11       6.668376989260e-13      -1.967149480073e-14       0.000000000000e+00       2.751151572465e-16       5.338995419382e-17       4.902448736253e-18 
 2154       2.273563867951e-11       6.709554519837e-13      -1.323387653673e-14       0.000000000000e+00       2.745924373665e-16       5.293445881204e-17       4.945988080063e-18 
 2155       2.261504482911e-11       6.751033209521e-13      -7.203001217376e-15       0.000000000000e+00       2.740709292244e-16       5.248063443026e-17       4.989481180472e-18 
 2156       2.249467879462e-11       6.792788418808e-13      -1.579700918825e-15       0.000000000000e+00       2.735506291260e-16       5.202864716709e-17       5.032970583861e-18 
 2157       2.237456997960e-11       6.834795414791e-13       3.635192408705e-15       0.000000000000e+00       2.730315333474e-16       5.157866373994e-17       5.076498995230e-18 
 2158       2.225474789363e-11       6.877029371051e-13       8.440846942345e-15       0.000000000000e+00       2.725136381349e-16       5.113085146567e-17       5.120109278383e-18 
 2159       2.213524215241e-11       6.919465367550e-13       1.283643098797e-14       0.000000000000e+00       2.719969397051e-16       5.068537826132e-17       5.163844456114e-18 
 2160       2.201608247792e-11       6.962078390518e-13       1.682111298161e-14       0.000000000000e+00       2.714814342450e-16       5.024241264473e-17       5.207747710389e-18 
 2161       2.189729869848e-11       7.004843332350e-13       2.039406149083e-14       0.000000000000e+00       2.709671179116e-16       4.980212373531e-17       5.251862382532e-18 
 2162       2.177892074892e-11       7.047734991493e-13       2.355444521613e-14       0.000000000000e+00       2.704539868322e-16       4.936468125466e-17       5.296231973407e-18 
 2163       2.166097867067e-11       7.090728072336e-13       2.630143299239e-14       0.000000000000e+00       2.699420371039e-16       4.893025552728e-17       5.340900143604e-18 
 2164       2.154350261193e-11       7.133797185106e-13       2.863419379019e-14       0.000000000000e+00       2.694312647943e-16       4.849901748126e-17       5.385910713622e-18 
 2165       2.142652053671e-11       7.176917957887e-13       3.055275914328e-14       0.000000000000e+00       2.689216662277e-16       4.807110034150e-17       5.431296926536e-18 
 2166       2.131005133500e-11       7.220070381127e-13       3.206061680150e-14       0.000000000000e+00       2.684132388482e-16       4.764648442497e-17       5.477049156264e-18 
 2167       2.119411166629e-11       7.263235485533e-13       3.316213461793e-14       0.000000000000e+00       2.679059803629e-16       4.722511156783e-17       5.523146981323e-18 
 2168       2.107871824643e-11       7.306394231906e-13       3.386169973863e-14       0.000000000000e+00       2.673998884549e-16       4.680692336191e-17       5.569569902432e-18 
 2169       2.096388784765e-11       7.349527511062e-13       3.416371862616e-14       0.000000000000e+00       2.668949607837e-16       4.639186115437e-17       5.616297342418e-18 
 2170       2.084963729867e-11       7.392616143753e-13       3.407261708299e-14       0.000000000000e+00       2.663911949848e-16       4.597986604746e-17       5.663308646130e-18 
 2171       2.073598348474e-11       7.435640880586e-13       3.359284027500e-14       0.000000000000e+00       2.658885886702e-16       4.557087889817e-17       5.710583080347e-18 
 2172       2.062294334771e-11       7.478582401940e-13       3.272885275496e-14       0.000000000000e+00       2.653871394277e-16       4.516484031796e-17       5.758099833685e-18 
 2173       2.051053388610e-11       7.521421317889e-13       3.148513848595e-14       0.000000000000e+00       2.648868448213e-16       4.476169067248e-17       5.805838016510e-18 
 2174       2.039877215512e-11       7.564138168121e-13       2.986620086490e-14       0.000000000000e+00       2.643877023911e-16       4.436137008127e-17       5.853776660847e-18 
 2175       2.028767526680e-11       7.606713421855e-13       2.787656274599e-14       0.000000000000e+00       2.638897096533e-16       4.396381841744e-17       5.901894720285e-18 
 2176       2.017726039000e-11       7.649127477761e-13       2.552076646416e-14       0.000000000000e+00       2.633928640999e-16       4.356897530741e-17       5.950171069893e-18 
 2177       2.006754475050e-11       7.691360663883e-13       2.280337385856e-14       0.000000000000e+00       2.628971631990e-16       4.317678013059e-17       5.998584506125e-18 
 2178       1.995854563104e-11       7.733393237555e-13       1.972896629603e-14       0.000000000000e+00       2.624026043945e-16       4.278717201910e-17       6.047113746729e-18 
 2179       1.985028037141e-11       7.775205385320e-13       1.630214469457e-14       0.000000000000e+00       2.619091851063e-16       4.240008985747e-17       6.095737430662e-18 
 2180       1.974276636850e-11       7.816777222855e-13       1.252752954679e-14       0.000000000000e+00       2.614169027302e-16       4.201547228237e-17       6.144434117992e-18 
 2181       1.963602107634e-11       7.858088794882e-13       8.409760943395e-15       0.000000000000e+00       2.609257546375e-16       4.163325768226e-17       6.193182289812e-18 
 2182       1.953006200622e-11       7.899120075095e-13       3.953498596659e-15       0.000000000000e+00       2.604357381758e-16       4.125338419717e-17       6.241960348148e-18 
 2183       1.942490672668e-11       7.939850966075e-13      -8.365781361263e-16       0.000000000000e+00       2.599468506680e-16       4.087578971833e-17       6.290746615871e-18 
 2184       1.932057286365e-11       7.980261299213e-13      -5.955770229168e-15       0.000000000000e+00       2.594590894128e-16       4.050041188794e-17       6.339519336601e-18 
 2185       1.921707810042e-11       8.020330834625e-13      -1.139935896471e-14       0.000000000000e+00       2.589724516849e-16       4.012718809884e-17       6.388256674622e-18 
 2186       1.911444017782e-11       8.060039261076e-13      -1.716260590956e-14       0.000000000000e+00       2.584869347341e-16       3.975605549421e-17       6.436936714789e-18 
 2187       1.901267689416e-11       8.099366195898e-13      -2.324075289162e-14       0.000000000000e+00       2.580025357863e-16       3.938695096733e-17       6.485537462435e-18 
 2188       1.891180610538e-11       8.138291184907e-13      -2.962902197642e-14       0.000000000000e+00       2.575192520428e-16       3.901981116120e-17       6.534036843287e-18 
 2189       1.881184572509e-11       8.176793702325e-13      -3.632261544366e-14       0.000000000000e+00       2.570370806802e-16       3.865457246832e-17       6.582412703369e-18 
 2190       1.871281372460e-11       8.214853150702e-13      -4.331671576373e-14       0.000000000000e+00       2.565560188511e-16       3.829117103037e-17       6.630642808913e-18 
 2191       1.861472813305e-11       8.252448860829e-13      -5.060648557423e-14       0.000000000000e+00       2.560760636832e-16       3.792954273791e-17       6.678704846272e-18 
 2192       1.851760703738e-11       8.289560091663e-13      -5.818706765652e-14       0.000000000000e+00       2.555972122796e-16       3.756962323007e-17       6.726576421824e-18 
 2193       1.842146858249e-11       8.326166030244e-13      -6.605358491225e-14       0.000000000000e+00       2.551194617191e-16       3.721134789432e-17       6.774235061887e-18 
 2194       1.832633097123e-11       8.362245791615e-13      -7.420114033989e-14       0.000000000000e+00       2.546428090557e-16       3.685465186610e-17       6.821658212623e-18 
 2195       1.823221246451e-11       8.397778418743e-13      -8.262481701124e-14       0.000000000000e+00       2.541672513187e-16       3.649947002857e-17       6.868823239951e-18 
 2196       1.813913138132e-11       8.432742882435e-13      -9.131967804799e-14       0.000000000000e+00       2.536927855127e-16       3.614573701230e-17       6.915707429456e-18 
 2197       1.804710609883e-11       8.467118081261e-13      -1.002807665983e-13       0.000000000000e+00       2.532194086176e-16       3.579338719498e-17       6.962287986297e-18 
 2198       1.795615505245e-11       8.500882841473e-13      -1.095031058131e-13       0.000000000000e+00       2.527471175886e-16       3.544235470113e-17       7.008542035119e-18 
 2199       1.786629673586e-11       8.534015916922e-13      -1.189816988230e-13       0.000000000000e+00       2.522759093559e-16       3.509257340182e-17       7.054446619959e-18 
 2200       1.777754970111e-11       8.566495988979e-13      -1.287115287145e-13       0.000000000000e+00       2.518057808252e-16       3.474397691432e-17       7.099978704157e-18 
 2201       1.768993255864e-11       8.598301666456e-13      -1.386875585066e-13       0.000000000000e+00       2.513367288769e-16       3.439649860188e-17       7.145115170268e-18 
 2202       1.760346397740e-11       8.629411485524e-13      -1.489047311276e-13       0.000000000000e+00       2.508687503667e-16       3.405007157338e-17       7.189832819967e-18 
 2203       1.751816268488e-11       8.659803909631e-13      -1.593579693910e-13       0.000000000000e+00       2.504018421255e-16       3.370462868306e-17       7.234108373961e-18 
 2204       1.743404434153e-11       8.689459876645e-13      -1.700419671470e-13       0.000000000000e+00       2.499360010837e-16       3.336012727069e-17       7.277914521290e-18 
 2205       1.735111214132e-11       8.718370458911e-13      -1.809505612650e-13       0.000000000000e+00       2.494712246459e-16       3.301662356222e-17       7.321208038734e-18 
 2206       1.726936614890e-11       8.746529253914e-13      -1.920773554325e-13       0.000000000000e+00       2.490075103192e-16       3.267419876271e-17       7.363941592314e-18 
 2207       1.718880641951e-11       8.773929841657e-13      -2.034159285738e-13       0.000000000000e+00       2.485448555880e-16       3.233293436108e-17       7.406067680543e-18 
 2208       1.710943299901e-11       8.800565784644e-13      -2.149598348208e-13       0.000000000000e+00       2.480832579143e-16       3.199291213040e-17       7.447538634239e-18 
 2209       1.703124592385e-11       8.826430627865e-13      -2.267026034850e-13       0.000000000000e+00       2.476227147380e-16       3.165421412824e-17       7.488306616341e-18 
 2210       1.695424522102e-11       8.851517898776e-13      -2.386377390285e-13       0.000000000000e+00       2.471632234763e-16       3.131692269694e-17       7.528323621716e-18 
 2211       1.687843090809e-11       8.875821107281e-13      -2.507587210354e-13       0.000000000000e+00       2.467047815238e-16       3.098112046400e-17       7.567541476973e-18 
 2212       1.680380299318e-11       8.899333745718e-13      -2.630590041835e-13       0.000000000000e+00       2.462473862528e-16       3.064689034230e-17       7.605911840273e-18 
 2213       1.673036147491e-11       8.922049288838e-13      -2.755320182152e-13       0.000000000000e+00       2.457910350129e-16       3.031431553052e-17       7.643386201144e-18 
 2214       1.665810634243e-11       8.943961193787e-13      -2.881711679091e-13       0.000000000000e+00       2.453357251312e-16       2.998347951336e-17       7.679915880291e-18 
 2215       1.658703757539e-11       8.965062900091e-13      -3.009698330515e-13       0.000000000000e+00       2.448814539123e-16       2.965446606194e-17       7.715452029407e-18 
 2216       1.651715514390e-11       8.985347829638e-13      -3.139213684075e-13       0.000000000000e+00       2.444282186378e-16       2.932735923405e-17       7.749945630989e-18 
 2217       1.644845900857e-11       9.004809386659e-13      -3.270191036927e-13       0.000000000000e+00       2.439760165669e-16       2.900224337452e-17       7.783347498143e-18 
 2218       1.638094912045e-11       9.023440957709e-13      -3.402563435443e-13       0.000000000000e+00       2.435248449361e-16       2.867920311551e-17       7.815608274402e-18 
 2219       1.631462542103e-11       9.041235911655e-13      -3.536263674926e-13       0.000000000000e+00       2.430747009591e-16       2.835832337681e-17       7.846678433536e-18 
 2220       1.624948784223e-11       9.058187599652e-13      -3.671224299322e-13       0.000000000000e+00       2.426255818266e-16       2.803968936620e-17       7.876508279363e-18 
 2221       1.618553630637e-11       9.074289355129e-13      -3.807377600939e-13       0.000000000000e+00       2.421774847069e-16       2.772338657974e-17       7.905047945560e-18 
 2222       1.612277072619e-11       9.089534493771e-13      -3.944655620152e-13       0.000000000000e+00       2.417304067452e-16       2.740950080208e-17       7.932247395479e-18 
 2223       1.606119100479e-11       9.103916313501e-13      -4.082990145126e-13       0.000000000000e+00       2.412843450639e-16       2.709811810680e-17       7.958056421955e-18 
 2224       1.600079703565e-11       9.117428094461e-13      -4.222312711524e-13       0.000000000000e+00       2.408392967624e-16       2.678932485672e-17       7.982424647118e-18 
 2225       1.594158870260e-11       9.130063098998e-13      -4.362554602221e-13       0.000000000000e+00       2.403952589174e-16       2.648320770418e-17       8.005301522207e-18 
 2226       1.588356587981e-11       9.141814571643e-13      -4.503646847021e-13       0.000000000000e+00       2.399522285825e-16       2.617985359143e-17       8.026636327382e-18 
 2227       1.582672843178e-11       9.152675739095e-13      -4.645520222368e-13       0.000000000000e+00       2.395102027882e-16       2.587934975087e-17       8.046378171533e-18 
 2228       1.577107621331e-11       9.162639810202e-13      -4.788105251059e-13       0.000000000000e+00       2.390691785421e-16       2.558178370544e-17       8.064475992095e-18 
 2229       1.571660906950e-11       9.171699975946e-13      -4.931332201962e-13       0.000000000000e+00       2.386291528288e-16       2.528724326886e-17       8.080878554857e-18 
 2230       1.566332683573e-11       9.179849409422e-13      -5.075131089726e-13       0.000000000000e+00       2.381901226096e-16       2.499581654601e-17       8.095534453777e-18 
 2231       1.561122933766e-11       9.187081265824e-13      -5.219431674493e-13       0.000000000000e+00       2.377520848229e-16       2.470759193321e-17       8.108392110791e-18 
 2232       1.556031639119e-11       9.193388682425e-13      -5.364163461620e-13       0.000000000000e+00       2.373150363839e-16       2.442265811857e-17       8.119399775627e-18 
 2233       1.551058780246e-11       9.198764778560e-13      -5.509255701382e-13       0.000000000000e+00       2.368789741845e-16       2.414110408227e-17       8.128505525616e-18 
 2234       1.546204336783e-11       9.203202655608e-13      -5.654637388693e-13       0.000000000000e+00       2.364438950935e-16       2.386301909690e-17       8.135657265504e-18 
 2235       1.541468287388e-11       9.206695396975e-13      -5.800237262819e-13       0.000000000000e+00       2.360097959564e-16       2.358849272775e-17       8.140802727263e-18 
 2236       1.536850609737e-11       9.209236068077e-13      -5.945983807089e-13       0.000000000000e+00       2.355766735954e-16       2.331761483319e-17       8.143889469906e-18 
 2237       1.532351280527e-11       9.210817716321e-13      -6.091805248611e-13       0.000000000000e+00       2.351445248094e-16       2.305047556490e-17       8.144864879293e-18 
 2238       1.527970275468e-11       9.211433371088e-13      -6.237629557984e-13       0.000000000000e+00       2.347133463740e-16       2.278716536826e-17       8.143676167951e-18 
 2239       1.523707569287e-11       9.211076043715e-13      -6.383384449013e-13       0.000000000000e+00       2.342831350415e-16       2.252777498263e-17       8.140270374877e-18 
 2240       1.519563135724e-11       9.209738727479e-13      -6.528997378424e-13       0.000000000000e+00       2.338538875407e-16       2.227239544167e-17       8.134594365357e-18 
 2241       1.515536947533e-11       9.207414397577e-13      -6.674395545574e-13       0.000000000000e+00       2.334256005768e-16       2.202111807367e-17       8.126594830774e-18 
 2242       1.511628976477e-11       9.204096011111e-13      -6.819505892169e-13       0.000000000000e+00       2.329982708318e-16       2.177403450186e-17       8.116218288422e-18 
 2243       1.507838976483e-11       9.199778909063e-13      -6.964259589839e-13       0.000000000000e+00       2.325718951675e-16       2.153121146684e-17       8.103429519861e-18 
 2244       1.504165831556e-11       9.194468039395e-13      -7.108605535462e-13       0.000000000000e+00       2.321464712371e-16       2.129261511381e-17       8.088267017885e-18 
 2245       1.500608203604e-11       9.188170781060e-13      -7.252496943353e-13       0.000000000000e+00       2.317219968775e-16       2.105818621177e-17       8.070787901079e-18 
 2246       1.497164748894e-11       9.180894546327e-13      -7.395886865218e-13       0.000000000000e+00       2.312984699065e-16       2.082786528633e-17       8.051049508383e-18 
 2247       1.493834118044e-11       9.172646780820e-13      -7.538728189976e-13       0.000000000000e+00       2.308758881227e-16       2.060159261936e-17       8.029109399346e-18 
 2248       1.490614956014e-11       9.163434963558e-13      -7.680973643581e-13       0.000000000000e+00       2.304542493053e-16       2.037930824871e-17       8.005025354375e-18 
 2249       1.487505902103e-11       9.153266606996e-13      -7.822575788838e-13       0.000000000000e+00       2.300335512141e-16       2.016095196797e-17       7.978855374988e-18 
 2250       1.484505589942e-11       9.142149257062e-13      -7.963487025228e-13       0.000000000000e+00       2.296137915897e-16       1.994646332614e-17       7.950657684065e-18 
 2251       1.481612647483e-11       9.130090493200e-13      -8.103659588729e-13       0.000000000000e+00       2.291949681532e-16       1.973578162737e-17       7.920490726100e-18 
 2252       1.478825696999e-11       9.117097928408e-13      -8.243045551631e-13       0.000000000000e+00       2.287770786066e-16       1.952884593067e-17       7.888413167451e-18 
 2253       1.476143355072e-11       9.103179209275e-13      -8.381596822366e-13       0.000000000000e+00       2.283601206321e-16       1.932559504962e-17       7.854483896595e-18 
 2254       1.473564232589e-11       9.088342016025e-13      -8.519265145320e-13       0.000000000000e+00       2.279440918927e-16       1.912596755213e-17       7.818762024375e-18 
 2255       1.471086934735e-11       9.072594062556e-13      -8.656002100659e-13       0.000000000000e+00       2.275289900318e-16       1.892990176007e-17       7.781306884255e-18 
 2256       1.468710060986e-11       9.055943096477e-13      -8.791759104148e-13       0.000000000000e+00       2.271148126734e-16       1.873733574908e-17       7.742178032568e-18 
 2257       1.466432205104e-11       9.038396899150e-13      -8.926487406971e-13       0.000000000000e+00       2.267015574219e-16       1.854820734822e-17       7.701435248771e-18 
 2258       1.464251955125e-11       9.019963285728e-13      -9.060138095554e-13       0.000000000000e+00       2.262892218622e-16       1.836245413973e-17       7.659138535696e-18 
 2259       1.462167893362e-11       9.000650105197e-13      -9.192662091384e-13       0.000000000000e+00       2.258778035595e-16       1.818001345870e-17       7.615348119799e-18 
 2260       1.460178596388e-11       8.980465240412e-13      -9.324010150829e-13       0.000000000000e+00       2.254673000595e-16       1.800082239285e-17       7.570124451413e-18 
 2261       1.458282635036e-11       8.959416608143e-13      -9.454132864961e-13       0.000000000000e+00       2.250577088882e-16       1.782481778218e-17       7.523528205000e-18 
 2262       1.456478574391e-11       8.937512159106e-13      -9.582980659377e-13       0.000000000000e+00       2.246490275521e-16       1.765193621874e-17       7.475620279403e-18 
 2263       1.454764973782e-11       8.914759878010e-13      -9.710503794014e-13       0.000000000000e+00       2.242412535378e-16       1.748211404630e-17       7.426461798093e-18 
 2264       1.453140386777e-11       8.891167783593e-13      -9.836652362980e-13       0.000000000000e+00       2.238343843123e-16       1.731528736013e-17       7.376114109428e-18 
 2265       1.451603361175e-11       8.866743928663e-13      -9.961376294364e-13       0.000000000000e+00       2.234284173227e-16       1.715139200663e-17       7.324638786898e-18 
 2266       1.450152439001e-11       8.841496400138e-13      -1.008462535006e-12       0.000000000000e+00       2.230233499967e-16       1.699036358314e-17       7.272097629380e-18 
 2267       1.448786156498e-11       8.815433319083e-13      -1.020634912560e-12       0.000000000000e+00       2.226191797418e-16       1.683213743757e-17       7.218552661388e-18 
 2268       1.447503044120e-11       8.788562840754e-13      -1.032649704996e-12       0.000000000000e+00       2.222159039458e-16       1.667664866818e-17       7.164066133325e-18 
 2269       1.446301626528e-11       8.760893154632e-13      -1.044501838537e-12       0.000000000000e+00       2.218135199769e-16       1.652383212328e-17       7.108700521734e-18 
 2270       1.445180422579e-11       8.732432484470e-13      -1.056186222717e-12       0.000000000000e+00       2.214120251830e-16       1.637362240091e-17       7.052518529549e-18 
 2271       1.444137945326e-11       8.703189088326e-13      -1.067697750359e-12       0.000000000000e+00       2.210114168924e-16       1.622595384863e-17       6.995583086350e-18 
 2272       1.443172702003e-11       8.673171258606e-13      -1.079031297562e-12       0.000000000000e+00       2.206116924135e-16       1.608076056316e-17       6.937957348609e-18 
 2273       1.442283194025e-11       8.642387322102e-13      -1.090181723678e-12       0.000000000000e+00       2.202128490344e-16       1.593797639013e-17       6.879704699946e-18 
 2274       1.441467916980e-11       8.610845640034e-13      -1.101143871295e-12       0.000000000000e+00       2.198148840237e-16       1.579753492383e-17       6.820888751378e-18 
 2275       1.440725360620e-11       8.578554608089e-13      -1.111912566225e-12       0.000000000000e+00       2.194177946296e-16       1.565936950686e-17       6.761573341572e-18 
 2276       1.440054008856e-11       8.545522656457e-13      -1.122482617476e-12       0.000000000000e+00       2.190215780804e-16       1.552341322990e-17       6.701822537094e-18 
 2277       1.439452339752e-11       8.511758249876e-13      -1.132848817243e-12       0.000000000000e+00       2.186262315844e-16       1.538959893139e-17       6.641700632665e-18 
 2278       1.438918825518e-11       8.477269887669e-13      -1.143005940886e-12       0.000000000000e+00       2.182317523297e-16       1.525785919727e-17       6.581272151407e-18 
 2279       1.438451932503e-11       8.442066103784e-13      -1.152948746911e-12       0.000000000000e+00       2.178381374844e-16       1.512812636070e-17       6.520601845100e-18 
 2280       1.438050121187e-11       8.406155466833e-13      -1.162671976956e-12       0.000000000000e+00       2.174453841964e-16       1.500033250176e-17       6.459754694427e-18 
 2281       1.437711846177e-11       8.369546580133e-13      -1.172170355769e-12       0.000000000000e+00       2.170534895934e-16       1.487440944717e-17       6.398795909232e-18 
 2282       1.437435530105e-11       8.332249121557e-13      -1.181439333812e-12       0.000000000000e+00       2.166624510242e-16       1.475030623468e-17       6.337785406038e-18 
 2283       1.437219485151e-11       8.294276970309e-13      -1.190477320314e-12       0.000000000000e+00       2.162722667847e-16       1.462804162926e-17       6.276761201383e-18 
 2284       1.437061991001e-11       8.255645100287e-13      -1.199283464504e-12       0.000000000000e+00       2.158829353963e-16       1.450765194324e-17       6.215755912446e-18 
 2285       1.436961320893e-11       8.216368542158e-13      -1.207856914300e-12       0.000000000000e+00       2.154944553654e-16       1.438917360240e-17       6.154802270225e-18 
 2286       1.436915741607e-11       8.176462383422e-13      -1.216196816301e-12       0.000000000000e+00       2.151068251830e-16       1.427264314606e-17       6.093933119662e-18 
 2287       1.436923513457e-11       8.135941768473e-13      -1.224302315789e-12       0.000000000000e+00       2.147200433251e-16       1.415809722720e-17       6.033181419769e-18 
 2288       1.436982890286e-11       8.094821898664e-13      -1.232172556729e-12       0.000000000000e+00       2.143341082522e-16       1.404557261261e-17       5.972580243749e-18 
 2289       1.437092119458e-11       8.053118032371e-13      -1.239806681766e-12       0.000000000000e+00       2.139490184098e-16       1.393510618294e-17       5.912162779122e-18 
 2290       1.437249441850e-11       8.010845485057e-13      -1.247203832226e-12       0.000000000000e+00       2.135647722277e-16       1.382673493290e-17       5.851962327850e-18 
 2291       1.437453091846e-11       7.968019629333e-13      -1.254363148114e-12       0.000000000000e+00       2.131813681209e-16       1.372049597133e-17       5.792012306461e-18 
 2292       1.437701297329e-11       7.924655895025e-13      -1.261283768115e-12       0.000000000000e+00       2.127988044885e-16       1.361642652131e-17       5.732346246172e-18 
 2293       1.437992279673e-11       7.880769769235e-13      -1.267964829591e-12       0.000000000000e+00       2.124170797148e-16       1.351456392033e-17       5.672997793014e-18 
 2294       1.438324253738e-11       7.836376796408e-13      -1.274405468580e-12       0.000000000000e+00       2.120361921683e-16       1.341494562037e-17       5.614000707957e-18 
 2295       1.438695427862e-11       7.791492578391e-13      -1.280604819797e-12       0.000000000000e+00       2.116561402022e-16       1.331760918800e-17       5.555388867033e-18 
 2296       1.439104003852e-11       7.746132774499e-13      -1.286562016635e-12       0.000000000000e+00       2.112769221545e-16       1.322259230456e-17       5.497196261462e-18 
 2297       1.439548176979e-11       7.700313101580e-13      -1.292276191156e-12       0.000000000000e+00       2.108985363473e-16       1.312993276623e-17       5.439456997773e-18 
 2298       1.440026135968e-11       7.654049334076e-13      -1.297746474102e-12       0.000000000000e+00       2.105209810878e-16       1.303966848416e-17       5.382205297934e-18 
 2299       1.440536062996e-11       7.607357304088e-13      -1.302971994883e-12       0.000000000000e+00       2.101442546672e-16       1.295183748460e-17       5.325475499469e-18 
 2300       1.441076133679e-11       7.560252901441e-13      -1.307951881584e-12       0.000000000000e+00       2.097683553616e-16       1.286647790901e-17       5.269302055589e-18 
 2301       1.441644517068e-11       7.512752073744e-13      -1.312685260961e-12       0.000000000000e+00       2.093932814312e-16       1.278362801416e-17       5.213719535311e-18 
 2302       1.442239375640e-11       7.464870826457e-13      -1.317171258438e-12       0.000000000000e+00       2.090190311209e-16       1.270332617231e-17       5.158762623587e-18 
 2303       1.442858865295e-11       7.416625222952e-13      -1.321408998113e-12       0.000000000000e+00       2.086456026601e-16       1.262561087124e-17       5.104466121423e-18 
 2304       1.443501135342e-11       7.368031384579e-13      -1.325397602748e-12       0.000000000000e+00       2.082729942622e-16       1.255052071446e-17       5.050864946009e-18 
 2305       1.444164328496e-11       7.319105490728e-13      -1.329136193778e-12       0.000000000000e+00       2.079012041255e-16       1.247809442126e-17       4.997994130838e-18 
 2306       1.444846580873e-11       7.269863778894e-13      -1.332623891301e-12       0.000000000000e+00       2.075302304322e-16       1.240837082685e-17       4.945888825835e-18 
 2307       1.445546021977e-11       7.220322544738e-13      -1.335859814083e-12       0.000000000000e+00       2.071600713493e-16       1.234138888250e-17       4.894584297476e-18 
 2308       1.446260774697e-11       7.170498142155e-13      -1.338843079557e-12       0.000000000000e+00       2.067907250277e-16       1.227718765564e-17       4.844115928919e-18 
 2309       1.446988955298e-11       7.120406983332e-13      -1.341572803818e-12       0.000000000000e+00       2.064221896029e-16       1.221580632997e-17       4.794519220121e-18 
 2310       1.447728673415e-11       7.070065538818e-13      -1.344048101627e-12       0.000000000000e+00       2.060544631945e-16       1.215728420561e-17       4.745829787968e-18 
 2311       1.448478032045e-11       7.019490337581e-13      -1.346268086408e-12       0.000000000000e+00       2.056875439064e-16       1.210166069916e-17       4.698083366396e-18 
 2312       1.449235127539e-11       6.968697967077e-13      -1.348231870246e-12       0.000000000000e+00       2.053214298269e-16       1.204897534390e-17       4.651315806517e-18 
 2313       1.449998049596e-11       6.917705073311e-13      -1.349938563889e-12       0.000000000000e+00       2.049561190282e-16       1.199926778985e-17       4.605563076743e-18 
 2314       1.450764881257e-11       6.866528360900e-13      -1.351387276743e-12       0.000000000000e+00       2.045916095671e-16       1.195257780389e-17       4.560861262908e-18 
 2315       1.451533698894e-11       6.815184593139e-13      -1.352577116878e-12       0.000000000000e+00       2.042278994841e-16       1.190894526993e-17       4.517246568396e-18 
 2316       1.452302572206e-11       6.763690592064e-13      -1.353507191020e-12       0.000000000000e+00       2.038649868043e-16       1.186841018895e-17       4.474755314263e-18 
 2317       1.453069564213e-11       6.712063238512e-13      -1.354176604553e-12       0.000000000000e+00       2.035028695367e-16       1.183101267920e-17       4.433423939361e-18 
 2318       1.453832731242e-11       6.660319472192e-13      -1.354584461520e-12       0.000000000000e+00       2.031415456744e-16       1.179679297626e-17       4.393289000465e-18 
 2319       1.454590122928e-11       6.608476291740e-13      -1.354729864620e-12       0.000000000000e+00       2.027810131947e-16       1.176579143318e-17       4.354387172393e-18 
 2320       1.455339782203e-11       6.556550754789e-13      -1.354611915207e-12       0.000000000000e+00       2.024212700588e-16       1.173804852062e-17       4.316755248133e-18 
 2321       1.456079886394e-11       6.504559342832e-13      -1.354230311062e-12       0.000000000000e+00       2.020623142604e-16       1.171358636543e-17       4.280412041113e-18 
 2322       1.456809171509e-11       6.452516051318e-13      -1.353587143825e-12       0.000000000000e+00       2.017041439702e-16       1.169235323915e-17       4.245303966998e-18 
 2323       1.457526510619e-11       6.400434287633e-13      -1.352685112898e-12       0.000000000000e+00       2.013467573921e-16       1.167427871960e-17       4.211359118874e-18 
 2324       1.458230772980e-11       6.348327505258e-13      -1.351526928717e-12       0.000000000000e+00       2.009901527149e-16       1.165929212031e-17       4.178505333652e-18 
 2325       1.458920824040e-11       6.296209203815e-13      -1.350115312764e-12       0.000000000000e+00       2.006343281125e-16       1.164732249020e-17       4.146670191786e-18 
 2326       1.459595525427e-11       6.244092929122e-13      -1.348452997579e-12       0.000000000000e+00       2.002792817436e-16       1.163829861328e-17       4.115781017004e-18 
 2327       1.460253734948e-11       6.191992273233e-13      -1.346542726772e-12       0.000000000000e+00       1.999250117520e-16       1.163214900840e-17       4.085764876019e-18 
 2328       1.460894306585e-11       6.139920874497e-13      -1.344387255040e-12       0.000000000000e+00       1.995715162662e-16       1.162880192893e-17       4.056548578257e-18 
 2329       1.461516090490e-11       6.087892417603e-13      -1.341989348171e-12       0.000000000000e+00       1.992187933997e-16       1.162818536246e-17       4.028058675574e-18 
 2330       1.462117932983e-11       6.035920633629e-13      -1.339351783065e-12       0.000000000000e+00       1.988668412509e-16       1.163022703052e-17       4.000221461981e-18 
 2331       1.462698676544e-11       5.984019300093e-13      -1.336477347741e-12       0.000000000000e+00       1.985156579029e-16       1.163485438830e-17       3.972962973363e-18 
 2332       1.463257159814e-11       5.932202241002e-13      -1.333368841352e-12       0.000000000000e+00       1.981652414237e-16       1.164199462432e-17       3.946208987201e-18 
 2333       1.463792217586e-11       5.880483326901e-13      -1.330029074197e-12       0.000000000000e+00       1.978155898663e-16       1.165157466019e-17       3.919885022294e-18 
 2334       1.464302680805e-11       5.828876474924e-13      -1.326460867732e-12       0.000000000000e+00       1.974667012680e-16       1.166352115028e-17       3.893916338476e-18 
 2335       1.464787376560e-11       5.777395648841e-13      -1.322667054587e-12       0.000000000000e+00       1.971185736514e-16       1.167776048141e-17       3.868227936346e-18 
 2336       1.465245128085e-11       5.726054859109e-13      -1.318650478572e-12       0.000000000000e+00       1.967712050234e-16       1.169421877263e-17       3.842744556981e-18 
 2337       1.465674754749e-11       5.674868162923e-13      -1.314413994694e-12       0.000000000000e+00       1.964245933760e-16       1.171282187486e-17       3.817390681661e-18 
 2338       1.466075072056e-11       5.623849664262e-13      -1.309960469168e-12       0.000000000000e+00       1.960787366856e-16       1.173349537062e-17       3.792090531590e-18 
 2339       1.466444891641e-11       5.573013513941e-13      -1.305292779431e-12       0.000000000000e+00       1.957336329135e-16       1.175616457374e-17       3.766768067617e-18 
 2340       1.466783021263e-11       5.522373909660e-13      -1.300413814152e-12       0.000000000000e+00       1.953892800055e-16       1.178075452907e-17       3.741346989957e-18 
 2341       1.467088264804e-11       5.471945096053e-13      -1.295326473246e-12       0.000000000000e+00       1.950456758921e-16       1.180719001219e-17       3.715750737913e-18 
 2342       1.467359422262e-11       5.421741364738e-13      -1.290033667886e-12       0.000000000000e+00       1.947028184885e-16       1.183539552910e-17       3.689902489597e-18 
 2343       1.467595289751e-11       5.371777054364e-13      -1.284538320517e-12       0.000000000000e+00       1.943607056943e-16       1.186529531595e-17       3.663725161651e-18 
 2344       1.467794659493e-11       5.322066550667e-13      -1.278843364865e-12       0.000000000000e+00       1.940193353940e-16       1.189681333873e-17       3.637141408970e-18 
 2345       1.467956319814e-11       5.272624286512e-13      -1.272951745955e-12       0.000000000000e+00       1.936787054564e-16       1.192987329299e-17       3.610073624420e-18 
 2346       1.468079055144e-11       5.223464741946e-13      -1.266866420117e-12       0.000000000000e+00       1.933388137348e-16       1.196439860355e-17       3.582443938561e-18 
 2347       1.468161646008e-11       5.174602444247e-13      -1.260590355003e-12       0.000000000000e+00       1.929996580673e-16       1.200031242419e-17       3.554174219372e-18 
 2348       1.468202869027e-11       5.126051967975e-13      -1.254126529598e-12       0.000000000000e+00       1.926612362763e-16       1.203753763737e-17       3.525186071964e-18 
 2349       1.468201496908e-11       5.077827935018e-13      -1.247477934233e-12       0.000000000000e+00       1.923235461688e-16       1.207599685396e-17       3.495400838310e-18 
 2350       1.468156298444e-11       5.029945014645e-13      -1.240647570597e-12       0.000000000000e+00       1.919865855360e-16       1.211561241288e-17       3.464739596961e-18 
 2351       1.468066038510e-11       4.982417923555e-13      -1.233638451750e-12       0.000000000000e+00       1.916503521538e-16       1.215630638090e-17       3.433123162767e-18 
 2352       1.467929478057e-11       4.935261425922e-13      -1.226453602135e-12       0.000000000000e+00       1.913148437826e-16       1.219800055227e-17       3.400472086604e-18 
 2353       1.467745374109e-11       4.888490333451e-13      -1.219096057589e-12       0.000000000000e+00       1.909800581668e-16       1.224061644847e-17       3.366706655088e-18 
 2354       1.467512479759e-11       4.842119505424e-13      -1.211568865360e-12       0.000000000000e+00       1.906459930357e-16       1.228407531791e-17       3.331746890301e-18 
 2355       1.467229544164e-11       4.796163848749e-13      -1.203875084115e-12       0.000000000000e+00       1.903126461025e-16       1.232829813561e-17       3.295512549511e-18 
 2356       1.466895312542e-11       4.750638318010e-13      -1.196017783954e-12       0.000000000000e+00       1.899800150650e-16       1.237320560297e-17       3.257923124893e-18 
 2357       1.466508526168e-11       4.705557915519e-13      -1.188000046423e-12       0.000000000000e+00       1.896480976052e-16       1.241871814741e-17       3.218897843251e-18 
 2358       1.466067922368e-11       4.660937691360e-13      -1.179824964525e-12       0.000000000000e+00       1.893168913896e-16       1.246475592211e-17       3.178355665738e-18 
 2359       1.465572234519e-11       4.616792743446e-13      -1.171495642736e-12       0.000000000000e+00       1.889863940687e-16       1.251123880573e-17       3.136215287580e-18 
 2360       1.465020393371e-11       4.573136548960e-13      -1.163015365345e-12       0.000000000000e+00       1.886566034014e-16       1.255810475106e-17       3.092416656459e-18 
 2361       1.464412132410e-11       4.529975947293e-13      -1.154388102613e-12       0.000000000000e+00       1.883275176271e-16       1.260536495595e-17       3.046985674121e-18 
 2362       1.463747386246e-11       4.487316126081e-13      -1.145618007781e-12       0.000000000000e+00       1.879991350958e-16       1.265304903411e-17       2.999969895617e-18 
 2363       1.463026089620e-11       4.445162286996e-13      -1.136709249038e-12       0.000000000000e+00       1.876714541440e-16       1.270118669728e-17       2.951417047271e-18 
 2364       1.462248177409e-11       4.403519645759e-13      -1.127666009540e-12       0.000000000000e+00       1.873444730951e-16       1.274980775536e-17       2.901375026865e-18 
 2365       1.461413584621e-11       4.362393432151e-13      -1.118492487424e-12       0.000000000000e+00       1.870181902591e-16       1.279894211649e-17       2.849891903822e-18 
 2366       1.460522246400e-11       4.321788890028e-13      -1.109192895825e-12       0.000000000000e+00       1.866926039327e-16       1.284861978718e-17       2.797015919393e-18 
 2367       1.459574098022e-11       4.281711277339e-13      -1.099771462891e-12       0.000000000000e+00       1.863677123993e-16       1.289887087241e-17       2.742795486843e-18 
 2368       1.458569074899e-11       4.242165866130e-13      -1.090232431801e-12       0.000000000000e+00       1.860435139289e-16       1.294972557569e-17       2.687279191630e-18 
 2369       1.457507112577e-11       4.203157942568e-13      -1.080580060779e-12       0.000000000000e+00       1.857200067780e-16       1.300121419924e-17       2.630515791597e-18 
 2370       1.456388146737e-11       4.164692806945e-13      -1.070818623113e-12       0.000000000000e+00       1.853971891899e-16       1.305336714401e-17       2.572554217152e-18 
 2371       1.455212113196e-11       4.126775773699e-13      -1.060952407166e-12       0.000000000000e+00       1.850750593944e-16       1.310621490985e-17       2.513443571452e-18 
 2372       1.453978947904e-11       4.089412171424e-13      -1.050985716398e-12       0.000000000000e+00       1.847536156079e-16       1.315978809558e-17       2.453233130592e-18 
 2373       1.452688586950e-11       4.052607342884e-13      -1.040922869380e-12       0.000000000000e+00       1.844328560332e-16       1.321411739909e-17       2.391972343788e-18 
 2374       1.451340966556e-11       4.016366645027e-13      -1.030768199806e-12       0.000000000000e+00       1.841127788599e-16       1.326923361746e-17       2.329710833559e-18 
 2375       1.449936023082e-11       3.980695448998e-13      -1.020526056517e-12       0.000000000000e+00       1.837933822638e-16       1.332516764704e-17       2.266498395915e-18 
 2376       1.448473693023e-11       3.945599140152e-13      -1.010200803510e-12       0.000000000000e+00       1.834746644075e-16       1.338195048360e-17       2.202385000541e-18 
 2377       1.446953913013e-11       3.911083118069e-13      -9.997968199575e-13       0.000000000000e+00       1.831566234399e-16       1.343961322236e-17       2.137420790981e-18 
 2378       1.445376619820e-11       3.877152796568e-13      -9.893185002241e-13       0.000000000000e+00       1.828392574964e-16       1.349818705816e-17       2.071656084823e-18 
 2379       1.443741750353e-11       3.843813603717e-13      -9.787702538805e-13       0.000000000000e+00       1.825225646989e-16       1.355770328553e-17       2.005141373884e-18 
 2380       1.442049241655e-11       3.811070981852e-13      -9.681565057212e-13       0.000000000000e+00       1.822065431556e-16       1.361819329880e-17       1.937927324395e-18 
 2381       1.440299030908e-11       3.778930387585e-13      -9.574816957798e-13       0.000000000000e+00       1.818911909613e-16       1.367968859220e-17       1.870064777186e-18 
 2382       1.438491055434e-11       3.747397291820e-13      -9.467502793457e-13       0.000000000000e+00       1.815765061971e-16       1.374222075997e-17       1.801604747868e-18 
 2383       1.436625252689e-11       3.716477179768e-13      -9.359667269796e-13       0.000000000000e+00       1.812624869304e-16       1.380582149645e-17       1.732598427022e-18 
 2384       1.434701560273e-11       3.686175550959e-13      -9.251355245304e-13       0.000000000000e+00       1.809491312150e-16       1.387052259621e-17       1.663097180380e-18 
 2385       1.432719915919e-11       3.656497919255e-13      -9.142611731504e-13       0.000000000000e+00       1.806364370912e-16       1.393635595410e-17       1.593152549014e-18 
 2386       1.430680257505e-11       3.627449812863e-13      -9.033481893121e-13       0.000000000000e+00       1.803244025854e-16       1.400335356543e-17       1.522816249514e-18 
 2387       1.428582523044e-11       3.599036774353e-13      -8.924011048242e-13       0.000000000000e+00       1.800130257105e-16       1.407154752600e-17       1.452140174180e-18 
 2388       1.426426650690e-11       3.571264360665e-13      -8.814244668474e-13       0.000000000000e+00       1.797023044655e-16       1.414097003224e-17       1.381176391203e-18 
 2389       1.424212578738e-11       3.544138143127e-13      -8.704228379109e-13       0.000000000000e+00       1.793922368358e-16       1.421165338132e-17       1.309977144850e-18 
 2390       1.421940245622e-11       3.517663707468e-13      -8.594007959281e-13       0.000000000000e+00       1.790828207930e-16       1.428362997122e-17       1.238594855649e-18 
 2391       1.419609589916e-11       3.491846653831e-13      -8.483629342133e-13       0.000000000000e+00       1.787740542949e-16       1.435693230086e-17       1.167082120574e-18 
 2392       1.417220550335e-11       3.466692596785e-13      -8.373138614972e-13       0.000000000000e+00       1.784659352858e-16       1.443159297020e-17       1.095491713228e-18 
 2393       1.414773065737e-11       3.442207165340e-13      -8.262582019433e-13       0.000000000000e+00       1.781584616958e-16       1.450764468034e-17       1.023876584033e-18 
 2394       1.412267075118e-11       3.418396002963e-13      -8.152005951641e-13       0.000000000000e+00       1.778516314414e-16       1.458512023361e-17       9.522898604083e-19 
 2395       1.409702517617e-11       3.395264767586e-13      -8.041456962372e-13       0.000000000000e+00       1.775454424253e-16       1.466405253369e-17       8.807848469576e-19 
 2396       1.407079332516e-11       3.372819131625e-13      -7.930981757210e-13       0.000000000000e+00       1.772398925362e-16       1.474447458570e-17       8.094150256555e-19 
 2397       1.404397459236e-11       3.351064781989e-13      -7.820627196715e-13       0.000000000000e+00       1.769349796491e-16       1.482641949634e-17       7.382340560303e-19 
 2398       1.401656837344e-11       3.330007420098e-13      -7.710440296579e-13       0.000000000000e+00       1.766307016250e-16       1.490992047393e-17       6.672957753495e-19 
 2399       1.398857550509e-11       3.309651102158e-13      -7.600465510669e-13       0.000000000000e+00       1.763270565125e-16       1.499498991649e-17       5.966519596930e-19 
 2400       1.396000259366e-11       3.289993248914e-13      -7.490736561712e-13       0.000000000000e+00       1.760240431531e-16       1.508155653624e-17       5.263455918706e-19 
 2401       1.393085771292e-11       3.271029605467e-13      -7.381284561074e-13       0.000000000000e+00       1.757216605797e-16       1.516952785153e-17       4.564175527858e-19 
 2402       1.390114896698e-11       3.252755898225e-13      -7.272140721451e-13       0.000000000000e+00       1.754199078149e-16       1.525881106376e-17       3.869088569538e-19 
 2403       1.387088449022e-11       3.235167834882e-13      -7.163336356982e-13       0.000000000000e+00       1.751187838719e-16       1.534931305704e-17       3.178606526397e-19 
 2404       1.384007244739e-11       3.218261104394e-13      -7.054902883346e-13       0.000000000000e+00       1.748182877534e-16       1.544094039785e-17       2.493142219962e-19 
 2405       1.380872103362e-11       3.202031376961e-13      -6.946871817870e-13       0.000000000000e+00       1.745184184526e-16       1.553359933471e-17       1.813109812023e-19 
 2406       1.377683847443e-11       3.186474304005e-13      -6.839274779633e-13       0.000000000000e+00       1.742191749524e-16       1.562719579786e-17       1.138924806010e-19 
 2407       1.374443302580e-11       3.171585518147e-13      -6.732143489572e-13       0.000000000000e+00       1.739205562260e-16       1.572163539890e-17       4.710040483726e-20 
 2408       1.371151297417e-11       3.157360633189e-13      -6.625509770583e-13       0.000000000000e+00       1.736225612363e-16       1.581682343048e-17      -1.902342700354e-20 
 2409       1.367808663652e-11       3.143795244092e-13      -6.519405547628e-13       0.000000000000e+00       1.733251889364e-16       1.591266486596e-17      -8.443706125788e-20 
 2410       1.364416236033e-11       3.130884926952e-13      -6.413862847839e-13       0.000000000000e+00       1.730284382694e-16       1.600906435907e-17      -1.490984095458e-19 
 2411       1.360974852369e-11       3.118625238984e-13      -6.308913800625e-13       0.000000000000e+00       1.727323081682e-16       1.610592624359e-17      -2.129652486331e-19 
 2412       1.357485353528e-11       3.107011718498e-13      -6.204590637769e-13       0.000000000000e+00       1.724367975558e-16       1.620315453301e-17      -2.759952202928e-19 
 2413       1.353948583440e-11       3.096039884877e-13      -6.100925693543e-13       0.000000000000e+00       1.721419053450e-16       1.630065292020e-17      -3.381458311675e-19 
 2414       1.350365389107e-11       3.085705238558e-13      -5.997951404804e-13       0.000000000000e+00       1.718476304386e-16       1.639832477706e-17      -3.993744526312e-19 
 2415       1.346736620597e-11       3.076003261011e-13      -5.895700311103e-13       0.000000000000e+00       1.715539717294e-16       1.649607315424e-17      -4.596383206511e-19 
 2416       1.343063131053e-11       3.066929414717e-13      -5.794205054786e-13       0.000000000000e+00       1.712609280999e-16       1.659380078072e-17      -5.188945356495e-19 
 2417       1.339345776697e-11       3.058479143145e-13      -5.693498381103e-13       0.000000000000e+00       1.709684984227e-16       1.669141006357e-17      -5.771000623660e-19 
 2418       1.335585416828e-11       3.050647870736e-13      -5.593613138311e-13       0.000000000000e+00       1.706766815601e-16       1.678880308754e-17      -6.342117297191e-19 
 2419       1.331782913830e-11       3.043431002878e-13      -5.494582277774e-13       0.000000000000e+00       1.703854763644e-16       1.688588161478e-17      -6.901862306684e-19 
 2420       1.327939133175e-11       3.036823925885e-13      -5.396438854075e-13       0.000000000000e+00       1.700948816775e-16       1.698254708449e-17      -7.449801220764e-19 
 2421       1.324054943423e-11       3.030822006978e-13      -5.299216025115e-13       0.000000000000e+00       1.698048963314e-16       1.707870061258e-17      -7.985498245703e-19 
 2422       1.320131216229e-11       3.025420594263e-13      -5.202947052219e-13       0.000000000000e+00       1.695155191478e-16       1.717424299134e-17      -8.508516224041e-19 
 2423       1.316168826342e-11       3.020615016709e-13      -5.107665300243e-13       0.000000000000e+00       1.692267489383e-16       1.726907468910e-17      -9.018416633205e-19 
 2424       1.312168651614e-11       3.016400584128e-13      -5.013404237672e-13       0.000000000000e+00       1.689385845041e-16       1.736309584993e-17      -9.514759584129e-19 
 2425       1.308131572998e-11       3.012772587154e-13      -4.920197436735e-13       0.000000000000e+00       1.686510246363e-16       1.745620629326e-17      -9.997103819869e-19 
 2426       1.304058474554e-11       3.009726297222e-13      -4.828078573497e-13       0.000000000000e+00       1.683640681159e-16       1.754830551360e-17      -1.046500671423e-18 
 2427       1.299950243451e-11       3.007256966546e-13      -4.737081427975e-13       0.000000000000e+00       1.680777137133e-16       1.763929268014e-17      -1.091802427038e-18 
 2428       1.295807769973e-11       3.005359828098e-13      -4.647239884234e-13       0.000000000000e+00       1.677919601890e-16       1.772906663649e-17      -1.135571111946e-18 
 2429       1.291631947517e-11       3.004030095589e-13      -4.558587930497e-13       0.000000000000e+00       1.675068062931e-16       1.781752590030e-17      -1.177762051923e-18 
 2430       1.287423672601e-11       3.003262963446e-13      -4.471159659246e-13       0.000000000000e+00       1.672222507653e-16       1.790456866292e-17      -1.218330435266e-18 
 2431       1.283183844866e-11       3.003053606790e-13      -4.384989267330e-13       0.000000000000e+00       1.669382923351e-16       1.799009278912e-17      -1.257231312656e-18 
 2432       1.278913367079e-11       3.003397181419e-13      -4.300111056066e-13       0.000000000000e+00       1.666549297216e-16       1.807399581669e-17      -1.294419597022e-18 
 2433       1.274613145135e-11       3.004288823782e-13      -4.216559431344e-13       0.000000000000e+00       1.663721616339e-16       1.815617495618e-17      -1.329850063397e-18 
 2434       1.270284088062e-11       3.005723650960e-13      -4.134368903735e-13       0.000000000000e+00       1.660899867703e-16       1.823652709049e-17      -1.363477348788e-18 
 2435       1.265927108025e-11       3.007696760649e-13      -4.053574088592e-13       0.000000000000e+00       1.658084038190e-16       1.831494877460e-17      -1.395255952031e-18 
 2436       1.261543120326e-11       3.010203231129e-13      -3.974209706154e-13       0.000000000000e+00       1.655274114578e-16       1.839133623519e-17      -1.425140233657e-18 
 2437       1.257133043410e-11       3.013238121255e-13      -3.896310581655e-13       0.000000000000e+00       1.652470083542e-16       1.846558537036e-17      -1.453084415752e-18 
 2438       1.252697820179e-11       3.016795682217e-13      -3.819906820648e-13       0.000000000000e+00       1.649671931622e-16       1.853763939923e-17      -1.479064768286e-18 
 2439       1.248238482065e-11       3.020866987716e-13      -3.745009303120e-13       0.000000000000e+00       1.646879645140e-16       1.860763212431e-17      -1.503146313981e-18 
 2440       1.243756085347e-11       3.025442289520e-13      -3.671624102466e-13       0.000000000000e+00       1.644093210285e-16       1.867574552889e-17      -1.525416523778e-18 
 2441       1.239251689880e-11       3.030511804338e-13      -3.599757302368e-13       0.000000000000e+00       1.641312613138e-16       1.874216220581e-17      -1.545963167062e-18 
 2442       1.234726359099e-11       3.036065713787e-13      -3.529414996793e-13       0.000000000000e+00       1.638537839680e-16       1.880706535810e-17      -1.564874311973e-18 
 2443       1.230181160021e-11       3.042094164356e-13      -3.460603290007e-13       0.000000000000e+00       1.635768875781e-16       1.887063879958e-17      -1.582238325709e-18 
 2444       1.225617163250e-11       3.048587267364e-13      -3.393328296580e-13       0.000000000000e+00       1.633005707211e-16       1.893306695551e-17      -1.598143874845e-18 
 2445       1.221035442978e-11       3.055535098928e-13      -3.327596141392e-13       0.000000000000e+00       1.630248319631e-16       1.899453486323e-17      -1.612679925636e-18 
 2446       1.216437076995e-11       3.062927699926e-13      -3.263412959641e-13       0.000000000000e+00       1.627496698598e-16       1.905522817274e-17      -1.625935744329e-18 
 2447       1.211823146686e-11       3.070755075955e-13      -3.200784896852e-13       0.000000000000e+00       1.624750829564e-16       1.911533314741e-17      -1.638000897471e-18 
 2448       1.207194737037e-11       3.079007197300e-13      -3.139718108880e-13       0.000000000000e+00       1.622010697873e-16       1.917503666451e-17      -1.648965252221e-18 
 2449       1.202552936640e-11       3.087673998893e-13      -3.080218761923e-13       0.000000000000e+00       1.619276288764e-16       1.923452621594e-17      -1.658918976658e-18 
 2450       1.197898837696e-11       3.096745380279e-13      -3.022293032521e-13       0.000000000000e+00       1.616547587371e-16       1.929398990876e-17      -1.667952540093e-18 
 2451       1.193233536019e-11       3.106211205575e-13      -2.965947107573e-13       0.000000000000e+00       1.613824578721e-16       1.935361646591e-17      -1.676156713375e-18 
 2452       1.188558131036e-11       3.116061303439e-13      -2.911187184336e-13       0.000000000000e+00       1.611107247734e-16       1.941359522677e-17      -1.683622569204e-18 
 2453       1.183873725797e-11       3.126285467027e-13      -2.858019470436e-13       0.000000000000e+00       1.608395579225e-16       1.947411614782e-17      -1.690441482436e-18 
 2454       1.179181426974e-11       3.136873453959e-13      -2.806450183874e-13       0.000000000000e+00       1.605689557901e-16       1.953536980326e-17      -1.696705130401e-18 
 2455       1.174482344868e-11       3.147814986283e-13      -2.756485553035e-13       0.000000000000e+00       1.602989168363e-16       1.959754738567e-17      -1.702505493204e-18 
 2456       1.169777593408e-11       3.159099750435e-13      -2.708131816691e-13       0.000000000000e+00       1.600294395105e-16       1.966084070657e-17      -1.707934854038e-18 
 2457       1.165068290159e-11       3.170717397206e-13      -2.661395224012e-13       0.000000000000e+00       1.597605222513e-16       1.972544219711e-17      -1.713085799497e-18 
 2458       1.160355556325e-11       3.182657541701e-13      -2.616282034575e-13       0.000000000000e+00       1.594921634868e-16       1.979154490869e-17      -1.718051219879e-18 
 2459       1.155640516751e-11       3.194909763304e-13      -2.572798518364e-13       0.000000000000e+00       1.592243616341e-16       1.985934251356e-17      -1.722924309502e-18 
 2460       1.150924299929e-11       3.207463605642e-13      -2.530950955782e-13       0.000000000000e+00       1.589571150999e-16       1.992902930546e-17      -1.727798567009e-18 
 2461       1.146208037998e-11       3.220308576546e-13      -2.490745637660e-13       0.000000000000e+00       1.586904222799e-16       2.000080020028e-17      -1.732767795680e-18 
 2462       1.141492866751e-11       3.233434148015e-13      -2.452188865259e-13       0.000000000000e+00       1.584242815589e-16       2.007485073665e-17      -1.737926103742e-18 
 2463       1.136779925640e-11       3.246829756180e-13      -2.415286950281e-13       0.000000000000e+00       1.581586913114e-16       2.015137707657e-17      -1.743367904677e-18 
 2464       1.132070357774e-11       3.260484801265e-13      -2.380046214874e-13       0.000000000000e+00       1.578936499006e-16       2.023057600608e-17      -1.749187917533e-18 
 2465       1.127365309928e-11       3.274388647552e-13      -2.346472991641e-13       0.000000000000e+00       1.576291556791e-16       2.031264493582e-17      -1.755481167233e-18 
 2466       1.122665932545e-11       3.288530623342e-13      -2.314573623647e-13       0.000000000000e+00       1.573652069889e-16       2.039778190174e-17      -1.762342984886e-18 
 2467       1.117973379739e-11       3.302900020920e-13      -2.284354464422e-13       0.000000000000e+00       1.571018021607e-16       2.048618556567e-17      -1.769869008092e-18 
 2468       1.113288809299e-11       3.317486096518e-13      -2.255821877976e-13       0.000000000000e+00       1.568389395148e-16       2.057805521595e-17      -1.778155181260e-18 
 2469       1.108613382693e-11       3.332278070276e-13      -2.228982238798e-13       0.000000000000e+00       1.565766173603e-16       2.067359076810e-17      -1.787297755909e-18 
 2470       1.103948265072e-11       3.347265126207e-13      -2.203841931870e-13       0.000000000000e+00       1.563148339957e-16       2.077299276541e-17      -1.797393290983e-18 
 2471       1.099294625273e-11       3.362436412158e-13      -2.180407352667e-13       0.000000000000e+00       1.560535877084e-16       2.087646237959e-17      -1.808538653160e-18 
 2472       1.094653635823e-11       3.377781039778e-13      -2.158684907172e-13       0.000000000000e+00       1.557928767750e-16       2.098420141139e-17      -1.820831017160e-18 
 2473       1.090026472943e-11       3.393288084472e-13      -2.138681011878e-13       0.000000000000e+00       1.555326994613e-16       2.109641229121e-17      -1.834367866055e-18 
 2474       1.085414316551e-11       3.408946585375e-13      -2.120402093795e-13       0.000000000000e+00       1.552730540218e-16       2.121329807978e-17      -1.849246991580e-18 
 2475       1.080818350266e-11       3.424745545307e-13      -2.103854590460e-13       0.000000000000e+00       1.550139387006e-16       2.133506246874e-17      -1.865566494442e-18 
 2476       1.076239761412e-11       3.440673930737e-13      -2.089044949943e-13       0.000000000000e+00       1.547553517303e-16       2.146190978128e-17      -1.883424784628e-18 
 2477       1.071679654358e-11       3.456720999713e-13      -2.075975636515e-13       0.000000000000e+00       1.544972914370e-16       2.159396382909e-17      -1.902891629410e-18 
 2478       1.067138789972e-11       3.472877287834e-13      -2.064633121837e-13       0.000000000000e+00       1.542397565524e-16       2.173102395768e-17      -1.923921109715e-18 
 2479       1.062617844632e-11       3.489133628028e-13      -2.054999822797e-13       0.000000000000e+00       1.539827459032e-16       2.187280756022e-17      -1.946438149829e-18 
 2480       1.058117496757e-11       3.505480823092e-13      -2.047058089333e-13       0.000000000000e+00       1.537262583072e-16       2.201903108928e-17      -1.970367422716e-18 
 2481       1.053638426802e-11       3.521909645659e-13      -2.040790204359e-13       0.000000000000e+00       1.534702925731e-16       2.216941005593e-17      -1.995633349768e-18 
 2482       1.049181317267e-11       3.538410838166e-13      -2.036178383696e-13       0.000000000000e+00       1.532148475005e-16       2.232365902870e-17      -2.022160100545e-18 
 2483       1.044746852695e-11       3.554975112830e-13      -2.033204776003e-13       0.000000000000e+00       1.529599218801e-16       2.248149163272e-17      -2.049871592520e-18 
 2484       1.040335719673e-11       3.571593151608e-13      -2.031851462701e-13       0.000000000000e+00       1.527055144935e-16       2.264262054869e-17      -2.078691490822e-18 
 2485       1.035948606838e-11       3.588255606175e-13      -2.032100457907e-13       0.000000000000e+00       1.524516241135e-16       2.280675751195e-17      -2.108543207980e-18 
 2486       1.031586204875e-11       3.604953097888e-13      -2.033933708360e-13       0.000000000000e+00       1.521982495035e-16       2.297361331152e-17      -2.139349903668e-18 
 2487       1.027249206523e-11       3.621676217758e-13      -2.037333093350e-13       0.000000000000e+00       1.519453894180e-16       2.314289778914e-17      -2.171034484444e-18 
 2488       1.022938306573e-11       3.638415526418e-13      -2.042280424651e-13       0.000000000000e+00       1.516930426024e-16       2.331431983831e-17      -2.203519603501e-18 
 2489       1.018654201871e-11       3.655161554094e-13      -2.048757446445e-13       0.000000000000e+00       1.514412077931e-16       2.348758740334e-17      -2.236727660403e-18 
 2490       1.014397591324e-11       3.671904800572e-13      -2.056745835253e-13       0.000000000000e+00       1.511898837173e-16       2.366240747840e-17      -2.270580800834e-18 
 2491       1.010169175896e-11       3.688635735172e-13      -2.066227199867e-13       0.000000000000e+00       1.509390690930e-16       2.383848610652e-17      -2.305000916340e-18 
 2492       1.005969658613e-11       3.705344796712e-13      -2.077183081272e-13       0.000000000000e+00       1.506887626293e-16       2.401552837869e-17      -2.339909644071e-18 
 2493       1.001799744565e-11       3.722022393480e-13      -2.089594952584e-13       0.000000000000e+00       1.504389630261e-16       2.419323843287e-17      -2.375228366526e-18 
 2494       9.976601409099e-12       3.738658903206e-13      -2.103444218972e-13       0.000000000000e+00       1.501896689740e-16       2.437131945303e-17      -2.410878211300e-18 
 2495       9.935515568703e-12       3.755244673026e-13      -2.118712217589e-13       0.000000000000e+00       1.499408791547e-16       2.454947366820e-17      -2.446780050820e-18 
 2496       9.894747037402e-12       3.771770019456e-13      -2.135380217503e-13       0.000000000000e+00       1.496925922405e-16       2.472740235153e-17      -2.482854502094e-18 
 2497       9.854302948851e-12       3.788225228359e-13      -2.153429419625e-13       0.000000000000e+00       1.494448068946e-16       2.490480581929e-17      -2.519021926457e-18 
 2498       9.814190457443e-12       3.804600554916e-13      -2.172840956637e-13       0.000000000000e+00       1.491975217710e-16       2.508138342995e-17      -2.555202429306e-18 
 2499       9.774416738326e-12       3.820886223593e-13      -2.193595892921e-13       0.000000000000e+00       1.489507355147e-16       2.525683358321e-17      -2.591315859853e-18 
 2500       9.734988987430e-12       3.837072428115e-13      -2.215675224491e-13       0.000000000000e+00       1.487044467612e-16       2.543085371904e-17      -2.627281810863e-18 
 2501       9.695914421480e-12       3.853149331431e-13      -2.239059878917e-13       0.000000000000e+00       1.484586541370e-16       2.560314031673e-17      -2.663019618398e-18 
 2502       9.657200278019e-12       3.869107065684e-13      -2.263730715260e-13       0.000000000000e+00       1.482133562591e-16       2.577338889391e-17      -2.698448361565e-18 
 2503       9.618853815430e-12       3.884935732184e-13      -2.289668523997e-13       0.000000000000e+00       1.479685517355e-16       2.594129400562e-17      -2.733486862252e-18 
 2504       9.580882312950e-12       3.900625401372e-13      -2.316854026951e-13       0.000000000000e+00       1.477242391649e-16       2.610654924334e-17      -2.768053684879e-18 
 2505       9.543293070697e-12       3.916166112795e-13      -2.345267877218e-13       0.000000000000e+00       1.474804171367e-16       2.626884723404e-17      -2.802067136140e-18 
 2506       9.506093409686e-12       3.931547875073e-13      -2.374890659103e-13       0.000000000000e+00       1.472370842309e-16       2.642787963921e-17      -2.835445264741e-18 
 2507       9.469290671848e-12       3.946760665865e-13      -2.405702888040e-13       0.000000000000e+00       1.469942390186e-16       2.658333715391e-17      -2.868105861151e-18 
 2508       9.432892220053e-12       3.961794431846e-13      -2.437685010528e-13       0.000000000000e+00       1.467518800610e-16       2.673490950580e-17      -2.899966457342e-18 
 2509       9.396905438131e-12       3.976639088669e-13      -2.470817404056e-13       0.000000000000e+00       1.465100059105e-16       2.688228545420e-17      -2.930944326534e-18 
 2510       9.361337730885e-12       3.991284520940e-13      -2.505080377034e-13       0.000000000000e+00       1.462686151101e-16       2.702515278914e-17      -2.960956482936e-18 
 2511       9.326196524119e-12       4.005720582184e-13      -2.540454168721e-13       0.000000000000e+00       1.460277061931e-16       2.716319833038e-17      -2.989919681493e-18 
 2512       9.291489264655e-12       4.019937094815e-13      -2.576918949157e-13       0.000000000000e+00       1.457872776839e-16       2.729610792643e-17      -3.017750417628e-18 
 2513       9.257223420351e-12       4.033923850108e-13      -2.614454819086e-13       0.000000000000e+00       1.455473280973e-16       2.742356645367e-17      -3.044364926984e-18 
 2514       9.223406480124e-12       4.047670608164e-13      -2.653041809891e-13       0.000000000000e+00       1.453078559389e-16       2.754525781532e-17      -3.069679185173e-18 
 2515       9.190045953967e-12       4.061167097884e-13      -2.692659883522e-13       0.000000000000e+00       1.450688597046e-16       2.766086494050e-17      -3.093608907513e-18 
 2516       9.157148093271e-12       4.074404082703e-13      -2.733287707506e-13       0.000000000000e+00       1.448303380312e-16       2.777015011734e-17      -3.116088835029e-18 
 2517       9.124714043590e-12       4.087376564637e-13      -2.774898972348e-13       0.000000000000e+00       1.445922901461e-16       2.787319650499e-17      -3.137130715605e-18 
 2518       9.092743669527e-12       4.100080598824e-13      -2.817466052561e-13       0.000000000000e+00       1.443547154202e-16       2.797016802525e-17      -3.156765659764e-18 
 2519       9.061236832391e-12       4.112512229438e-13      -2.860961229537e-13       0.000000000000e+00       1.441176132173e-16       2.806122915675e-17      -3.175024885163e-18 
 2520       9.030193390199e-12       4.124667489680e-13      -2.905356691455e-13       0.000000000000e+00       1.438809828951e-16       2.814654493548e-17      -3.191939716707e-18 
 2521       8.999613197667e-12       4.136542401765e-13      -2.950624533187e-13       0.000000000000e+00       1.436448238046e-16       2.822628095536e-17      -3.207541586655e-18 
 2522       8.969496106209e-12       4.148132976915e-13      -2.996736756202e-13       0.000000000000e+00       1.434091352900e-16       2.830060336885e-17      -3.221862034727e-18 
 2523       8.939841963934e-12       4.159435215349e-13      -3.043665268475e-13       0.000000000000e+00       1.431739166892e-16       2.836967888746e-17      -3.234932708220e-18 
 2524       8.910650615635e-12       4.170445106266e-13      -3.091381884390e-13       0.000000000000e+00       1.429391673332e-16       2.843367478234e-17      -3.246785362112e-18 
 2525       8.881921902792e-12       4.181158627845e-13      -3.139858324647e-13       0.000000000000e+00       1.427048865468e-16       2.849275888483e-17      -3.257451859169e-18 
 2526       8.853655663565e-12       4.191571747226e-13      -3.189066216167e-13       0.000000000000e+00       1.424710736478e-16       2.854709958705e-17      -3.266964170060e-18 
 2527       8.825851732789e-12       4.201680420504e-13      -3.238977092000e-13       0.000000000000e+00       1.422377279475e-16       2.859686584246e-17      -3.275354373463e-18 
 2528       8.798509941970e-12       4.211480592716e-13      -3.289562391229e-13       0.000000000000e+00       1.420048487505e-16       2.864222716637e-17      -3.282654656173e-18 
 2529       8.771630119283e-12       4.220968197834e-13      -3.340793458876e-13       0.000000000000e+00       1.417724353550e-16       2.868335363661e-17      -3.288897313214e-18 
 2530       8.745212089565e-12       4.230139158752e-13      -3.392641545807e-13       0.000000000000e+00       1.415404870523e-16       2.872041589397e-17      -3.294114747946e-18 
 2531       8.719255674310e-12       4.238989387276e-13      -3.445077808642e-13       0.000000000000e+00       1.413090031270e-16       2.875358514288e-17      -3.298339472174e-18 
 2532       8.693760691669e-12       4.247514784116e-13      -3.498073309656e-13       0.000000000000e+00       1.410779828573e-16       2.878303315190e-17      -3.301604106257e-18 
 2533       8.668726956441e-12       4.255711238870e-13      -3.551599016686e-13       0.000000000000e+00       1.408474255145e-16       2.880893225430e-17      -3.303941379220e-18 
 2534       8.644154280074e-12       4.263574630020e-13      -3.605625803038e-13       0.000000000000e+00       1.406173303633e-16       2.883145534864e-17      -3.305384128858e-18 
 2535       8.620042470655e-12       4.271100824920e-13      -3.660124447393e-13       0.000000000000e+00       1.403876966617e-16       2.885077589935e-17      -3.305965301852e-18 
 2536       8.596391332909e-12       4.278285679783e-13      -3.715065633713e-13       0.000000000000e+00       1.401585236609e-16       2.886706793722e-17      -3.305717953870e-18 
 2537       8.573200668194e-12       4.285125039672e-13      -3.770419951144e-13       0.000000000000e+00       1.399298106055e-16       2.888050606007e-17      -3.304675249682e-18 
 2538       8.550470274499e-12       4.291614738491e-13      -3.826157893925e-13       0.000000000000e+00       1.397015567334e-16       2.889126543321e-17      -3.302870463267e-18 
 2539       8.528199946435e-12       4.297750598973e-13      -3.882249861293e-13       0.000000000000e+00       1.394737612757e-16       2.889952179011e-17      -3.300336977923e-18 
 2540       8.506389475234e-12       4.303528432670e-13      -3.938666157389e-13       0.000000000000e+00       1.392464234568e-16       2.890545143285e-17      -3.297108286374e-18 
 2541       8.485038648746e-12       4.308944039945e-13      -3.995376991163e-13       0.000000000000e+00       1.390195424943e-16       2.890923123280e-17      -3.293217990881e-18 
 2542       8.464147251431e-12       4.313993209956e-13      -4.052352476280e-13       0.000000000000e+00       1.387931175991e-16       2.891103863108e-17      -3.288699803352e-18 
 2543       8.443715064357e-12       4.318671720653e-13      -4.109562631027e-13       0.000000000000e+00       1.385671479753e-16       2.891105163921e-17      -3.283587545447e-18 
 2544       8.423741865197e-12       4.322975338762e-13      -4.166977378218e-13       0.000000000000e+00       1.383416328203e-16       2.890944883963e-17      -3.277915148693e-18 
 2545       8.404227428221e-12       4.326899819775e-13      -4.224566545098e-13       0.000000000000e+00       1.381165713247e-16       2.890640938625e-17      -3.271716654587e-18 
 2546       8.385171524295e-12       4.330440907944e-13      -4.282299863254e-13       0.000000000000e+00       1.378919626722e-16       2.890211300507e-17      -3.265026214710e-18 
 2547       8.366573920875e-12       4.333594336266e-13      -4.340146968515e-13       0.000000000000e+00       1.376678060398e-16       2.889673999469e-17      -3.257878090833e-18 
 2548       8.348434382005e-12       4.336355826475e-13      -4.398077400862e-13       0.000000000000e+00       1.374441005978e-16       2.889047122690e-17      -3.250306655027e-18 
 2549       8.330752668311e-12       4.338721089032e-13      -4.456060604332e-13       0.000000000000e+00       1.372208455095e-16       2.888348814724e-17      -3.242346389773e-18 
 2550       8.313528536994e-12       4.340685823113e-13      -4.514065926924e-13       0.000000000000e+00       1.369980399315e-16       2.887597277559e-17      -3.234031888070e-18 
 2551       8.296761741832e-12       4.342245716597e-13      -4.572062620505e-13       0.000000000000e+00       1.367756830134e-16       2.886810770667e-17      -3.225397853545e-18 
 2552       8.280452033170e-12       4.343396446063e-13      -4.630019840715e-13       0.000000000000e+00       1.365537738983e-16       2.886007611068e-17      -3.216479100560e-18 
 2553       8.264599157922e-12       4.344133676771e-13      -4.687906646875e-13       0.000000000000e+00       1.363323117221e-16       2.885206173380e-17      -3.207310554324e-18 
 2554       8.249202859557e-12       4.344453062656e-13      -4.745692001892e-13       0.000000000000e+00       1.361112956140e-16       2.884424889881e-17      -3.197927251000e-18 
 2555       8.234261963385e-12       4.344351360558e-13      -4.803346463579e-13       0.000000000000e+00       1.358907246463e-16       2.883678459334e-17      -3.188356735467e-18 
 2556       8.219771626646e-12       4.343829779906e-13      -4.860847269406e-13       0.000000000000e+00       1.356705976838e-16       2.882966449616e-17      -3.178596206769e-18 
 2557       8.205726072651e-12       4.342890652209e-13      -4.918173280704e-13       0.000000000000e+00       1.354509135335e-16       2.882284629885e-17      -3.168635241902e-18 
 2558       8.192119504045e-12       4.341536318572e-13      -4.975303293833e-13       0.000000000000e+00       1.352316709946e-16       2.881628755858e-17      -3.158463386231e-18 
 2559       8.178946102785e-12       4.339769129704e-13      -5.032216040117e-13       0.000000000000e+00       1.350128688584e-16       2.880994569801e-17      -3.148070153467e-18 
 2560       8.166200030127e-12       4.337591445929e-13      -5.088890185785e-13       0.000000000000e+00       1.347945059083e-16       2.880377800513e-17      -3.137445025628e-18 
 2561       8.153875426594e-12       4.335005637194e-13      -5.145304331903e-13       0.000000000000e+00       1.345765809201e-16       2.879774163318e-17      -3.126577453016e-18 
 2562       8.141966411966e-12       4.332014083085e-13      -5.201437014316e-13       0.000000000000e+00       1.343590926614e-16       2.879179360045e-17      -3.115456854182e-18 
 2563       8.130467085248e-12       4.328619172829e-13      -5.257266703578e-13       0.000000000000e+00       1.341420398921e-16       2.878589079019e-17      -3.104072615896e-18 
 2564       8.119371524659e-12       4.324823305311e-13      -5.312771804899e-13       0.000000000000e+00       1.339254213643e-16       2.877998995047e-17      -3.092414093117e-18 
 2565       8.108673787604e-12       4.320628889079e-13      -5.367930658071e-13       0.000000000000e+00       1.337092358221e-16       2.877404769405e-17      -3.080470608964e-18 
 2566       8.098367910655e-12       4.316038342358e-13      -5.422721537414e-13       0.000000000000e+00       1.334934820015e-16       2.876802049825e-17      -3.068231454681e-18 
 2567       8.088447909532e-12       4.311054093059e-13      -5.477122651705e-13       0.000000000000e+00       1.332781586310e-16       2.876186470478e-17      -3.055685889610e-18 
 2568       8.078907779079e-12       4.305678578787e-13      -5.531112144123e-13       0.000000000000e+00       1.330632644309e-16       2.875553651969e-17      -3.042823141161e-18 
 2569       8.069741493243e-12       4.299914246855e-13      -5.584668092179e-13       0.000000000000e+00       1.328487981137e-16       2.874899201316e-17      -3.029632404778e-18 
 2570       8.060943005058e-12       4.293763554291e-13      -5.637768507657e-13       0.000000000000e+00       1.326347583837e-16       2.874218711939e-17      -3.016102843912e-18 
 2571       8.052506246615e-12       4.287228967847e-13      -5.690391336549e-13       0.000000000000e+00       1.324211439376e-16       2.873507763649e-17      -3.002223589986e-18 
 2572       8.044425129050e-12       4.280312964015e-13      -5.742514458995e-13       0.000000000000e+00       1.322079534640e-16       2.872761922633e-17      -2.987983742371e-18 
 2573       8.036693542516e-12       4.273018029030e-13      -5.794115689214e-13       0.000000000000e+00       1.319951856434e-16       2.871976741440e-17      -2.973372368348e-18 
 2574       8.029305356166e-12       4.265346658887e-13      -5.845172775447e-13       0.000000000000e+00       1.317828391485e-16       2.871147758972e-17      -2.958378503083e-18 
 2575       8.022254418132e-12       4.257301359343e-13      -5.895663399891e-13       0.000000000000e+00       1.315709126440e-16       2.870270500463e-17      -2.942991149592e-18 
 2576       8.015534555500e-12       4.248884645936e-13      -5.945565178636e-13       0.000000000000e+00       1.313594047864e-16       2.869340477473e-17      -2.927199278716e-18 
 2577       8.009139574295e-12       4.240099043988e-13      -5.994855661602e-13       0.000000000000e+00       1.311483142245e-16       2.868353187874e-17      -2.910991829084e-18 
 2578       8.003063259452e-12       4.230947088620e-13      -6.043512332478e-13       0.000000000000e+00       1.309376395989e-16       2.867304115830e-17      -2.894357707087e-18 
 2579       7.997299374805e-12       4.221431324758e-13      -6.091512608656e-13       0.000000000000e+00       1.307273795422e-16       2.866188731795e-17      -2.877285786846e-18 
 2580       7.991841663056e-12       4.211554307147e-13      -6.138833841168e-13       0.000000000000e+00       1.305175326789e-16       2.865002492489e-17      -2.859764910180e-18 
 2581       7.986683845760e-12       4.201318600358e-13      -6.185453314625e-13       0.000000000000e+00       1.303080976256e-16       2.863740840891e-17      -2.841783886578e-18 
 2582       7.981819623303e-12       4.190726778801e-13      -6.231348247154e-13       0.000000000000e+00       1.300990729908e-16       2.862399206224e-17      -2.823331493167e-18 
 2583       7.977242674881e-12       4.179781426731e-13      -6.276495790334e-13       0.000000000000e+00       1.298904573749e-16       2.860973003943e-17      -2.804396474681e-18 
 2584       7.972946658474e-12       4.168485138263e-13      -6.320873029130e-13       0.000000000000e+00       1.296822493702e-16       2.859457635720e-17      -2.784967543430e-18 
 2585       7.968925210835e-12       4.156840517380e-13      -6.364456981835e-13       0.000000000000e+00       1.294744475610e-16       2.857848489431e-17      -2.765033379273e-18 
 2586       7.965171947458e-12       4.144850177940e-13      -6.407224600005e-13       0.000000000000e+00       1.292670505235e-16       2.856140939145e-17      -2.744582629581e-18 
 2587       7.961680462566e-12       4.132516743693e-13      -6.449152768396e-13       0.000000000000e+00       1.290600568258e-16       2.854330345107e-17      -2.723603909212e-18 
 2588       7.958444329082e-12       4.119842848284e-13      -6.490218304898e-13       0.000000000000e+00       1.288534650278e-16       2.852412053730e-17      -2.702085800480e-18 
 2589       7.955457098617e-12       4.106831135267e-13      -6.530397960476e-13       0.000000000000e+00       1.286472736813e-16       2.850381397576e-17      -2.680016853120e-18 
 2590       7.952712301439e-12       4.093484258117e-13      -6.569668419107e-13       0.000000000000e+00       1.284414813302e-16       2.848233695347e-17      -2.657385584262e-18 
 2591       7.950203446459e-12       4.079804880234e-13      -6.608006297713e-13       0.000000000000e+00       1.282360865100e-16       2.845964251871e-17      -2.634180478398e-18 
 2592       7.947924021209e-12       4.065795674958e-13      -6.645388146101e-13       0.000000000000e+00       1.280310877481e-16       2.843568358086e-17      -2.610389987352e-18 
 2593       7.945867491816e-12       4.051459325579e-13      -6.681790446901e-13       0.000000000000e+00       1.278264835638e-16       2.841041291031e-17      -2.586002530249e-18 
 2594       7.944027179459e-12       4.036799102903e-13      -6.717192784154e-13       0.000000000000e+00       1.276222726218e-16       2.838380014723e-17      -2.561015798053e-18 
 2595       7.942395888989e-12       4.021820601506e-13      -6.751587368771e-13       0.000000000000e+00       1.274184541934e-16       2.835588293309e-17      -2.535464724617e-18 
 2596       7.940966278166e-12       4.006530013303e-13      -6.784969566722e-13       0.000000000000e+00       1.272150276978e-16       2.832671606756e-17      -2.509393673473e-18 
 2597       7.939730980978e-12       3.990933550900e-13      -6.817334735258e-13       0.000000000000e+00       1.270119925488e-16       2.829635452590e-17      -2.482847147735e-18 
 2598       7.938682607612e-12       3.975037447614e-13      -6.848678222907e-13       0.000000000000e+00       1.268093481550e-16       2.826485345917e-17      -2.455869790241e-18 
 2599       7.937813744437e-12       3.958847957495e-13      -6.878995369464e-13       0.000000000000e+00       1.266070939195e-16       2.823226819442e-17      -2.428506383683e-18 
 2600       7.937116953976e-12       3.942371355345e-13      -6.908281505987e-13       0.000000000000e+00       1.264052292402e-16       2.819865423481e-17      -2.400801850743e-18 
 2601       7.936584774885e-12       3.925613936737e-13      -6.936531954789e-13       0.000000000000e+00       1.262037535095e-16       2.816406725982e-17      -2.372801254230e-18 
 2602       7.936209721929e-12       3.908582018038e-13      -6.963742029432e-13       0.000000000000e+00       1.260026661143e-16       2.812856312540e-17      -2.344549797216e-18 
 2603       7.935984285959e-12       3.891281936431e-13      -6.989907034718e-13       0.000000000000e+00       1.258019664364e-16       2.809219786417e-17      -2.316092823168e-18 
 2604       7.935900933890e-12       3.873720049929e-13      -7.015022266687e-13       0.000000000000e+00       1.256016538521e-16       2.805502768555e-17      -2.287475816086e-18 
 2605       7.935952108674e-12       3.855902737401e-13      -7.039083012608e-13       0.000000000000e+00       1.254017277320e-16       2.801710897597e-17      -2.258744400636e-18 
 2606       7.936130229281e-12       3.837836398591e-13      -7.062084550970e-13       0.000000000000e+00       1.252021874419e-16       2.797849829902e-17      -2.229944342288e-18 
 2607       7.936427690673e-12       3.819527454139e-13      -7.084022151480e-13       0.000000000000e+00       1.250030323416e-16       2.793925239561e-17      -2.201121547451e-18 
 2608       7.936836863782e-12       3.800982345599e-13      -7.104891075055e-13       0.000000000000e+00       1.248042617857e-16       2.789942818418e-17      -2.172322063603e-18 
 2609       7.937350095487e-12       3.782207535462e-13      -7.124686573811e-13       0.000000000000e+00       1.246058751236e-16       2.785908276084e-17      -2.143592079435e-18 
 2610       7.937959708589e-12       3.763209507174e-13      -7.143403891064e-13       0.000000000000e+00       1.244078716988e-16       2.781827339954e-17      -2.114977924978e-18 
 2611       7.938658001790e-12       3.743994765160e-13      -7.161038261317e-13       0.000000000000e+00       1.242102508499e-16       2.777705755225e-17      -2.086526071746e-18 
 2612       7.939437249668e-12       3.724569834841e-13      -7.177584910256e-13       0.000000000000e+00       1.240130119095e-16       2.773549284915e-17      -2.058283132863e-18 
 2613       7.940289702654e-12       3.704941262656e-13      -7.193039054746e-13       0.000000000000e+00       1.238161542052e-16       2.769363709877e-17      -2.030295863204e-18 
 2614       7.941207587009e-12       3.685115616082e-13      -7.207395902819e-13       0.000000000000e+00       1.236196770590e-16       2.765154828817e-17      -2.002611159531e-18 
 2615       7.942183104802e-12       3.665099483654e-13      -7.220650653670e-13       0.000000000000e+00       1.234235797872e-16       2.760928458312e-17      -1.975276060623e-18 
 2616       7.943208433885e-12       3.644899474987e-13      -7.232798497652e-13       0.000000000000e+00       1.232278617010e-16       2.756690432826e-17      -1.948337747415e-18 
 2617       7.944275727869e-12       3.624522220795e-13      -7.243834616268e-13       0.000000000000e+00       1.230325221058e-16       2.752446604729e-17      -1.921843543134e-18 
 2618       7.945377116104e-12       3.603974372912e-13      -7.253754182164e-13       0.000000000000e+00       1.228375603018e-16       2.748202844311e-17      -1.895840913431e-18 
 2619       7.946504703653e-12       3.583262604311e-13      -7.262552359122e-13       0.000000000000e+00       1.226429755835e-16       2.743965039804e-17      -1.870377466519e-18 
 2620       7.947650571269e-12       3.562393609128e-13      -7.270224302056e-13       0.000000000000e+00       1.224487672399e-16       2.739739097392e-17      -1.845500953308e-18 
 2621       7.948806775374e-12       3.541374102677e-13      -7.276765157002e-13       0.000000000000e+00       1.222549345547e-16       2.735530941236e-17      -1.821259267539e-18 
 2622       7.949965348030e-12       3.520210821476e-13      -7.282170061114e-13       0.000000000000e+00       1.220614768060e-16       2.731346513484e-17      -1.797700445919e-18 
 2623       7.951118296925e-12       3.498910523263e-13      -7.286434142656e-13       0.000000000000e+00       1.218683932661e-16       2.727191774295e-17      -1.774872668259e-18 
 2624       7.952257605341e-12       3.477479987020e-13      -7.289552520997e-13       0.000000000000e+00       1.216756832022e-16       2.723072701850e-17      -1.752824257606e-18 
 2625       7.953375232135e-12       3.455926012992e-13      -7.291520306603e-13       0.000000000000e+00       1.214833458757e-16       2.718995292371e-17      -1.731603680380e-18 
 2626       7.954463111714e-12       3.434255422704e-13      -7.292332601029e-13       0.000000000000e+00       1.212913805425e-16       2.714965560142e-17      -1.711259546510e-18 
 2627       7.955513154016e-12       3.412475058988e-13      -7.291984496916e-13       0.000000000000e+00       1.210997864531e-16       2.710989537521e-17      -1.691840609567e-18 
 2628       7.956517244479e-12       3.390591785998e-13      -7.290471077982e-13       0.000000000000e+00       1.209085628523e-16       2.707073274957e-17      -1.673395766900e-18 
 2629       7.957467244025e-12       3.368612489233e-13      -7.287787419017e-13       0.000000000000e+00       1.207177089794e-16       2.703222841014e-17      -1.655974059775e-18 
 2630       7.958354989033e-12       3.346544075558e-13      -7.283928585874e-13       0.000000000000e+00       1.205272240681e-16       2.699444322379e-17      -1.639624673503e-18 
 2631       7.959172291317e-12       3.324393473221e-13      -7.278889635464e-13       0.000000000000e+00       1.203371073466e-16       2.695743823885e-17      -1.624396937581e-18 
 2632       7.959910938102e-12       3.302167631878e-13      -7.272665615751e-13       0.000000000000e+00       1.201473580375e-16       2.692127468526e-17      -1.610340325828e-18 
 2633       7.960563282468e-12       3.279873367077e-13      -7.265254284255e-13       0.000000000000e+00       1.199579753752e-16       2.688599532362e-17      -1.597483484051e-18 
 2634       7.961124018310e-12       3.257516892745e-13      -7.256664280109e-13       0.000000000000e+00       1.197689586594e-16       2.685156837859e-17      -1.585771185357e-18 
 2635       7.961588415203e-12       3.235104286144e-13      -7.246906997438e-13       0.000000000000e+00       1.195803072017e-16       2.681794329399e-17      -1.575127024478e-18 
 2636       7.961951728819e-12       3.212641643183e-13      -7.235993871020e-13       0.000000000000e+00       1.193920203088e-16       2.678506935547e-17      -1.565474358171e-18 
 2637       7.962209200916e-12       3.190135078439e-13      -7.223936376323e-13       0.000000000000e+00       1.192040972817e-16       2.675289569039e-17      -1.556736304984e-18 
 2638       7.962356059319e-12       3.167590725170e-13      -7.210746029543e-13       0.000000000000e+00       1.190165374164e-16       2.672137126760e-17      -1.548835745035e-18 
 2639       7.962387517914e-12       3.145014735337e-13      -7.196434387649e-13       0.000000000000e+00       1.188293400036e-16       2.669044489737e-17      -1.541695319775e-18 
 2640       7.962298776629e-12       3.122413279621e-13      -7.181013048421e-13       0.000000000000e+00       1.186425043284e-16       2.666006523118e-17      -1.535237431772e-18 
 2641       7.962085021426e-12       3.099792547438e-13      -7.164493650492e-13       0.000000000000e+00       1.184560296709e-16       2.663018076159e-17      -1.529384244473e-18 
 2642       7.961741424285e-12       3.077158746960e-13      -7.146887873386e-13       0.000000000000e+00       1.182699153058e-16       2.660073982209e-17      -1.524057681982e-18 
 2643       7.961263143191e-12       3.054518105130e-13      -7.128207437562e-13       0.000000000000e+00       1.180841605024e-16       2.657169058693e-17      -1.519179428831e-18 
 2644       7.960645322121e-12       3.031876867681e-13      -7.108464104449e-13       0.000000000000e+00       1.178987645246e-16       2.654298107099e-17      -1.514670929753e-18 
 2645       7.959883091034e-12       3.009241299156e-13      -7.087669676493e-13       0.000000000000e+00       1.177137266313e-16       2.651455912964e-17      -1.510453389454e-18 
 2646       7.958971565852e-12       2.986617682921e-13      -7.065835997193e-13       0.000000000000e+00       1.175290460757e-16       2.648637245854e-17      -1.506447772385e-18 
 2647       7.957905848454e-12       2.964012321186e-13      -7.042974951144e-13       0.000000000000e+00       1.173447221058e-16       2.645836859353e-17      -1.502574802514e-18 
 2648       7.956681026656e-12       2.941431535023e-13      -7.019098464073e-13       0.000000000000e+00       1.171607539641e-16       2.643049491048e-17      -1.498754963099e-18 
 2649       7.955292174204e-12       2.918881664381e-13      -6.994218502886e-13       0.000000000000e+00       1.169771408880e-16       2.640269862510e-17      -1.494908496462e-18 
 2650       7.953734350757e-12       2.896369068107e-13      -6.968347075704e-13       0.000000000000e+00       1.167938821094e-16       2.637492679283e-17      -1.490955403759e-18 
 2651       7.952002601875e-12       2.873900123960e-13      -6.941496231904e-13       0.000000000000e+00       1.166109768547e-16       2.634712630867e-17      -1.486815444752e-18 
 2652       7.950091959007e-12       2.851481228633e-13      -6.913678062161e-13       0.000000000000e+00       1.164284243451e-16       2.631924390703e-17      -1.482408137585e-18 
 2653       7.947997439477e-12       2.829118797767e-13      -6.884904698487e-13       0.000000000000e+00       1.162462237963e-16       2.629122616158e-17      -1.477652758551e-18 
 2654       7.945714046471e-12       2.806819265972e-13      -6.855188314271e-13       0.000000000000e+00       1.160643744186e-16       2.626301948508e-17      -1.472468341871e-18 
 2655       7.943236769023e-12       2.784589086842e-13      -6.824541124322e-13       0.000000000000e+00       1.158828754171e-16       2.623457012928e-17      -1.466773679459e-18 
 2656       7.940560582004e-12       2.762434732973e-13      -6.792975384908e-13       0.000000000000e+00       1.157017259912e-16       2.620582418470e-17      -1.460487320701e-18 
 2657       7.937680446108e-12       2.740362695982e-13      -6.760503393794e-13       0.000000000000e+00       1.155209253350e-16       2.617672758054e-17      -1.453527572224e-18 
 2658       7.934591307840e-12       2.718379486526e-13      -6.727137490287e-13       0.000000000000e+00       1.153404726373e-16       2.614722608448e-17      -1.445812497667e-18 
 2659       7.931288099499e-12       2.696491634316e-13      -6.692890055273e-13       0.000000000000e+00       1.151603670814e-16       2.611726530257e-17      -1.437259917457e-18 
 2660       7.927765739170e-12       2.674705688137e-13      -6.657773511261e-13       0.000000000000e+00       1.149806078450e-16       2.608679067903e-17      -1.427787408581e-18 
 2661       7.924019130709e-12       2.653028215865e-13      -6.621800322417e-13       0.000000000000e+00       1.148011941006e-16       2.605574749616e-17      -1.417312304354e-18 
 2662       7.920043163728e-12       2.631465804487e-13      -6.584982994613e-13       0.000000000000e+00       1.146221250151e-16       2.602408087412e-17      -1.405751694197e-18 
 2663       7.915832713584e-12       2.610025060114e-13      -6.547334075459e-13       0.000000000000e+00       1.144433997501e-16       2.599173577086e-17      -1.393022423406e-18 
 2664       7.911382641369e-12       2.588712608004e-13      -6.508866154351e-13       0.000000000000e+00       1.142650174616e-16       2.595865698187e-17      -1.379041092924e-18 
 2665       7.906687793888e-12       2.567535092577e-13      -6.469591862505e-13       0.000000000000e+00       1.140869773002e-16       2.592478914011e-17      -1.363724059117e-18 
 2666       7.901743003657e-12       2.546499177432e-13      -6.429523873004e-13       0.000000000000e+00       1.139092784110e-16       2.589007671583e-17      -1.346987433543e-18 
 2667       7.896543088880e-12       2.525611545366e-13      -6.388674900831e-13       0.000000000000e+00       1.137319199336e-16       2.585446401641e-17      -1.328747082725e-18 
 2668       7.891082853443e-12       2.504878898391e-13      -6.347057702916e-13       0.000000000000e+00       1.135549010023e-16       2.581789518622e-17      -1.308918627924e-18 
 2669       7.885357086898e-12       2.484307957755e-13      -6.304685078172e-13       0.000000000000e+00       1.133782207456e-16       2.578031420646e-17      -1.287417444912e-18 
 2670       7.879360564450e-12       2.463905463954e-13      -6.261569867539e-13       0.000000000000e+00       1.132018782868e-16       2.574166489501e-17      -1.264158663742e-18 
 2671       7.873088046945e-12       2.443678176754e-13      -6.217724954022e-13       0.000000000000e+00       1.130258727436e-16       2.570189090629e-17      -1.239057168523e-18 
 2672       7.866535144501e-12       2.423632209309e-13      -6.173164190166e-13       0.000000000000e+00       1.128502032412e-16       2.566094456400e-17      -1.212058359507e-18 
 2673       7.859700912599e-12       2.403771026506e-13      -6.127905185962e-13       0.000000000000e+00       1.126748689528e-16       2.561881341257e-17      -1.183230624006e-18 
 2674       7.852585270199e-12       2.384097435684e-13      -6.081966536298e-13       0.000000000000e+00       1.124998690593e-16       2.557549381092e-17      -1.152673371817e-18 
 2675       7.845188137378e-12       2.364614251545e-13      -6.035366894977e-13       0.000000000000e+00       1.123252027362e-16       2.553098211279e-17      -1.120486319222e-18 
 2676       7.837509435343e-12       2.345324296160e-13      -5.988124974763e-13       0.000000000000e+00       1.121508691538e-16       2.548527466671e-17      -1.086769489277e-18 
 2677       7.829549086423e-12       2.326230398973e-13      -5.940259547445e-13       0.000000000000e+00       1.119768674773e-16       2.543836781604e-17      -1.051623212099e-18 
 2678       7.821307014077e-12       2.307335396810e-13      -5.891789443889e-13       0.000000000000e+00       1.118031968663e-16       2.539025789890e-17      -1.015148125160e-18 
 2679       7.812783142892e-12       2.288642133886e-13      -5.842733554096e-13       0.000000000000e+00       1.116298564753e-16       2.534094124824e-17      -9.774451735723e-19 
 2680       7.803977398585e-12       2.270153461809e-13      -5.793110827255e-13       0.000000000000e+00       1.114568454533e-16       2.529041419177e-17      -9.386156103784e-19 
 2681       7.794889708005e-12       2.251872239588e-13      -5.742940271802e-13       0.000000000000e+00       1.112841629441e-16       2.523867305202e-17      -8.987609968417e-19 
 2682       7.785519999134e-12       2.233801333641e-13      -5.692240955478e-13       0.000000000000e+00       1.111118080862e-16       2.518571414629e-17      -8.579832027342e-19 
 2683       7.775868201090e-12       2.215943617798e-13      -5.641032005377e-13       0.000000000000e+00       1.109397800126e-16       2.513153378667e-17      -8.163844066267e-19 
 2684       7.765934244126e-12       2.198301973310e-13      -5.589332608011e-13       0.000000000000e+00       1.107680778512e-16       2.507612828001e-17      -7.740670961777e-19 
 2685       7.755718059634e-12       2.180879288858e-13      -5.537162009360e-13       0.000000000000e+00       1.105967007243e-16       2.501949392797e-17      -7.311340684224e-19 
 2686       7.745219580142e-12       2.163678460552e-13      -5.484539514933e-13       0.000000000000e+00       1.104256477489e-16       2.496162702695e-17      -6.876884300623e-19 
 2687       7.734438739323e-12       2.146702391945e-13      -5.431484489819e-13       0.000000000000e+00       1.102549180369e-16       2.490252386815e-17      -6.438335977545e-19 
 2688       7.723375471990e-12       2.129953994037e-13      -5.378016358746e-13       0.000000000000e+00       1.100845106945e-16       2.484218073751e-17      -5.996732984006e-19 
 2689       7.712029714098e-12       2.113436185281e-13      -5.324154606136e-13       0.000000000000e+00       1.099144248227e-16       2.478059391575e-17      -5.553115694359e-19 
 2690       7.700401402750e-12       2.097151891587e-13      -5.269918776163e-13       0.000000000000e+00       1.097446595171e-16       2.471775967836e-17      -5.108527591192e-19 
 2691       7.688490476192e-12       2.081104046336e-13      -5.215328472806e-13       0.000000000000e+00       1.095752138678e-16       2.465367429557e-17      -4.664015268215e-19 
 2692       7.676296873822e-12       2.065295590379e-13      -5.160403359906e-13       0.000000000000e+00       1.094060869597e-16       2.458833403236e-17      -4.220628433154e-19 
 2693       7.663820536185e-12       2.049729472046e-13      -5.105163161224e-13       0.000000000000e+00       1.092372778722e-16       2.452173514849e-17      -3.779419910644e-19 
 2694       7.651061404977e-12       2.034408647155e-13      -5.049627660496e-13       0.000000000000e+00       1.090687856793e-16       2.445387389844e-17      -3.341445645120e-19 
 2695       7.638019423046e-12       2.019336079015e-13      -4.993816701487e-13       0.000000000000e+00       1.089006094496e-16       2.438474653146e-17      -2.907764703711e-19 
 2696       7.624694534394e-12       2.004514738435e-13      -4.937750188049e-13       0.000000000000e+00       1.087327482463e-16       2.431434929152e-17      -2.479439279132e-19 
 2697       7.611086684181e-12       1.989947603729e-13      -4.881448084178e-13       0.000000000000e+00       1.085652011271e-16       2.424267841733e-17      -2.057534692576e-19 
 2698       7.597195818719e-12       1.975637660723e-13      -4.824930414067e-13       0.000000000000e+00       1.083979671445e-16       2.416973014236e-17      -1.643119396605e-19 
 2699       7.583021885481e-12       1.961587902762e-13      -4.768217262165e-13       0.000000000000e+00       1.082310453453e-16       2.409550069480e-17      -1.237264978045e-19 
 2700       7.568564833101e-12       1.947801330717e-13      -4.711328773232e-13       0.000000000000e+00       1.080644347709e-16       2.401998629755e-17      -8.410461608786e-20 
 2701       7.553824611370e-12       1.934280952988e-13      -4.654285152393e-13       0.000000000000e+00       1.078981344574e-16       2.394318316827e-17      -4.555408091335e-20 
 2702       7.538801171246e-12       1.921029785517e-13      -4.597106665199e-13       0.000000000000e+00       1.077321434354e-16       2.386508751931e-17      -8.182992977862e-21 
 2703       7.523494464848e-12       1.908050851789e-13      -4.539813637677e-13       0.000000000000e+00       1.075664607300e-16       2.378569555778e-17       2.790023243847e-20 
 2704       7.507904445462e-12       1.895347182839e-13      -4.482426456390e-13       0.000000000000e+00       1.074010853609e-16       2.370500348548e-17       6.258686518306e-20 
 2705       7.492031067540e-12       1.882921817262e-13      -4.424965568493e-13       0.000000000000e+00       1.072360163421e-16       2.362300749892e-17       9.576785994158e-20 
 2706       7.475874286703e-12       1.870777801217e-13      -4.367451481787e-13       0.000000000000e+00       1.070712526826e-16       2.353970378933e-17       1.273338559488e-19 
 2707       7.459434059743e-12       1.858918188434e-13      -4.309904764777e-13       0.000000000000e+00       1.069067933854e-16       2.345508854266e-17       1.571751766992e-19 
 2708       7.442710344622e-12       1.847346040220e-13      -4.252346046725e-13       0.000000000000e+00       1.067426374483e-16       2.336915793955e-17       1.851818296579e-19 
 2709       7.425703100475e-12       1.836064425466e-13      -4.194796017711e-13       0.000000000000e+00       1.065787838636e-16       2.328190815535e-17       2.112435059713e-19 
 2710       7.408412287611e-12       1.825076420655e-13      -4.137275428684e-13       0.000000000000e+00       1.064152316180e-16       2.319333536009e-17       2.352495801780e-19 
 2711       7.390838508409e-12       1.814384376163e-13      -4.079804084563e-13       0.000000000000e+00       1.062519798197e-16       2.310343844258e-17       2.571229697463e-19 
 2712       7.372984933774e-12       1.803987710840e-13      -4.022397817466e-13       0.000000000000e+00       1.060890280804e-16       2.301222719860e-17       2.769219141024e-19 
 2713       7.354855387091e-12       1.793885105528e-13      -3.965071497244e-13       0.000000000000e+00       1.059263761350e-16       2.291971418692e-17       2.947387448234e-19 
 2714       7.336453704285e-12       1.784075235680e-13      -3.907840036989e-13       0.000000000000e+00       1.057640237153e-16       2.282591200927e-17       3.106660760053e-19 
 2715       7.317783733839e-12       1.774556771353e-13      -3.850718393078e-13       0.000000000000e+00       1.056019705497e-16       2.273083331043e-17       3.247968045263e-19 
 2716       7.298849336797e-12       1.765328377201e-13      -3.793721565207e-13       0.000000000000e+00       1.054402163636e-16       2.263449077822e-17       3.372241103105e-19 
 2717       7.279654386785e-12       1.756388712474e-13      -3.736864596439e-13       0.000000000000e+00       1.052787608789e-16       2.253689714356e-17       3.480414565908e-19 
 2718       7.260202770017e-12       1.747736431006e-13      -3.680162573237e-13       0.000000000000e+00       1.051176038142e-16       2.243806518054e-17       3.573425901727e-19 
 2719       7.240498385309e-12       1.739370181215e-13      -3.623630625504e-13       0.000000000000e+00       1.049567448848e-16       2.233800770642e-17       3.652215416977e-19 
 2720       7.220545144092e-12       1.731288606098e-13      -3.567283926625e-13       0.000000000000e+00       1.047961838029e-16       2.223673758168e-17       3.717726259065e-19 
 2721       7.200346970421e-12       1.723490343218e-13      -3.511137693508e-13       0.000000000000e+00       1.046359202773e-16       2.213426771008e-17       3.770904419026e-19 
 2722       7.179907800990e-12       1.715974024709e-13      -3.455207186619e-13       0.000000000000e+00       1.044759540132e-16       2.203061103869e-17       3.812698734155e-19 
 2723       7.159231585142e-12       1.708738277262e-13      -3.399507710023e-13       0.000000000000e+00       1.043162847131e-16       2.192578055793e-17       3.844060890643e-19 
 2724       7.138322284881e-12       1.701781722125e-13      -3.344054611427e-13       0.000000000000e+00       1.041569120756e-16       2.181978930161e-17       3.865945426211e-19 
 2725       7.117183874886e-12       1.695102975095e-13      -3.288863282216e-13       0.000000000000e+00       1.039978357963e-16       2.171265034697e-17       3.879309732742e-19 
 2726       7.095820342519e-12       1.688700646513e-13      -3.233949157494e-13       0.000000000000e+00       1.038390555674e-16       2.160437681475e-17       3.885114058919e-19 
 2727       7.074235687842e-12       1.682573341258e-13      -3.179327716122e-13       0.000000000000e+00       1.036805710778e-16       2.149498186917e-17       3.884321512853e-19 
 2728       7.052433923624e-12       1.676719658743e-13      -3.125014480762e-13       0.000000000000e+00       1.035223820131e-16       2.138447871803e-17       3.877898064724e-19 
 2729       7.030419075356e-12       1.671138192911e-13      -3.071025017909e-13       0.000000000000e+00       1.033644880555e-16       2.127288061274e-17       3.866812549410e-19 
 2730       7.008195181262e-12       1.665827532222e-13      -3.017374937940e-13       0.000000000000e+00       1.032068888839e-16       2.116020084833e-17       3.852036669123e-19 
 2731       6.985766292311e-12       1.660786259658e-13      -2.964079895146e-13       0.000000000000e+00       1.030495841739e-16       2.104645276352e-17       3.834544996042e-19 
 2732       6.963136472228e-12       1.656012952711e-13      -2.911155587775e-13       0.000000000000e+00       1.028925735977e-16       2.093164974074e-17       3.815314974951e-19 
 2733       6.940309797509e-12       1.651506183378e-13      -2.858617758070e-13       0.000000000000e+00       1.027358568241e-16       2.081580520622e-17       3.795326925866e-19 
 2734       6.917290357429e-12       1.647264518157e-13      -2.806482192311e-13       0.000000000000e+00       1.025794335186e-16       2.069893262997e-17       3.775564046675e-19 
 2735       6.894082254055e-12       1.643286518042e-13      -2.754764720852e-13       0.000000000000e+00       1.024233033435e-16       2.058104552584e-17       3.757012415772e-19 
 2736       6.870689602260e-12       1.639570738517e-13      -2.703481218163e-13       0.000000000000e+00       1.022674659575e-16       2.046215745159e-17       3.740660994685e-19 
 2737       6.847116529735e-12       1.636115729550e-13      -2.652647602868e-13       0.000000000000e+00       1.021119210161e-16       2.034228200890e-17       3.727501630717e-19 
 2738       6.823367176995e-12       1.632920035586e-13      -2.602279837784e-13       0.000000000000e+00       1.019566681714e-16       2.022143284342e-17       3.718529059578e-19 
 2739       6.799445697400e-12       1.629982195547e-13      -2.552393929963e-13       0.000000000000e+00       1.018017070720e-16       2.009962364482e-17       3.714740908016e-19 
 2740       6.775356257159e-12       1.627300742819e-13      -2.503005930729e-13       0.000000000000e+00       1.016470373633e-16       1.997686814682e-17       3.717137696456e-19 
 2741       6.751103035347e-12       1.624874205255e-13      -2.454131935719e-13       0.000000000000e+00       1.014926586873e-16       1.985318012723e-17       3.726722841629e-19 
 2742       6.726690223915e-12       1.622701105162e-13      -2.405788084924e-13       0.000000000000e+00       1.013385706825e-16       1.972857340802e-17       3.744502659211e-19 
 2743       6.702122027701e-12       1.620779959300e-13      -2.357990562723e-13       0.000000000000e+00       1.011847729841e-16       1.960306185530e-17       3.771486366453e-19 
 2744       6.677402664445e-12       1.619109278875e-13      -2.310755597932e-13       0.000000000000e+00       1.010312652239e-16       1.947665937943e-17       3.808686084817e-19 
 2745       6.652536364797e-12       1.617687569533e-13      -2.264099463834e-13       0.000000000000e+00       1.008780470303e-16       1.934937993503e-17       3.857116842611e-19 
 2746       6.627527372331e-12       1.616513331357e-13      -2.218038478225e-13       0.000000000000e+00       1.007251180284e-16       1.922123752100e-17       3.917796577620e-19 
 2747       6.602379943558e-12       1.615585058859e-13      -2.172589003450e-13       0.000000000000e+00       1.005724778396e-16       1.909224618060e-17       3.991746139744e-19 
 2748       6.577098347936e-12       1.614901240976e-13      -2.127767446446e-13       0.000000000000e+00       1.004201260823e-16       1.896242000148e-17       4.079989293628e-19 
 2749       6.551686867882e-12       1.614460361063e-13      -2.083590258776e-13       0.000000000000e+00       1.002680623712e-16       1.883177311571e-17       4.183552721300e-19 
 2750       6.526149912955e-12       1.614260487754e-13      -2.040071873402e-13       0.000000000000e+00       1.001162862429e-16       1.870032612509e-17       4.303168212314e-19 
 2751       6.500492363033e-12       1.614298045155e-13      -1.997218502885e-13       0.000000000000e+00       9.996479693131e-17       1.856812541443e-17       4.438377496192e-19 
 2752       6.474719226988e-12       1.614569036090e-13      -1.955034308236e-13       0.000000000000e+00       9.981359359105e-17       1.843522394121e-17       4.588422648126e-19 
 2753       6.448835528693e-12       1.615069450631e-13      -1.913523459194e-13       0.000000000000e+00       9.966267537191e-17       1.830167481978e-17       4.752543466429e-19 
 2754       6.422846307039e-12       1.615795266083e-13      -1.872690134231e-13       0.000000000000e+00       9.951204141896e-17       1.816753132154e-17       4.929977470449e-19 
 2755       6.396756615944e-12       1.616742446975e-13      -1.832538520564e-13       0.000000000000e+00       9.936169087254e-17       1.803284687505e-17       5.119959898474e-19 
 2756       6.370571524373e-12       1.617906945048e-13      -1.793072814158e-13       0.000000000000e+00       9.921162286825e-17       1.789767506617e-17       5.321723705647e-19 
 2757       6.344296116348e-12       1.619284699241e-13      -1.754297219736e-13       0.000000000000e+00       9.906183653693e-17       1.776206963826e-17       5.534499561872e-19 
 2758       6.317935490961e-12       1.620871635680e-13      -1.716215950782e-13       0.000000000000e+00       9.891233100466e-17       1.762608449223e-17       5.757515849728e-19 
 2759       6.291494762390e-12       1.622663667669e-13      -1.678833229551e-13       0.000000000000e+00       9.876310539277e-17       1.748977368676e-17       5.989998662375e-19 
 2760       6.264979059911e-12       1.624656695673e-13      -1.642153287074e-13       0.000000000000e+00       9.861415881781e-17       1.735319143843e-17       6.231171801468e-19 
 2761       6.238393527913e-12       1.626846607309e-13      -1.606180363167e-13       0.000000000000e+00       9.846549039156e-17       1.721639212182e-17       6.480256775067e-19 
 2762       6.211743325913e-12       1.629229277334e-13      -1.570918706435e-13       0.000000000000e+00       9.831709922102e-17       1.707943026970e-17       6.736472795542e-19 
 2763       6.185033628564e-12       1.631800567633e-13      -1.536372574282e-13       0.000000000000e+00       9.816898440842e-17       1.694236057317e-17       6.999036777491e-19 
 2764       6.158269625677e-12       1.634556327207e-13      -1.502546232916e-13       0.000000000000e+00       9.802114505118e-17       1.680523788177e-17       7.267163335643e-19 
 2765       6.131456522228e-12       1.637492392160e-13      -1.469443957354e-13       0.000000000000e+00       9.787358024194e-17       1.666811720364e-17       7.540064782773e-19 
 2766       6.104599538374e-12       1.640604585688e-13      -1.437070031435e-13       0.000000000000e+00       9.772628906856e-17       1.653105370569e-17       7.816951127611e-19 
 2767       6.077703909468e-12       1.643888718068e-13      -1.405428747819e-13       0.000000000000e+00       9.757927061405e-17       1.639410271371e-17       8.097030072749e-19 
 2768       6.050774886072e-12       1.647340586644e-13      -1.374524408000e-13       0.000000000000e+00       9.743252395665e-17       1.625731971251e-17       8.379507012557e-19 
 2769       6.023817733969e-12       1.650955975817e-13      -1.344361322311e-13       0.000000000000e+00       9.728604816978e-17       1.612076034610e-17       8.663585031087e-19 
 2770       5.996837734179e-12       1.654730657032e-13      -1.314943809930e-13       0.000000000000e+00       9.713984232202e-17       1.598448041779e-17       8.948464899988e-19 
 2771       5.969840182972e-12       1.658660388767e-13      -1.286276198886e-13       0.000000000000e+00       9.699390547715e-17       1.584853589036e-17       9.233345076415e-19 
 2772       5.942830391881e-12       1.662740916518e-13      -1.258362826070e-13       0.000000000000e+00       9.684823669411e-17       1.571298288620e-17       9.517421700936e-19 
 2773       5.915813687718e-12       1.666967972793e-13      -1.231208037237e-13       0.000000000000e+00       9.670283502701e-17       1.557787768745e-17       9.799888595447e-19 
 2774       5.888795412584e-12       1.671337277093e-13      -1.204816187016e-13       0.000000000000e+00       9.655769952512e-17       1.544327673614e-17       1.007993726108e-18 
 2775       5.861780923885e-12       1.675844535906e-13      -1.179191638916e-13       0.000000000000e+00       9.641282923285e-17       1.530923663434e-17       1.035675687611e-18 
 2776       5.834775594348e-12       1.680485442692e-13      -1.154338765333e-13       0.000000000000e+00       9.626822318978e-17       1.517581414428e-17       1.062953429386e-18 
 2777       5.807784812029e-12       1.685255677872e-13      -1.130261947557e-13       0.000000000000e+00       9.612388043062e-17       1.504306618854e-17       1.089745404065e-18 
 2778       5.780813980332e-12       1.690150908816e-13      -1.106965575776e-13       0.000000000000e+00       9.597979998524e-17       1.491104985015e-17       1.115969831364e-18 
 2779       5.753868518021e-12       1.695166789830e-13      -1.084454049090e-13       0.000000000000e+00       9.583598087863e-17       1.477982237277e-17       1.141544697880e-18 
 2780       5.726953859233e-12       1.700298962146e-13      -1.062731775508e-13       0.000000000000e+00       9.569242213091e-17       1.464944116077e-17       1.166387756878e-18 
 2781       5.700075453491e-12       1.705543053908e-13      -1.041803171965e-13       0.000000000000e+00       9.554912275732e-17       1.451996377947e-17       1.190416528086e-18 
 2782       5.673238765721e-12       1.710894680162e-13      -1.021672664322e-13       0.000000000000e+00       9.540608176823e-17       1.439144795517e-17       1.213548297481e-18 
 2783       5.646449276263e-12       1.716349442844e-13      -1.002344687374e-13       0.000000000000e+00       9.526329816911e-17       1.426395157541e-17       1.235700117085e-18 
 2784       5.619712480885e-12       1.721902930765e-13      -9.838236848593e-14       0.000000000000e+00       9.512077096057e-17       1.413753268902e-17       1.256788804752e-18 
 2785       5.593033890798e-12       1.727550719604e-13      -9.661141094646e-14       0.000000000000e+00       9.497849913828e-17       1.401224950631e-17       1.276730943962e-18 
 2786       5.566419032667e-12       1.733288371892e-13      -9.492204228321e-14       0.000000000000e+00       9.483648169305e-17       1.388816039919e-17       1.295442883610e-18 
 2787       5.539873448630e-12       1.739111437000e-13      -9.331470955662e-14       0.000000000000e+00       9.469471761075e-17       1.376532390134e-17       1.312840737799e-18 
 2788       5.513402696305e-12       1.745015451132e-13      -9.178986072409e-14       0.000000000000e+00       9.455320587235e-17       1.364379870834e-17       1.328840385628e-18 
 2789       5.487011987521e-12       1.750996003216e-13      -9.034775984897e-14       0.000000000000e+00       9.441194559735e-17       1.352363852849e-17       1.343380049995e-18 
 2790       5.460705102387e-12       1.757048932996e-13      -8.898793166608e-14       0.000000000000e+00       9.427093647482e-17       1.340487660553e-17       1.356488163946e-18 
 2791       5.434485469545e-12       1.763170133957e-13      -8.770971410097e-14       0.000000000000e+00       9.413017833461e-17       1.328754111495e-17       1.368215860275e-18 
 2792       5.408356526951e-12       1.769355487504e-13      -8.651244279452e-14       0.000000000000e+00       9.398967100412e-17       1.317166030596e-17       1.378614425022e-18 
 2793       5.382321721880e-12       1.775600862947e-13      -8.539545110080e-14       0.000000000000e+00       9.384941430826e-17       1.305726250159e-17       1.387735297610e-18 
 2794       5.356384510938e-12       1.781902117492e-13      -8.435807008489e-14       0.000000000000e+00       9.370940806949e-17       1.294437609873e-17       1.395630070986e-18 
 2795       5.330548360066e-12       1.788255096231e-13      -8.339962852074e-14       0.000000000000e+00       9.356965210780e-17       1.283302956821e-17       1.402350491758e-18 
 2796       5.304816744552e-12       1.794655632129e-13      -8.251945288897e-14       0.000000000000e+00       9.343014624071e-17       1.272325145484e-17       1.407948460337e-18 
 2797       5.279193149036e-12       1.801099546013e-13      -8.171686737476e-14       0.000000000000e+00       9.329089028325e-17       1.261507037748e-17       1.412476031074e-18 
 2798       5.253681067521e-12       1.807582646566e-13      -8.099119386565e-14       0.000000000000e+00       9.315188404800e-17       1.250851502914e-17       1.415985412401e-18 
 2799       5.228284003379e-12       1.814100730307e-13      -8.034175194937e-14       0.000000000000e+00       9.301312734502e-17       1.240361417700e-17       1.418528966967e-18 
 2800       5.203005469359e-12       1.820649581590e-13      -7.976785891172e-14       0.000000000000e+00       9.287461998193e-17       1.230039666247e-17       1.420159211782e-18 
 2801       5.177848987599e-12       1.827224972586e-13      -7.926882973437e-14       0.000000000000e+00       9.273636176382e-17       1.219889140132e-17       1.420928818353e-18 
 2802       5.152818089627e-12       1.833822663275e-13      -7.884397709271e-14       0.000000000000e+00       9.259835249331e-17       1.209912738364e-17       1.420890612823e-18 
 2803       5.127916316376e-12       1.840438401435e-13      -7.849261135371e-14       0.000000000000e+00       9.246059197055e-17       1.200113367401e-17       1.420097576112e-18 
 2804       5.103147218191e-12       1.847067922630e-13      -7.821404057369e-14       0.000000000000e+00       9.232307999314e-17       1.190493941148e-17       1.418602844056e-18 
 2805       5.078514354832e-12       1.853706950201e-13      -7.800757049626e-14       0.000000000000e+00       9.218581635624e-17       1.181057380969e-17       1.416459707543e-18 
 2806       5.054021295489e-12       1.860351195253e-13      -7.787250455006e-14       0.000000000000e+00       9.204880085246e-17       1.171806615690e-17       1.413721612658e-18 
 2807       5.029671618786e-12       1.866996356645e-13      -7.780814384666e-14       0.000000000000e+00       9.191203327194e-17       1.162744581608e-17       1.410442160817e-18 
 2808       5.005468912789e-12       1.873638120979e-13      -7.781378717837e-14       0.000000000000e+00       9.177551340230e-17       1.153874222494e-17       1.406675108909e-18 
 2809       4.981416775019e-12       1.880272162591e-13      -7.788873101609e-14       0.000000000000e+00       9.163924102863e-17       1.145198489602e-17       1.402474369434e-18 
 2810       4.957518812451e-12       1.886894143535e-13      -7.803226950714e-14       0.000000000000e+00       9.150321593355e-17       1.136720341677e-17       1.397894010643e-18 
 2811       4.933778641534e-12       1.893499713578e-13      -7.824369447311e-14       0.000000000000e+00       9.136743789712e-17       1.128442744956e-17       1.392988256678e-18 
 2812       4.910199888188e-12       1.900084510185e-13      -7.852229540768e-14       0.000000000000e+00       9.123190669691e-17       1.120368673179e-17       1.387811487707e-18 
 2813       4.886786187819e-12       1.906644158512e-13      -7.886735947447e-14       0.000000000000e+00       9.109662210795e-17       1.112501107593e-17       1.382418240069e-18 
 2814       4.863541185325e-12       1.913174271388e-13      -7.927817150486e-14       0.000000000000e+00       9.096158390276e-17       1.104843036962e-17       1.376863206411e-18 
 2815       4.840468535105e-12       1.919670449314e-13      -7.975401399587e-14       0.000000000000e+00       9.082679185131e-17       1.097397457567e-17       1.371201235824e-18 
 2816       4.817571901066e-12       1.926128280443e-13      -8.029416710795e-14       0.000000000000e+00       9.069224572107e-17       1.090167373219e-17       1.365487333988e-18 
 2817       4.794854956632e-12       1.932543340575e-13      -8.089790866285e-14       0.000000000000e+00       9.055794527695e-17       1.083155795261e-17       1.359776663307e-18 
 2818       4.772321384750e-12       1.938911193143e-13      -8.156451414143e-14       0.000000000000e+00       9.042389028133e-17       1.076365742576e-17       1.354124543048e-18 
 2819       4.749974877904e-12       1.945227389203e-13      -8.229325668153e-14       0.000000000000e+00       9.029008049406e-17       1.069800241593e-17       1.348586449484e-18 
 2820       4.727819138115e-12       1.951487467424e-13      -8.308340707578e-14       0.000000000000e+00       9.015651567243e-17       1.063462326295e-17       1.343218016030e-18 
 2821       4.705857876956e-12       1.957686954076e-13      -8.393423376945e-14       0.000000000000e+00       9.002319557121e-17       1.057355038221e-17       1.338075033383e-18 
 2822       4.684094815558e-12       1.963821363019e-13      -8.484500285831e-14       0.000000000000e+00       8.989011994259e-17       1.051481426480e-17       1.333213449661e-18 
 2823       4.662533684614e-12       1.969886195693e-13      -8.581497808640e-14       0.000000000000e+00       8.975728853623e-17       1.045844547748e-17       1.328689370543e-18 
 2824       4.641178224395e-12       1.975876941106e-13      -8.684342084396e-14       0.000000000000e+00       8.962470109923e-17       1.040447466281e-17       1.324559059407e-18 
 2825       4.620032184753e-12       1.981789075824e-13      -8.792959016518e-14       0.000000000000e+00       8.949235737614e-17       1.035293253922e-17       1.320878937472e-18 
 2826       4.599099325128e-12       1.987618063960e-13      -8.907274272611e-14       0.000000000000e+00       8.936025710893e-17       1.030384990100e-17       1.317705583934e-18 
 2827       4.578383414561e-12       1.993359357162e-13      -9.027213284245e-14       0.000000000000e+00       8.922840003703e-17       1.025725761846e-17       1.315095736105e-18 
 2828       4.557887665342e-12       1.999008807838e-13      -9.152693929542e-14       0.000000000000e+00       8.909678583380e-17       1.021316009922e-17       1.313092397213e-18 
 2829       4.537613030746e-12       2.004563911191e-13      -9.283604539964e-14       0.000000000000e+00       8.896541391580e-17       1.017145552201e-17       1.311683080915e-18 
 2830       4.517559898499e-12       2.010022569591e-13      -9.419825779200e-14       0.000000000000e+00       8.883428363254e-17       1.013201518997e-17       1.310841350820e-18 
 2831       4.497728656333e-12       2.015382679925e-13      -9.561237949687e-14       0.000000000000e+00       8.870339432987e-17       1.009471003143e-17       1.310540693123e-18 
 2832       4.478119691986e-12       2.020642133590e-13      -9.707720992293e-14       0.000000000000e+00       8.857274534999e-17       1.005941059964e-17       1.310754516535e-18 
 2833       4.458733393203e-12       2.025798816487e-13      -9.859154485982e-14       0.000000000000e+00       8.844233603143e-17       1.002598707240e-17       1.311456152217e-18 
 2834       4.439570147732e-12       2.030850609019e-13      -1.001541764749e-13       0.000000000000e+00       8.831216570907e-17       9.994309251713e-18       1.312618853706e-18 
 2835       4.420630343327e-12       2.035795386084e-13      -1.017638933102e-13       0.000000000000e+00       8.818223371411e-17       9.964246563501e-18       1.314215796851e-18 
 2836       4.401914367748e-12       2.040631017072e-13      -1.034194802787e-13       0.000000000000e+00       8.805253937408e-17       9.935668057226e-18       1.316220079740e-18 
 2837       4.383422608757e-12       2.045355365859e-13      -1.051197186615e-13       0.000000000000e+00       8.792308201282e-17       9.908442405573e-18       1.318604722632e-18 
 2838       4.365155454121e-12       2.049966290803e-13      -1.068633861045e-13       0.000000000000e+00       8.779386095052e-17       9.882437904114e-18       1.321342667889e-18 
 2839       4.347113291611e-12       2.054461644739e-13      -1.086492566148e-13       0.000000000000e+00       8.766487550366e-17       9.857522470975e-18       1.324406779905e-18 
 2840       4.329296509001e-12       2.058839274973e-13      -1.104761005578e-13       0.000000000000e+00       8.753612498503e-17       9.833563646497e-18       1.327769845039e-18 
 2841       4.311705494068e-12       2.063097023283e-13      -1.123426846539e-13       0.000000000000e+00       8.740760870374e-17       9.810428592910e-18       1.331404571542e-18 
 2842       4.294340634592e-12       2.067232725904e-13      -1.142477719751e-13       0.000000000000e+00       8.727932596520e-17       9.787984093989e-18       1.335283589493e-18 
 2843       4.277202318355e-12       2.071244213534e-13      -1.161901219418e-13       0.000000000000e+00       8.715127607112e-17       9.766096554728e-18       1.339379450727e-18 
 2844       4.260290933141e-12       2.075129311322e-13      -1.181684903197e-13       0.000000000000e+00       8.702345831951e-17       9.744632001001e-18       1.343664628764e-18 
 2845       4.243606866735e-12       2.078885838867e-13      -1.201816292160e-13       0.000000000000e+00       8.689587200466e-17       9.723456079231e-18       1.348111518745e-18 
 2846       4.227150506925e-12       2.082511610211e-13      -1.222282870769e-13       0.000000000000e+00       8.676851641715e-17       9.702434056051e-18       1.352692437357e-18 
 2847       4.210922241499e-12       2.086004433837e-13      -1.243072086839e-13       0.000000000000e+00       8.664139084386e-17       9.681430817975e-18       1.357379622768e-18 
 2848       4.194922458245e-12       2.089362112661e-13      -1.264171351505e-13       0.000000000000e+00       8.651449456794e-17       9.660310871061e-18       1.362145234558e-18 
 2849       4.179151544954e-12       2.092582444030e-13      -1.285568039191e-13       0.000000000000e+00       8.638782686881e-17       9.638938340579e-18       1.366961353644e-18 
 2850       4.163609889412e-12       2.095663219716e-13      -1.307249487577e-13       0.000000000000e+00       8.626138702216e-17       9.617176970673e-18       1.371799982221e-18 
 2851       4.148297879411e-12       2.098602225912e-13      -1.329202997566e-13       0.000000000000e+00       8.613517429998e-17       9.594890124029e-18       1.376633043682e-18 
 2852       4.133215902737e-12       2.101397243226e-13      -1.351415833252e-13       0.000000000000e+00       8.600918797048e-17       9.571940781543e-18       1.381432382556e-18 
 2853       4.118364347179e-12       2.104046046678e-13      -1.373875221887e-13       0.000000000000e+00       8.588342729817e-17       9.548191541982e-18       1.386169764437e-18 
 2854       4.103743600522e-12       2.106546405693e-13      -1.396568353848e-13       0.000000000000e+00       8.575789154379e-17       9.523504621654e-18       1.390816875915e-18 
 2855       4.089354050550e-12       2.108896084100e-13      -1.419482382607e-13       0.000000000000e+00       8.563257996434e-17       9.497741854071e-18       1.395345324504e-18 
 2856       4.075196085045e-12       2.111092840122e-13      -1.442604424692e-13       0.000000000000e+00       8.550749181309e-17       9.470764689616e-18       1.399726638577e-18 
 2857       4.061270091789e-12       2.113134426378e-13      -1.465921559664e-13       0.000000000000e+00       8.538262633952e-17       9.442434195211e-18       1.403932267296e-18 
 2858       4.047576458558e-12       2.115018589871e-13      -1.489420830075e-13       0.000000000000e+00       8.525798278938e-17       9.412611053977e-18       1.407933580540e-18 
 2859       4.034115573128e-12       2.116743071990e-13      -1.513089241441e-13       0.000000000000e+00       8.513356040465e-17       9.381155564905e-18       1.411701868840e-18 
 2860       4.020887823268e-12       2.118305608499e-13      -1.536913762209e-13       0.000000000000e+00       8.500935842353e-17       9.347927642521e-18       1.415208343305e-18 
 2861       4.007893596747e-12       2.119703929538e-13      -1.560881323721e-13       0.000000000000e+00       8.488537608047e-17       9.312786816548e-18       1.418424135558e-18 
 2862       3.995133281329e-12       2.120935759615e-13      -1.584978820186e-13       0.000000000000e+00       8.476161260613e-17       9.275592231578e-18       1.421320297662e-18 
 2863       3.982607264773e-12       2.121998817601e-13      -1.609193108643e-13       0.000000000000e+00       8.463806722741e-17       9.236202646732e-18       1.423867802056e-18 
 2864       3.970315934833e-12       2.122890816727e-13      -1.633511008933e-13       0.000000000000e+00       8.451473916741e-17       9.194476435329e-18       1.426037541479e-18 
 2865       3.958259679261e-12       2.123609464581e-13      -1.657919303661e-13       0.000000000000e+00       8.439162764545e-17       9.150271584550e-18       1.427800328910e-18 
 2866       3.946438885800e-12       2.124152463096e-13      -1.682404738169e-13       0.000000000000e+00       8.426873187707e-17       9.103445695107e-18       1.429126897490e-18 
 2867       3.934853504701e-12       2.124517997136e-13      -1.706954581027e-13       0.000000000000e+00       8.414605116219e-17       9.053907623193e-18       1.429994408237e-18 
 2868       3.923501733815e-12       2.124706202959e-13      -1.731558308714e-13       0.000000000000e+00       8.402358515026e-17       9.001772695224e-18       1.430406009636e-18 
 2869       3.912381326780e-12       2.124717707239e-13      -1.756205929479e-13       0.000000000000e+00       8.390133357643e-17       8.947208285324e-18       1.430371377825e-18 
 2870       3.901490029894e-12       2.124553139174e-13      -1.780887423572e-13       0.000000000000e+00       8.377929617357e-17       8.890382245476e-18       1.429900217921e-18 
 2871       3.890825582109e-12       2.124213130485e-13      -1.805592743217e-13       0.000000000000e+00       8.365747267219e-17       8.831462905933e-18       1.429002264045e-18 
 2872       3.880385715024e-12       2.123698315419e-13      -1.830311812590e-13       0.000000000000e+00       8.353586280047e-17       8.770619075643e-18       1.427687279343e-18 
 2873       3.870168152876e-12       2.123009330749e-13      -1.855034527794e-13       0.000000000000e+00       8.341446628428e-17       8.708020042667e-18       1.425965056018e-18 
 2874       3.860170612537e-12       2.122146815780e-13      -1.879750756833e-13       0.000000000000e+00       8.329328284713e-17       8.643835574600e-18       1.423845415353e-18 
 2875       3.850390803504e-12       2.121111412353e-13      -1.904450339589e-13       0.000000000000e+00       8.317231221019e-17       8.578235918985e-18       1.421338207735e-18 
 2876       3.840826427894e-12       2.119903764839e-13      -1.929123087799e-13       0.000000000000e+00       8.305155409230e-17       8.511391803739e-18       1.418453312685e-18 
 2877       3.831475180438e-12       2.118524520152e-13      -1.953758785026e-13       0.000000000000e+00       8.293100820995e-17       8.443474437571e-18       1.415200638881e-18 
 2878       3.822334748471e-12       2.116974327743e-13      -1.978347186642e-13       0.000000000000e+00       8.281067427728e-17       8.374655510397e-18       1.411590124184e-18 
 2879       3.813402811930e-12       2.115253839607e-13      -2.002878019794e-13       0.000000000000e+00       8.269055200609e-17       8.305107193764e-18       1.407631735664e-18 
 2880       3.804677043344e-12       2.113363710285e-13      -2.027340983388e-13       0.000000000000e+00       8.257064110582e-17       8.235002141269e-18       1.403335469628e-18 
 2881       3.796155107826e-12       2.111304596865e-13      -2.051725748061e-13       0.000000000000e+00       8.245094128354e-17       8.164513488977e-18       1.398711351641e-18 
 2882       3.787834663072e-12       2.109077158983e-13      -2.076021956157e-13       0.000000000000e+00       8.233145224399e-17       8.093814855840e-18       1.393769436557e-18 
 2883       3.779713359348e-12       2.106682058831e-13      -2.100219221699e-13       0.000000000000e+00       8.221217368954e-17       8.023080344118e-18       1.388519808541e-18 
 2884       3.771788839487e-12       2.104119961153e-13      -2.124307130374e-13       0.000000000000e+00       8.209310532018e-17       7.952484539800e-18       1.382972581099e-18 
 2885       3.764058738881e-12       2.101391533252e-13      -2.148275239498e-13       0.000000000000e+00       8.197424683356e-17       7.882202513018e-18       1.377137897098e-18 
 2886       3.756520685474e-12       2.098497444991e-13      -2.172113077998e-13       0.000000000000e+00       8.185559792494e-17       7.812409818472e-18       1.371025928796e-18 
 2887       3.749172299757e-12       2.095438368793e-13      -2.195810146386e-13       0.000000000000e+00       8.173715828724e-17       7.743282495846e-18       1.364646877868e-18 
 2888       3.742011194759e-12       2.092214979647e-13      -2.219355916733e-13       0.000000000000e+00       8.161892761096e-17       7.674997070230e-18       1.358010975430e-18 
 2889       3.735034976042e-12       2.088827955110e-13      -2.242739832647e-13       0.000000000000e+00       8.150090558427e-17       7.607730552539e-18       1.351128482066e-18 
 2890       3.728241241694e-12       2.085277975306e-13      -2.265951309249e-13       0.000000000000e+00       8.138309189293e-17       7.541660439927e-18       1.344009687850e-18 
 2891       3.721627582320e-12       2.081565722932e-13      -2.288979733143e-13       0.000000000000e+00       8.126548622033e-17       7.476964716217e-18       1.336664912381e-18 
 2892       3.715191581039e-12       2.077691883261e-13      -2.311814462401e-13       0.000000000000e+00       8.114808824749e-17       7.413821852311e-18       1.329104504797e-18 
 2893       3.708930813476e-12       2.073657144138e-13      -2.334444826529e-13       0.000000000000e+00       8.103089765302e-17       7.352410806614e-18       1.321338843812e-18 
 2894       3.702842847754e-12       2.069462195993e-13      -2.356860126448e-13       0.000000000000e+00       8.091391411316e-17       7.292911025452e-18       1.313378337732e-18 
 2895       3.696925244487e-12       2.065107731833e-13      -2.379049634470e-13       0.000000000000e+00       8.079713730173e-17       7.235502443492e-18       1.305233424488e-18 
 2896       3.691175556776e-12       2.060594447250e-13      -2.401002594271e-13       0.000000000000e+00       8.068056689020e-17       7.180365484162e-18       1.296914571659e-18 
 2897       3.685591330199e-12       2.055923040423e-13      -2.422708220867e-13       0.000000000000e+00       8.056420254761e-17       7.127681060069e-18       1.288432276497e-18 
 2898       3.680170102809e-12       2.051094212120e-13      -2.444155700592e-13       0.000000000000e+00       8.044804394061e-17       7.077630573420e-18       1.279797065955e-18 
 2899       3.674909405120e-12       2.046108665700e-13      -2.465334191069e-13       0.000000000000e+00       8.033209073345e-17       7.030395916440e-18       1.271019496712e-18 
 2900       3.669806760108e-12       2.040967107115e-13      -2.486232821191e-13       0.000000000000e+00       8.021634258797e-17       6.986159471792e-18       1.262110155197e-18 
 2901       3.664859683200e-12       2.035670244912e-13      -2.506840691092e-13       0.000000000000e+00       8.010079916361e-17       6.945104112998e-18       1.253079657616e-18 
 2902       3.660065682266e-12       2.030218790240e-13      -2.527146872127e-13       0.000000000000e+00       7.998546011740e-17       6.907413204855e-18       1.243938649981e-18 
 2903       3.655422257617e-12       2.024613456845e-13      -2.547140406843e-13       0.000000000000e+00       7.987032510395e-17       6.873270603858e-18       1.234697808131e-18 
 2904       3.650926901995e-12       2.018854961077e-13      -2.566810308957e-13       0.000000000000e+00       7.975539377546e-17       6.842860658617e-18       1.225367837759e-18 
 2905       3.646577100565e-12       2.012944021895e-13      -2.586145563332e-13       0.000000000000e+00       7.964066578172e-17       6.816368210280e-18       1.215959474439e-18 
 2906       3.642370229472e-12       2.006881635633e-13      -2.605136353654e-13       0.000000000000e+00       7.952614076723e-17       6.793916394110e-18       1.206482182914e-18 
 2907       3.638303250943e-12       2.000669901835e-13      -2.623777752270e-13       0.000000000000e+00       7.941181836268e-17       6.775379700943e-18       1.196940247732e-18 
 2908       3.634373016635e-12       1.994311201590e-13      -2.642066048901e-13       0.000000000000e+00       7.929769819342e-17       6.760569974419e-18       1.187336662960e-18 
 2909       3.630576368922e-12       1.987807923146e-13      -2.659997524616e-13       0.000000000000e+00       7.918377988233e-17       6.749298523780e-18       1.177674431135e-18 
 2910       3.626910140894e-12       1.981162461918e-13      -2.677568451829e-13       0.000000000000e+00       7.907006304983e-17       6.741376123407e-18       1.167956563276e-18 
 2911       3.623371156343e-12       1.974377220493e-13      -2.694775094289e-13       0.000000000000e+00       7.895654731382e-17       6.736613012360e-18       1.158186078890e-18 
 2912       3.619956229757e-12       1.967454608635e-13      -2.711613707078e-13       0.000000000000e+00       7.884323228977e-17       6.734818893906e-18       1.148366005977e-18 
 2913       3.616662166312e-12       1.960397043294e-13      -2.728080536598e-13       0.000000000000e+00       7.873011759061e-17       6.735802935064e-18       1.138499381041e-18 
 2914       3.613485761865e-12       1.953206948610e-13      -2.744171820567e-13       0.000000000000e+00       7.861720282683e-17       6.739373766135e-18       1.128589249095e-18 
 2915       3.610423802943e-12       1.945886755922e-13      -2.759883788013e-13       0.000000000000e+00       7.850448760640e-17       6.745339480238e-18       1.118638663670e-18 
 2916       3.607473066736e-12       1.938438903769e-13      -2.775212659265e-13       0.000000000000e+00       7.839197153481e-17       6.753507632848e-18       1.108650686820e-18 
 2917       3.604630321091e-12       1.930865837904e-13      -2.790154645948e-13       0.000000000000e+00       7.827965421503e-17       6.763685241333e-18       1.098628389132e-18 
 2918       3.601892324502e-12       1.923170011295e-13      -2.804705950972e-13       0.000000000000e+00       7.816753524757e-17       6.775678784486e-18       1.088574849732e-18 
 2919       3.599255826101e-12       1.915353884132e-13      -2.818862768531e-13       0.000000000000e+00       7.805561423041e-17       6.789294202064e-18       1.078493156290e-18 
 2920       3.596717565649e-12       1.907419923833e-13      -2.832621284092e-13       0.000000000000e+00       7.794389075904e-17       6.804336894323e-18       1.068386405033e-18 
 2921       3.594274273534e-12       1.899370605054e-13      -2.845977674388e-13       0.000000000000e+00       7.783236442643e-17       6.820611721553e-18       1.058257700748e-18 
 2922       3.591922670756e-12       1.891208409691e-13      -2.858928107414e-13       0.000000000000e+00       7.772103482305e-17       6.837923003618e-18       1.048110156789e-18 
 2923       3.589659468920e-12       1.882935826887e-13      -2.871468742415e-13       0.000000000000e+00       7.760990153686e-17       6.856074519484e-18       1.037946895089e-18 
 2924       3.587481370231e-12       1.874555353040e-13      -2.883595729884e-13       0.000000000000e+00       7.749896415330e-17       6.874869506764e-18       1.027771046159e-18 
 2925       3.585385067484e-12       1.866069491811e-13      -2.895305211554e-13       0.000000000000e+00       7.738822225530e-17       6.894110661247e-18       1.017585749107e-18 
 2926       3.583367244055e-12       1.857480754123e-13      -2.906593320387e-13       0.000000000000e+00       7.727767542326e-17       6.913600136437e-18       1.007394151633e-18 
 2927       3.581424573894e-12       1.848791658176e-13      -2.917456180573e-13       0.000000000000e+00       7.716732323507e-17       6.933139543089e-18       9.971994100454e-19 
 2928       3.579553721517e-12       1.840004729448e-13      -2.927889907519e-13       0.000000000000e+00       7.705716526608e-17       6.952529948744e-18       9.870046892643e-19 
 2929       3.577751341997e-12       1.831122500704e-13      -2.937890607842e-13       0.000000000000e+00       7.694720108913e-17       6.971571877266e-18       9.768131628297e-19 
 2930       3.576014080956e-12       1.822147512000e-13      -2.947454379365e-13       0.000000000000e+00       7.683743027451e-17       6.990065308376e-18       9.666280129085e-19 
 2931       3.574338574557e-12       1.813082310690e-13      -2.956577311108e-13       0.000000000000e+00       7.672785238999e-17       7.007809677190e-18       9.564524303024e-19 
 2932       3.572721449497e-12       1.803929451434e-13      -2.965255483279e-13       0.000000000000e+00       7.661846700081e-17       7.024603873753e-18       9.462896144550e-19 
 2933       3.571159322996e-12       1.794691496204e-13      -2.973484967272e-13       0.000000000000e+00       7.650927366966e-17       7.040246242577e-18       9.361427734590e-19 
 2934       3.569648802793e-12       1.785371014287e-13      -2.981261825655e-13       0.000000000000e+00       7.640027195668e-17       7.054534582177e-18       9.260151240638e-19 
 2935       3.568186487132e-12       1.775970582295e-13      -2.988582112167e-13       0.000000000000e+00       7.629146141950e-17       7.067266144602e-18       9.159098916825e-19 
 2936       3.566768964760e-12       1.766492784171e-13      -2.995441871709e-13       0.000000000000e+00       7.618284161317e-17       7.078237634980e-18       9.058303103996e-19 
 2937       3.565392814917e-12       1.756940211193e-13      -3.001837140336e-13       0.000000000000e+00       7.607441209021e-17       7.087245211043e-18       8.957796229783e-19 
 2938       3.564054607323e-12       1.747315461982e-13      -3.007763945253e-13       0.000000000000e+00       7.596617240057e-17       7.094084482672e-18       8.857610808675e-19 
 2939       3.562750902178e-12       1.737621142509e-13      -3.013218304804e-13       0.000000000000e+00       7.585812209168e-17       7.098550511430e-18       8.757779442096e-19 
 2940       3.561478250147e-12       1.727859866099e-13      -3.018196228471e-13       0.000000000000e+00       7.575026070838e-17       7.100437810095e-18       8.658334818475e-19 
 2941       3.560233192355e-12       1.718034253441e-13      -3.022693716859e-13       0.000000000000e+00       7.564258779297e-17       7.099540342200e-18       8.559309713320e-19 
 2942       3.559012260380e-12       1.708146932589e-13      -3.026706761698e-13       0.000000000000e+00       7.553510288517e-17       7.095651521566e-18       8.460736989295e-19 
 2943       3.557811976240e-12       1.698200538974e-13      -3.030231345828e-13       0.000000000000e+00       7.542780552215e-17       7.088564211841e-18       8.362649596287e-19 
 2944       3.556628852392e-12       1.688197715405e-13      -3.033263443196e-13       0.000000000000e+00       7.532069523852e-17       7.078070726032e-18       8.265080571486e-19 
 2945       3.555459559677e-12       1.678141166609e-13      -3.035800453613e-13       0.000000000000e+00       7.521377157143e-17       7.064034981913e-18       8.168064921351e-19 
 2946       3.554301432103e-12       1.668033823111e-13      -3.037845514825e-13       0.000000000000e+00       7.510703407606e-17       7.046609361186e-18       8.071645277600e-19 
 2947       3.553151964563e-12       1.657878678176e-13      -3.039403211873e-13       0.000000000000e+00       7.500048231018e-17       7.026018927888e-18       7.975866269496e-19 
 2948       3.552008645090e-12       1.647678733369e-13      -3.040478144286e-13       0.000000000000e+00       7.489411582910e-17       7.002489371014e-18       7.880772644607e-19 
 2949       3.550868954854e-12       1.637436998554e-13      -3.041074926101e-13       0.000000000000e+00       7.478793418564e-17       6.976247005052e-18       7.786409268900e-19 
 2950       3.549730368158e-12       1.627156491908e-13      -3.041198185869e-13       0.000000000000e+00       7.468193693009e-17       6.947518770510e-18       7.692821126846e-19 
 2951       3.548590352431e-12       1.616840239923e-13      -3.040852566674e-13       0.000000000000e+00       7.457612361025e-17       6.916532234459e-18       7.600053321518e-19 
 2952       3.547446368221e-12       1.606491277415e-13      -3.040042726140e-13       0.000000000000e+00       7.447049377144e-17       6.883515591061e-18       7.508151074689e-19 
 2953       3.546295869190e-12       1.596112647534e-13      -3.038773336446e-13       0.000000000000e+00       7.436504695644e-17       6.848697662104e-18       7.417159726930e-19 
 2954       3.545136302109e-12       1.585707401764e-13      -3.037049084344e-13       0.000000000000e+00       7.425978270553e-17       6.812307897536e-18       7.327124737715e-19 
 2955       3.543965106850e-12       1.575278599937e-13      -3.034874671161e-13       0.000000000000e+00       7.415470055649e-17       6.774576376002e-18       7.238091685516e-19 
 2956       3.542779716383e-12       1.564829310238e-13      -3.032254812824e-13       0.000000000000e+00       7.404980004458e-17       6.735733805373e-18       7.150106267902e-19 
 2957       3.541577556768e-12       1.554362609209e-13      -3.029194239863e-13       0.000000000000e+00       7.394508070253e-17       6.696011523282e-18       7.063214301643e-19 
 2958       3.540356047150e-12       1.543881581759e-13      -3.025697697430e-13       0.000000000000e+00       7.384054206057e-17       6.655641497659e-18       6.977461722803e-19 
 2959       3.539112599753e-12       1.533389321174e-13      -3.021769945309e-13       0.000000000000e+00       7.373618364639e-17       6.614856327265e-18       6.892894586847e-19 
 2960       3.537844619874e-12       1.522888929116e-13      -3.017415757930e-13       0.000000000000e+00       7.363200498518e-17       6.573889242223e-18       6.809559068734e-19 
 2961       3.536549505878e-12       1.512383515638e-13      -3.012639924382e-13       0.000000000000e+00       7.352800559958e-17       6.532974104557e-18       6.727501463019e-19 
 2962       3.535224649191e-12       1.501876199186e-13      -3.007447248424e-13       0.000000000000e+00       7.342418500969e-17       6.492345408718e-18       6.646768183952e-19 
 2963       3.533867434295e-12       1.491370106609e-13      -3.001842548501e-13       0.000000000000e+00       7.332054273312e-17       6.452238282128e-18       6.567405765580e-19 
 2964       3.532475238723e-12       1.480868373165e-13      -2.995830657754e-13       0.000000000000e+00       7.321707828491e-17       6.412888485706e-18       6.489460861843e-19 
 2965       3.531045433048e-12       1.470374142528e-13      -2.989416424034e-13       0.000000000000e+00       7.311379117757e-17       6.374532414404e-18       6.412980246674e-19 
 2966       3.529575380887e-12       1.459890566794e-13      -2.982604709915e-13       0.000000000000e+00       7.301068092107e-17       6.337407097744e-18       6.338010814100e-19 
 2967       3.528062438885e-12       1.449420806491e-13      -2.975400392707e-13       0.000000000000e+00       7.290774702284e-17       6.301750200348e-18       6.264599578341e-19 
 2968       3.526503956716e-12       1.438968030583e-13      -2.967808364469e-13       0.000000000000e+00       7.280498898778e-17       6.267800022473e-18       6.192793673910e-19 
 2969       3.524897277072e-12       1.428535416480e-13      -2.959833532020e-13       0.000000000000e+00       7.270240631820e-17       6.235795500547e-18       6.122640355709e-19 
 2970       3.523239735663e-12       1.418126150041e-13      -2.951480816955e-13       0.000000000000e+00       7.259999851391e-17       6.205976207700e-18       6.054186999134e-19 
 2971       3.521528661207e-12       1.407743425585e-13      -2.942755155655e-13       0.000000000000e+00       7.249776507212e-17       6.178582354299e-18       5.987481100169e-19 
 2972       3.519761375424e-12       1.397390445897e-13      -2.933661499302e-13       0.000000000000e+00       7.239570548753e-17       6.153854788484e-18       5.922570275491e-19 
 2973       3.517935193033e-12       1.387070422235e-13      -2.924204813891e-13       0.000000000000e+00       7.229381925225e-17       6.132034996698e-18       5.859502262563e-19 
 2974       3.516047421744e-12       1.376786574335e-13      -2.914390080241e-13       0.000000000000e+00       7.219210585583e-17       6.113365104224e-18       5.798324919741e-19 
 2975       3.514095362251e-12       1.366542130421e-13      -2.904222294012e-13       0.000000000000e+00       7.209056478529e-17       6.098087875718e-18       5.739086226365e-19 
 2976       3.512076308232e-12       1.356340327211e-13      -2.893706465714e-13       0.000000000000e+00       7.198919552503e-17       6.086446715743e-18       5.681834282868e-19 
 2977       3.509987546335e-12       1.346184409924e-13      -2.882847620722e-13       0.000000000000e+00       7.188799755693e-17       6.078685669302e-18       5.626617310865e-19 
 2978       3.507826356178e-12       1.336077632286e-13      -2.871650799288e-13       0.000000000000e+00       7.178697036029e-17       6.075049422374e-18       5.573483653261e-19 
 2979       3.505590010342e-12       1.326023256541e-13      -2.860121056556e-13       0.000000000000e+00       7.168611341180e-17       6.075783302446e-18       5.522481774348e-19 
 2980       3.503275774362e-12       1.316024553451e-13      -2.848263462569e-13       0.000000000000e+00       7.158542618562e-17       6.081133279047e-18       5.473660259902e-19 
 2981       3.500880906728e-12       1.306084802312e-13      -2.836083102289e-13       0.000000000000e+00       7.148490815331e-17       6.091345964283e-18       5.427067817284e-19 
 2982       3.498402658871e-12       1.296207290952e-13      -2.823585075607e-13       0.000000000000e+00       7.138455878386e-17       6.106668613372e-18       5.382753275542e-19 
 2983       3.495838275162e-12       1.286395315745e-13      -2.810774497354e-13       0.000000000000e+00       7.128437754365e-17       6.127349125174e-18       5.340765585504e-19 
 2984       3.493185833583e-12       1.276651161548e-13      -2.797654642708e-13       0.000000000000e+00       7.118436426613e-17       6.153559085567e-18       5.301139483640e-19 
 2985       3.490446772254e-12       1.266973036025e-13      -2.784221373444e-13       0.000000000000e+00       7.108452026265e-17       6.185162483859e-18       5.263852406542e-19 
 2986       3.487623375295e-12       1.257358120294e-13      -2.770468684347e-13       0.000000000000e+00       7.098484721704e-17       6.221945862217e-18       5.228867365161e-19 
 2987       3.484717933282e-12       1.247803587613e-13      -2.756390555332e-13       0.000000000000e+00       7.088534681651e-17       6.263695169224e-18       5.196147261748e-19 
 2988       3.481732743248e-12       1.238306603379e-13      -2.741980951424e-13       0.000000000000e+00       7.078602075159e-17       6.310195759367e-18       5.165654889763e-19 
 2989       3.478670108692e-12       1.228864325120e-13      -2.727233822751e-13       0.000000000000e+00       7.068687071623e-17       6.361232392543e-18       5.137352933780e-19 
 2990       3.475532339587e-12       1.219473902486e-13      -2.712143104529e-13       0.000000000000e+00       7.058789840769e-17       6.416589233550e-18       5.111203969394e-19 
 2991       3.472321752380e-12       1.210132477245e-13      -2.696702717051e-13       0.000000000000e+00       7.048910552665e-17       6.476049851587e-18       5.087170463127e-19 
 2992       3.469040670000e-12       1.200837183278e-13      -2.680906565674e-13       0.000000000000e+00       7.039049377712e-17       6.539397219752e-18       5.065214772334e-19 
 2993       3.465691421864e-12       1.191585146567e-13      -2.664748540809e-13       0.000000000000e+00       7.029206486650e-17       6.606413714535e-18       5.045299145111e-19 
 2994       3.462276343882e-12       1.182373485192e-13      -2.648222517907e-13       0.000000000000e+00       7.019382050557e-17       6.676881115321e-18       5.027385720199e-19 
 2995       3.458797778462e-12       1.173199309324e-13      -2.631322357445e-13       0.000000000000e+00       7.009576240848e-17       6.750580603880e-18       5.011436526890e-19 
 2996       3.455258074518e-12       1.164059721218e-13      -2.614041904921e-13       0.000000000000e+00       6.999789229276e-17       6.827292763872e-18       4.997413484938e-19 
 2997       3.451659587470e-12       1.154951815206e-13      -2.596374990832e-13       0.000000000000e+00       6.990021187933e-17       6.906797580338e-18       4.985278404459e-19 
 2998       3.448004679256e-12       1.145872677690e-13      -2.578315430670e-13       0.000000000000e+00       6.980272289249e-17       6.988874439201e-18       4.974992985841e-19 
 2999       3.444295718333e-12       1.136819387137e-13      -2.559857024907e-13       0.000000000000e+00       6.970542705994e-17       7.073302126760e-18       4.966518819652e-19 
 3000       3.440535079685e-12       1.127789014072e-13      -2.540993558980e-13       0.000000000000e+00       6.960832611274e-17       7.159858829190e-18       4.959817386540e-19 
