# dimensionless total lensed [l(l+1)/2pi] C_l's
# for l=2 to 2500, i.e. number of multipoles equal to 2499
#
# -> if you prefer output in CAMB/HealPix/LensPix units/order, set 'format' to 'camb' in input file
# -> if you don't want to see such a header, set 'headers' to 'no' in input file
# -> for CMB lensing (phi), these are C_l^phi-phi for the lensing potential.
#    Remember the conversion factors:
#    C_l^dd (deflection) = l(l+1) C_l^phi-phi
#    C_l^gg (shear/convergence) = 1/4 (l(l+1))^2 C_l^phi-phi
#
# 1:l     2:TT                     3:EE                     4:TE                     5:BB                     6:phiphi                 7:TPhi                   8:Ephi               
    2       1.381341005568e-10       4.176087245687e-15       3.515761445778e-13       2.323557804605e-19       8.285726686712e-09       4.560794811466e-10      -1.840600018326e-12 
    3       1.306087619616e-10       5.351275401944e-15       3.951626959075e-13       4.647993179637e-19       5.086960997348e-09       3.225652774258e-10      -1.393870151347e-12 
    4       1.235436008583e-10       4.627240654219e-15       3.695430698287e-13       7.748590968487e-19       3.522980047558e-09       2.438407962484e-10      -9.122244678511e-13 
    5       1.182602331423e-10       3.085975070993e-15       3.147003619666e-13       1.162648127028e-18       2.621514049785e-09       1.923923474056e-10      -5.067133916812e-13 
    6       1.146395713651e-10       1.725603863486e-15       2.534558029791e-13       1.628304302572e-18       2.042588802704e-09       1.563934993005e-10      -2.080081015031e-13 
    7       1.122822271207e-10       9.335024789037e-16       1.990061254008e-13       2.171988276210e-18       1.644357609202e-09       1.299931817385e-10      -1.760729477104e-14 
    8       1.109081558134e-10       6.038241875236e-16       1.571242978535e-13       2.793881024336e-18       1.356591928682e-09       1.099887188969e-10       7.943223094591e-14 
    9       1.102693045879e-10       4.859096492369e-16       1.290900231263e-13       3.494181160032e-18       1.140654550905e-09       9.448218153965e-11       1.064491721991e-13 
   10       1.101353844146e-10       4.150353667765e-16       1.135793032574e-13       4.273102056883e-18       9.737532070234e-10       8.220662275461e-11       8.928862220818e-14 
   11       1.104473409682e-10       3.497990614139e-16       1.079343596578e-13       5.130868849820e-18       8.334433196483e-10       7.301999900620e-11       5.203850324784e-14 
   12       1.110540952342e-10       3.058531091023e-16       1.090983497646e-13       6.067715380829e-18       7.284077135063e-10       6.456656803997e-11       1.227924062524e-14 
   13       1.119050988203e-10       2.942000522697e-16       1.143886737281e-13       7.083881157115e-18       6.421587105083e-10       5.770054266922e-11      -1.799214329453e-14 
   14       1.129526627238e-10       3.068715732040e-16       1.217846714417e-13       8.179608387184e-18       5.703837905522e-10       5.172026896721e-11      -3.451684822749e-14 
   15       1.141839503929e-10       3.321259242450e-16       1.299980967689e-13       9.355139156405e-18       5.099591995717e-10       4.668963704484e-11      -3.750230335655e-14 
   16       1.155242461469e-10       3.674379023962e-16       1.383663129108e-13       1.061071279807e-17       4.585735304419e-10       4.235372243798e-11      -3.091064066512e-14 
   17       1.170005812701e-10       4.183441279684e-16       1.466673580316e-13       1.194656350895e-17       4.144842991442e-10       3.856969508772e-11      -1.993910323435e-14 
   18       1.185499166869e-10       4.902731556401e-16       1.551624622573e-13       1.336291815655e-17       3.762142277954e-10       3.526902265539e-11      -9.474435478870e-15 
   19       1.201836023683e-10       5.835510883661e-16       1.640748241328e-13       1.485999496477e-17       3.431461650209e-10       3.240456792990e-11      -2.117529742473e-15 
   20       1.218943633454e-10       6.961780386666e-16       1.735441774794e-13       1.643800102327e-17       3.140199502995e-10       2.986211616077e-11       4.239094165806e-16 
   21       1.236835036098e-10       8.275183836530e-16       1.835215469680e-13       1.809713268263e-17       2.883777507969e-10       2.759560231229e-11      -1.286543555627e-15 
   22       1.255250088359e-10       9.770851217010e-16       1.938187910294e-13       1.983757299783e-17       2.656025003439e-10       2.554790938550e-11      -5.504566796617e-15 
   23       1.274252282167e-10       1.145048114735e-15       2.041128937377e-13       2.165949371821e-17       2.453895383768e-10       2.371051745457e-11      -1.047676036996e-14 
   24       1.293783789983e-10       1.331623314040e-15       2.139913275831e-13       2.356305229035e-17       2.272775915830e-10       2.206679872074e-11      -1.433573912100e-14 
   25       1.313792505354e-10       1.537025440306e-15       2.231463655315e-13       2.554839447210e-17       2.110211399229e-10       2.059447771992e-11      -1.627001058033e-14 
   26       1.334101920678e-10       1.761624336542e-15       2.313143124036e-13       2.761565228173e-17       1.963021982823e-10       1.925665018856e-11      -1.595359074735e-14 
   27       1.354808188204e-10       2.007051270235e-15       2.384235350608e-13       2.976495087145e-17       1.830445480461e-10       1.804406539656e-11      -1.389853386934e-14 
   28       1.375938434248e-10       2.275563264914e-15       2.444855163641e-13       3.199640172406e-17       1.710876165166e-10       1.694136299662e-11      -1.110843270958e-14 
   29       1.397383754581e-10       2.569441450707e-15       2.495427109594e-13       3.431010285873e-17       1.601411748191e-10       1.592220916255e-11      -8.703023839273e-15 
   30       1.419209928053e-10       2.889777686428e-15       2.536434097691e-13       3.670615112026e-17       1.501449210814e-10       1.498555806232e-11      -7.071306869451e-15 
   31       1.441433647989e-10       3.237197646569e-15       2.568614846056e-13       3.918463339420e-17       1.410246850167e-10       1.413146675305e-11      -6.393935537527e-15 
   32       1.463973986154e-10       3.612273185714e-15       2.592646715121e-13       4.174562599346e-17       1.326362148214e-10       1.335294213164e-11      -6.758824156959e-15 
   33       1.486825743108e-10       4.015941185686e-15       2.607723546811e-13       4.438920594877e-17       1.249338566068e-10       1.264341772287e-11      -7.813655247505e-15 
   34       1.509925543721e-10       4.449228801827e-15       2.612439737264e-13       4.711544314967e-17       1.178494396373e-10       1.199058255676e-11      -8.970662833894e-15 
   35       1.533160793699e-10       4.913126746991e-15       2.605301126386e-13       4.992440020011e-17       1.112775685400e-10       1.137862597010e-11      -9.639043611388e-15 
   36       1.556601206863e-10       5.408536340156e-15       2.585283128174e-13       5.281614322357e-17       1.052012136013e-10       1.080545552886e-11      -9.756152728737e-15 
   37       1.580332708101e-10       5.936298412648e-15       2.551448333517e-13       5.579073456297e-17       9.960135667078e-11       1.027063022861e-11      -9.436630952028e-15 
   38       1.604387791422e-10       6.497202357473e-15       2.502792264706e-13       5.884822987240e-17       9.441902052150e-11       9.770397537588e-12      -8.835502672522e-15 
   39       1.628756356396e-10       7.091974169348e-15       2.438486568616e-13       6.198867987647e-17       8.957654593563e-11       9.299479586696e-12      -8.127038224186e-15 
   40       1.653438511006e-10       7.721245140125e-15       2.358720586295e-13       6.521213645791e-17       8.505911797495e-11       8.857931326279e-12      -7.425433325678e-15 
   41       1.678398865046e-10       8.385565962584e-15       2.264138329428e-13       6.851864858512e-17       8.085486690392e-11       8.446093050094e-12      -6.842063538179e-15 
   42       1.703545601560e-10       9.085409412677e-15       2.155628753516e-13       7.190826079522e-17       7.693054176985e-11       8.062537537986e-12      -6.508386067976e-15 
   43       1.728775113869e-10       9.821231679799e-15       2.033989951538e-13       7.538101220171e-17       7.324381111007e-11       7.704771348584e-12      -6.535352933343e-15 
   44       1.754134945620e-10       1.059368997452e-14       1.898763508628e-13       7.893693290707e-17       6.978900489890e-11       7.371970319656e-12      -6.873832054338e-15 
   45       1.779702835238e-10       1.140348511222e-14       1.749060248447e-13       8.257604664274e-17       6.656260646060e-11       7.062833513968e-12      -7.412582859111e-15 
   46       1.805539251640e-10       1.225130117812e-14       1.583870473527e-13       8.629837179703e-17       6.354951848589e-11       6.774700839597e-12      -8.014736812023e-15 
   47       1.831685321622e-10       1.313780515445e-14       1.402055804813e-13       9.010392144735e-17       6.072216011232e-11       6.503451175066e-12      -8.516295687599e-15 
   48       1.858162657799e-10       1.406355861443e-14       1.202575330499e-13       9.399270062893e-17       5.804895851738e-11       6.244692339549e-12      -8.770960168399e-15 
   49       1.884977621221e-10       1.502872423899e-14       9.852584765437e-14       9.796469715529e-17       5.552476104097e-11       5.997965368259e-12      -8.803062532035e-15 
   50       1.912114699342e-10       1.603327593011e-14       7.502359783147e-14       1.020198882656e-16       5.314744455069e-11       5.763550338354e-12      -8.695163682069e-15 
   51       1.939532783334e-10       1.707707478124e-14       4.977282934420e-14       1.061582430560e-16       5.090885623188e-11       5.541242917690e-12      -8.546327560806e-15 
   52       1.967163192431e-10       1.815986421808e-14       2.280493959204e-14       1.103797223711e-16       4.879438997992e-11       5.330318400416e-12      -8.472983215286e-15 
   53       1.994936368914e-10       1.928138860974e-14      -5.852802823402e-15       1.146842783123e-16       4.678757328812e-11       5.129844031934e-12      -8.579085040861e-15 
   54       2.022874569655e-10       2.044179609481e-14      -3.622264232564e-14       1.190718528651e-16       4.488618772926e-11       4.939793056558e-12      -8.855600905273e-15 
   55       2.051019566261e-10       2.164133087015e-14      -6.834196110829e-14       1.235423787291e-16       4.308955545301e-11       4.760154458434e-12      -9.256680571487e-15 
   56       2.079405304622e-10       2.288021909790e-14      -1.022506379759e-13       1.280957795483e-16       4.139368281268e-11       4.590588866921e-12      -9.727679543684e-15 
   57       2.108057131384e-10       2.415866922315e-14      -1.379912500593e-13       1.327319697857e-16       3.979104684120e-11       4.430407195511e-12      -1.020473384509e-14 
   58       2.136991020416e-10       2.547687229171e-14      -1.756092745313e-13       1.374508545991e-16       3.827038172701e-11       4.278549280755e-12      -1.061433479581e-14 
   59       2.166216705356e-10       2.683488434500e-14      -2.151403446050e-13       1.422523359835e-16       3.681977983793e-11       4.133870884630e-12      -1.089086891030e-14 
   60       2.195749683584e-10       2.823224099049e-14      -2.565681033978e-13       1.471363331500e-16       3.543732070080e-11       3.996131047779e-12      -1.103495993084e-14 
   61       2.225600637778e-10       2.966825372548e-14      -2.998569015885e-13       1.521027666671e-16       3.412253740079e-11       3.865196683925e-12      -1.106794811026e-14 
   62       2.255771146921e-10       3.114211638534e-14      -3.449636502784e-13       1.571515526954e-16       3.287321996425e-11       3.740743691694e-12      -1.101529638208e-14 
   63       2.286253045174e-10       3.265290146379e-14      -3.918375838686e-13       1.622826030751e-16       3.168531419226e-11       3.622246046532e-12      -1.090677412548e-14 
   64       2.317027780765e-10       3.419955643326e-14      -4.404200229377e-13       1.674958254135e-16       3.055282049412e-11       3.508964892634e-12      -1.077664093027e-14 
   65       2.348075585486e-10       3.578101839174e-14      -4.906569567200e-13       1.727911363079e-16       2.946944932044e-11       3.400151679423e-12      -1.065610287784e-14 
   66       2.379406680387e-10       3.739659448921e-14      -5.425404203788e-13       1.781685040713e-16       2.843422218922e-11       3.295732075064e-12      -1.054841170441e-14 
   67       2.411035552375e-10       3.904565572923e-14      -5.960754827374e-13       1.836279152390e-16       2.744687952064e-11       3.195747822769e-12      -1.044880498646e-14 
   68       2.442971366901e-10       4.072752538877e-14      -6.512683191150e-13       1.891693626781e-16       2.650617764828e-11       3.100150648021e-12      -1.035173650644e-14 
   69       2.475217601264e-10       4.244147864832e-14      -7.081263327953e-13       1.947928460425e-16       2.560983678827e-11       3.008797337760e-12      -1.025084386423e-14 
   70       2.507771677911e-10       4.418674222208e-14      -7.666582764935e-13       2.004983722284e-16       2.475448900850e-11       2.921444819560e-12      -1.013891608880e-14 
   71       2.540624597740e-10       4.596249398812e-14      -8.268743738247e-13       2.062859558290e-16       2.393562619772e-11       2.837745240814e-12      -1.000786124965e-14 
   72       2.573766760408e-10       4.776782793317e-14      -8.887779589189e-13       2.121556303864e-16       2.314875966606e-11       2.757340221547e-12      -9.851118927679e-15 
   73       2.607207533524e-10       4.960164201878e-14      -9.523382674750e-13       2.181074836364e-16       2.239327225959e-11       2.680175493074e-12      -9.671505706425e-15 
   74       2.640958794570e-10       5.146272802251e-14      -1.017512618146e-12       2.241416298825e-16       2.166921507372e-11       2.606238042723e-12      -9.474824102948e-15 
   75       2.675028855118e-10       5.334980317419e-14      -1.084254360678e-12       2.302582004887e-16       2.097613738355e-11       2.535459680054e-12      -9.267574173415e-15 
   76       2.709422235385e-10       5.526150899420e-14      -1.152512803728e-12       2.364573445809e-16       2.031306227582e-11       2.467714380278e-12      -9.056976943347e-15 
   77       2.744139438798e-10       5.719641013169e-14      -1.222233142684e-12       2.427392297483e-16       1.967846228093e-11       2.402815627679e-12      -8.850997837875e-15 
   78       2.779176726545e-10       5.915299320288e-14      -1.293356387481e-12       2.491040427452e-16       1.907023500490e-11       2.340513759034e-12      -8.658370111986e-15 
   79       2.814525892138e-10       6.112966562929e-14      -1.365819290420e-12       2.555519901926e-16       1.848567876132e-11       2.280493307031e-12      -8.488618280775e-15 
   80       2.850178716806e-10       6.312480684483e-14      -1.439559690887e-12       2.620832940398e-16       1.792216361833e-11       2.222451132324e-12      -8.349813821579e-15 
   81       2.886141722717e-10       6.513693471424e-14      -1.514533777250e-12       2.686981755006e-16       1.737933235840e-11       2.166352290589e-12      -8.241341874246e-15 
   82       2.922423582341e-10       6.716456603042e-14      -1.590701705037e-12       2.753968695946e-16       1.685723905584e-11       2.112213959294e-12      -8.159915253168e-15 
   83       2.959030528556e-10       6.920616652360e-14      -1.668022473988e-12       2.821796307351e-16       1.635567629871e-11       2.060027453203e-12      -8.101712324024e-15 
   84       2.995966215897e-10       7.126015066942e-14      -1.746453956197e-12       2.890467333333e-16       1.587416369882e-11       2.009757063875e-12      -8.062358439066e-15 
   85       3.033231581789e-10       7.332488149699e-14      -1.825952924233e-12       2.959984724025e-16       1.541193640182e-11       1.961338899175e-12      -8.036907372404e-15 
   86       3.070824707794e-10       7.539867039691e-14      -1.906475079280e-12       3.030351641633e-16       1.496793359716e-11       1.914679722778e-12      -8.019822755289e-15 
   87       3.108740680847e-10       7.747977692932e-14      -1.987975079262e-12       3.101571466474e-16       1.454078702819e-11       1.869655793672e-12      -8.004959511403e-15 
   88       3.146971454500e-10       7.956640863200e-14      -2.070406566975e-12       3.173647803028e-16       1.412880950212e-11       1.826111705670e-12      -7.985545292139e-15 
   89       3.185508942385e-10       8.165674594454e-14      -2.153720746619e-12       3.246584370457e-16       1.373039671095e-11       1.783898787758e-12      -7.955633980302e-15 
   90       3.224355157204e-10       8.374902188009e-14      -2.237861796156e-12       3.320384641309e-16       1.334532997694e-11       1.742999738227e-12      -7.914767972130e-15 
   91       3.263513413967e-10       8.584145455607e-14      -2.322770783779e-12       3.395052157014e-16       1.297365764700e-11       1.703421494428e-12      -7.864016454059e-15 
   92       3.302985150273e-10       8.793222337223e-14      -2.408387061748e-12       3.470590642615e-16       1.261529474994e-11       1.665156852489e-12      -7.804571880756e-15 
   93       3.342769835980e-10       9.001946919509e-14      -2.494648272772e-12       3.547004011086e-16       1.227001769845e-11       1.628183899489e-12      -7.737753463865e-15 
   94       3.382864882863e-10       9.210129454217e-14      -2.581490356395e-12       3.624296367641e-16       1.193745899101e-11       1.592465445636e-12      -7.665010660755e-15 
   95       3.423265554283e-10       9.417576376639e-14      -2.668847555379e-12       3.702472014055e-16       1.161710191392e-11       1.557948456443e-12      -7.587926663259e-15 
   96       3.463964874843e-10       9.624090324033e-14      -2.756652422088e-12       3.781535452973e-16       1.130827524318e-11       1.524563484910e-12      -7.508221886423e-15 
   97       3.504953540058e-10       9.829470154060e-14      -2.844835824876e-12       3.861491392229e-16       1.101014794647e-11       1.492224103697e-12      -7.427757457249e-15 
   98       3.546219826016e-10       1.003351096322e-13      -2.933326954467e-12       3.942344749159e-16       1.072172388511e-11       1.460826337305e-12      -7.348538703438e-15 
   99       3.587752495081e-10       1.023600880237e-13      -3.022054707481e-12       4.024100682058e-16       1.044207012664e-11       1.430273441068e-12      -7.272313053464e-15 
  100       3.629550177881e-10       1.043677554564e-13      -3.110952046812e-12       4.106764680316e-16       1.017105023388e-11       1.400555470232e-12      -7.199291209608e-15 
  101       3.671613158561e-10       1.063562617164e-13      -3.199952273590e-12       4.190342495121e-16       9.908685480939e-12       1.371679978743e-12      -7.129250478479e-15 
  102       3.713940443960e-10       1.083237432860e-13      -3.288987727931e-12       4.274840118046e-16       9.654928073453e-12       1.343647420585e-12      -7.061922790590e-15 
  103       3.756529709591e-10       1.102683240981e-13      -3.377989812011e-12       4.360263785688e-16       9.409658682144e-12       1.316450889202e-12      -6.996993272883e-15 
  104       3.799377245617e-10       1.121881162892e-13      -3.466889013142e-12       4.446619984314e-16       9.172683976435e-12       1.290075856901e-12      -6.934098821243e-15 
  105       3.842477902836e-10       1.140812209538e-13      -3.555614926851e-12       4.533915454504e-16       8.943734158044e-12       1.264499914268e-12      -6.872826673017e-15 
  106       3.885825038651e-10       1.159457288972e-13      -3.644096279957e-12       4.622157195795e-16       8.722460494578e-12       1.239692509582e-12      -6.812712979532e-15 
  107       3.929410463059e-10       1.177797213901e-13      -3.732260953644e-12       4.711352471324e-16       8.508432853135e-12       1.215614688220e-12      -6.753241378614e-15 
  108       3.973224384623e-10       1.195812709213e-13      -3.820036006544e-12       4.801508812472e-16       8.301137233895e-12       1.192218832075e-12      -6.693841567106e-15 
  109       4.017255356453e-10       1.213484419524e-13      -3.907347697810e-12       4.892634023510e-16       8.099973303720e-12       1.169448398966e-12      -6.633887873386e-15 
  110       4.061492200010e-10       1.230793395126e-13      -3.994122026875e-12       4.984736000340e-16       7.904389739120e-12       1.147251015258e-12      -6.572826413367e-15 
  111       4.105930172227e-10       1.247722604382e-13      -4.080286381728e-12       5.077822150406e-16       7.714315232943e-12       1.125620217197e-12      -6.510578116517e-15 
  112       4.150565490222e-10       1.264255629892e-13      -4.165768145747e-12       5.171899906894e-16       7.529778288103e-12       1.104558588739e-12      -6.447184846944e-15 
  113       4.195393389837e-10       1.280376219475e-13      -4.250494227713e-12       5.266976910771e-16       7.350773239725e-12       1.084064758000e-12      -6.382685268726e-15 
  114       4.240408091059e-10       1.296068298404e-13      -4.334391089959e-12       5.363061013611e-16       7.177259143138e-12       1.064133267899e-12      -6.317114682151e-15 
  115       4.285602763436e-10       1.311315981650e-13      -4.417384776531e-12       5.460160280405e-16       7.009158661862e-12       1.044754446808e-12      -6.250504859955e-15 
  116       4.330969491494e-10       1.326103586116e-13      -4.499400941337e-12       5.558282992378e-16       6.846356955595e-12       1.025914279200e-12      -6.182883883558e-15 
  117       4.376499240154e-10       1.340415642877e-13      -4.580364876304e-12       5.657437649812e-16       6.688700568208e-12       1.007594276293e-12      -6.114275979303e-15 
  118       4.422181820148e-10       1.354236909420e-13      -4.660201539535e-12       5.757632974853e-16       6.535996315723e-12       9.897713466997e-13      -6.044701354695e-15 
  119       4.468005853440e-10       1.367552381881e-13      -4.738835583463e-12       5.858877914337e-16       6.388010174311e-12       9.724176670749e-13      -5.974176034637e-15 
  120       4.513958738640e-10       1.380347307284e-13      -4.816191383002e-12       5.961181642601e-16       6.244466168278e-12       9.555005527609e-13      -5.902711697670e-15 
  121       4.560026616419e-10       1.392607195781e-13      -4.892193063708e-12       6.064553564301e-16       6.105045258051e-12       9.389823284365e-13      -5.830315512208e-15 
  122       4.606194334932e-10       1.404317832889e-13      -4.966764529931e-12       6.169003317229e-16       5.969384228169e-12       9.228201987633e-13      -5.756989972779e-15 
  123       4.652447264203e-10       1.415465768228e-13      -5.039830448527e-12       6.274540372888e-16       5.837154074800e-12       9.069762623351e-13      -5.682761552860e-15 
  124       4.698777048978e-10       1.426039819244e-13      -5.111319267997e-12       6.381172780262e-16       5.708307733718e-12       8.914491316863e-13      -5.607770739412e-15 
  125       4.745176454673e-10       1.436029764108e-13      -5.181160600865e-12       6.488908282362e-16       5.582858848627e-12       8.762457189889e-13      -5.532192081226e-15 
  126       4.791637557771e-10       1.445425896507e-13      -5.249284334500e-12       6.597754705200e-16       5.460804339189e-12       8.613713690765e-13      -5.456206361071e-15 
  127       4.838151725787e-10       1.454219041640e-13      -5.315620666782e-12       6.707719957438e-16       5.342123914497e-12       8.468298098979e-13      -5.380000658658e-15 
  128       4.884709597229e-10       1.462400572198e-13      -5.380100141778e-12       6.818812030045e-16       5.226779586552e-12       8.326231029690e-13      -5.303768413601e-15 
  129       4.931301061565e-10       1.469962424355e-13      -5.442653685413e-12       6.931038995941e-16       5.114715183742e-12       8.187515938266e-13      -5.227709488378e-15 
  130       4.977915239187e-10       1.476897113757e-13      -5.503212641147e-12       7.044409009658e-16       5.005855864317e-12       8.052138624807e-13      -5.152030231297e-15 
  131       5.024540461375e-10       1.483197751506e-13      -5.561708805644e-12       7.158930306985e-16       4.900107629864e-12       7.920066738681e-13      -5.076943539451e-15 
  132       5.071164250265e-10       1.488858060152e-13      -5.618074464448e-12       7.274611204623e-16       4.797356838788e-12       7.791249283045e-13      -5.002668921683e-15 
  133       5.117773298806e-10       1.493872389676e-13      -5.672242427654e-12       7.391460099836e-16       4.697469719785e-12       7.665616119380e-13      -4.929432561551e-15 
  134       5.164353450734e-10       1.498235733482e-13      -5.724146065581e-12       7.509485470105e-16       4.600291885321e-12       7.543077472020e-13      -4.857467380284e-15 
  135       5.210889680527e-10       1.501943744381e-13      -5.773719344448e-12       7.628695872777e-16       4.505647845105e-12       7.423523432677e-13      -4.787013099748e-15 
  136       5.257366073378e-10       1.504992750581e-13      -5.820896862043e-12       7.749099944716e-16       4.413340519571e-12       7.306823464976e-13      -4.718316305404e-15 
  137       5.303767201837e-10       1.507380043341e-13      -5.865614502506e-12       7.870706130810e-16       4.323193061929e-12       7.192852416178e-13      -4.651570142751e-15 
  138       5.350082458944e-10       1.509104739689e-13      -5.907811401616e-12       7.993521838485e-16       4.235180238527e-12       7.081572639035e-13      -4.586726230607e-15 
  139       5.396302137584e-10       1.510167039706e-13      -5.947428253457e-12       8.117554194636e-16       4.149309784443e-12       6.972959467967e-13      -4.523663313541e-15 
  140       5.442416062973e-10       1.510567980415e-13      -5.984406748787e-12       8.242810306868e-16       4.065581098787e-12       6.866975150160e-13      -4.462245564827e-15 
  141       5.488413581486e-10       1.510309453497e-13      -6.018689614647e-12       8.369297261435e-16       3.983985026713e-12       6.763568518339e-13      -4.402322266255e-15 
  142       5.534283549485e-10       1.509394222999e-13      -6.050220653958e-12       8.497022121165e-16       3.904503641438e-12       6.662674663546e-13      -4.343727487928e-15 
  143       5.580014322150e-10       1.507825943049e-13      -6.078944785129e-12       8.625991923398e-16       3.827110026265e-12       6.564214607915e-13      -4.286279768071e-15 
  144       5.625593742310e-10       1.505609175564e-13      -6.104808081656e-12       8.756213677908e-16       3.751768056590e-12       6.468094977446e-13      -4.229781792831e-15 
  145       5.671009129267e-10       1.502749407968e-13      -6.127757811727e-12       8.887694364841e-16       3.678432181929e-12       6.374207674783e-13      -4.174020076084e-15 
  146       5.716247267633e-10       1.499253070897e-13      -6.147742477821e-12       9.020440932643e-16       3.607047207928e-12       6.282429551988e-13      -4.118764639236e-15 
  147       5.761294396156e-10       1.495127555917e-13      -6.164711856315e-12       9.154460295991e-16       3.537548078386e-12       6.192622083315e-13      -4.063768691029e-15 
  148       5.806136196546e-10       1.490381233232e-13      -6.178617037085e-12       9.289759333724e-16       3.469859657268e-12       6.104631037988e-13      -4.008768307346e-15 
  149       5.850757782313e-10       1.485023469399e-13      -6.189410463109e-12       9.426344886773e-16       3.403896510725e-12       6.018286152976e-13      -3.953482111010e-15 
  150       5.895143687586e-10       1.479064645036e-13      -6.197045970066e-12       9.564223756095e-16       3.339562689110e-12       5.933400805767e-13      -3.897610951593e-15 
  151       5.939277855953e-10       1.472516172537e-13      -6.201478825946e-12       9.703402700600e-16       3.276751508995e-12       5.849771687145e-13      -3.840837585216e-15 
  152       5.983143629283e-10       1.465390513786e-13      -6.202665770644e-12       9.843888435085e-16       3.215345335191e-12       5.767178473966e-13      -3.782826354357e-15 
  153       6.026724960016e-10       1.457701032480e-13      -6.200565286518e-12       9.985687079736e-16       3.155239903349e-12       5.685434573856e-13      -3.723304630140e-15 
  154       6.070010198305e-10       1.449461498406e-13      -6.195138354972e-12       1.012880245543e-15       3.096420290083e-12       5.604545354621e-13      -3.662316329930e-15 
  155       6.112988637182e-10       1.440686570649e-13      -6.186347846022e-12       1.027323762534e-15       3.038891620550e-12       5.524564064787e-13      -3.599991460128e-15 
  156       6.155649315833e-10       1.431391975568e-13      -6.174158334103e-12       1.041899542425e-15       2.982655070200e-12       5.445542016768e-13      -3.536466566658e-15 
  157       6.197981014658e-10       1.421594523661e-13      -6.158536138850e-12       1.056607845376e-15       2.927707771774e-12       5.367528519748e-13      -3.471884831184e-15 
  158       6.239972250336e-10       1.411312126438e-13      -6.139449365876e-12       1.071448907736e-15       2.874042722310e-12       5.290570812560e-13      -3.406396167326e-15 
  159       6.281611270878e-10       1.400563813289e-13      -6.116867947549e-12       1.086422941563e-15       2.821648690139e-12       5.214713996571e-13      -3.340157316875e-15 
  160       6.322886050697e-10       1.389369748353e-13      -6.090763683777e-12       1.101530134130e-15       2.770510121889e-12       5.140000968563e-13      -3.273331946006e-15 
  161       6.363784285660e-10       1.377751247392e-13      -6.061110282778e-12       1.116770647448e-15       2.720607049486e-12       5.066472353616e-13      -3.206090741502e-15 
  162       6.404293388154e-10       1.365730794653e-13      -6.027883401866e-12       1.132144617771e-15       2.671914997156e-12       4.994166437988e-13      -3.138611506960e-15 
  163       6.444400482143e-10       1.353332059746e-13      -5.991060688228e-12       1.147652155118e-15       2.624404888422e-12       4.923119102000e-13      -3.071079259014e-15 
  164       6.484092398233e-10       1.340579914508e-13      -5.950621819701e-12       1.163293342778e-15       2.578042953113e-12       4.853363752913e-13      -3.003686323548e-15 
  165       6.523355668726e-10       1.327500449875e-13      -5.906548545552e-12       1.179068236831e-15       2.532790634356e-12       4.784931257817e-13      -2.936632431911e-15 
  166       6.562176522688e-10       1.314120992751e-13      -5.858824727258e-12       1.194976865660e-15       2.488604495585e-12       4.717849876509e-13      -2.870124817134e-15 
  167       6.600540881003e-10       1.300470122878e-13      -5.807436379282e-12       1.211019229462e-15       2.445436127537e-12       4.652145194372e-13      -2.804378310148e-15 
  168       6.638434351437e-10       1.286577689707e-13      -5.752371709855e-12       1.227195299764e-15       2.403232055257e-12       4.587840055265e-13      -2.739615435995e-15 
  169       6.675842223699e-10       1.272474829263e-13      -5.693621161754e-12       1.243505018937e-15       2.361933645095e-12       4.524954494398e-13      -2.676066510048e-15 
  170       6.712749464500e-10       1.258193981022e-13      -5.631177453078e-12       1.259948299709e-15       2.321477011712e-12       4.463505671217e-13      -2.613969734224e-15 
  171       6.749141703705e-10       1.243767915397e-13      -5.565034870681e-12       1.276525000435e-15       2.281805944021e-12       4.403503005207e-13      -2.553520241552e-15 
  172       6.785008295403e-10       1.229226689915e-13      -5.495186998963e-12       1.293234849600e-15       2.242912087177e-12       4.344933268681e-13      -2.494712260674e-15 
  173       6.820339503797e-10       1.214600470387e-13      -5.421628878963e-12       1.310077514063e-15       2.204797948393e-12       4.287774116610e-13      -2.437483913946e-15 
  174       6.855125534194e-10       1.199920510180e-13      -5.344357776106e-12       1.327052622147e-15       2.167464140005e-12       4.231998685780e-13      -2.381766973244e-15 
  175       6.889356532115e-10       1.185219163051e-13      -5.263373217937e-12       1.344159763063e-15       2.130909339582e-12       4.177575508101e-13      -2.327486747881e-15 
  176       6.923022582394e-10       1.170529895975e-13      -5.178677031847e-12       1.361398486314e-15       2.095130250046e-12       4.124468423918e-13      -2.274561972545e-15 
  177       6.956113708287e-10       1.155887301982e-13      -5.090273382803e-12       1.378768301120e-15       2.060121559794e-12       4.072636495321e-13      -2.222904695217e-15 
  178       6.988619870571e-10       1.141327112992e-13      -4.998168811081e-12       1.396268675827e-15       2.025875902810e-12       4.022033919453e-13      -2.172420165102e-15 
  179       7.020530966651e-10       1.126886212641e-13      -4.902372269993e-12       1.413899037324e-15       1.992383818787e-12       3.972609941826e-13      -2.123006720557e-15 
  180       7.051836829665e-10       1.112602649122e-13      -4.802895163616e-12       1.431658770456e-15       1.959633713245e-12       3.924308769622e-13      -2.074555677012e-15 
  181       7.082527227586e-10       1.098515648013e-13      -4.699751384524e-12       1.449547217440e-15       1.927611817647e-12       3.877069485011e-13      -2.026951214903e-15 
  182       7.112591862327e-10       1.084665625111e-13      -4.592957351516e-12       1.467563677282e-15       1.896302149520e-12       3.830825958460e-13      -1.980070267595e-15 
  183       7.142020368846e-10       1.071094199265e-13      -4.482532047346e-12       1.485707405187e-15       1.865686472569e-12       3.785506762037e-13      -1.933782409311e-15 
  184       7.170802314249e-10       1.057844205213e-13      -4.368497056454e-12       1.503977611980e-15       1.835744256798e-12       3.741035082730e-13      -1.887949743058e-15 
  185       7.198927196896e-10       1.044959706409e-13      -4.250876602693e-12       1.522373463514e-15       1.806452638629e-12       3.697328635749e-13      -1.842426788551e-15 
  186       7.226384445500e-10       1.032486007858e-13      -4.129697587061e-12       1.540894080092e-15       1.777786381017e-12       3.654299577843e-13      -1.797060370144e-15 
  187       7.253163418240e-10       1.020469668951e-13      -4.004989625431e-12       1.559538535874e-15       1.749717833571e-12       3.611854420605e-13      -1.751689504756e-15 
  188       7.279253401856e-10       1.008958516299e-13      -3.876785086277e-12       1.578305858299e-15       1.722216892668e-12       3.569893943785e-13      -1.706145289796e-15 
  189       7.304643610760e-10       9.980016565613e-14      -3.745119128409e-12       1.597195027497e-15       1.695250961578e-12       3.528313108598e-13      -1.660250791088e-15 
  190       7.329323186136e-10       9.876494892816e-14      -3.610029738699e-12       1.616204975702e-15       1.668784910573e-12       3.487000971037e-13      -1.613820930804e-15 
  191       7.353281927053e-10       9.779516224324e-14      -3.471555548625e-12       1.635334587368e-15       1.642788021518e-12       3.445863755572e-13      -1.566703157016e-15 
  192       7.376512546915e-10       9.689504176911e-14      -3.329729022378e-12       1.654582700729e-15       1.617255486457e-12       3.404896189783e-13      -1.518903092776e-15 
  193       7.399008584927e-10       9.606869845959e-14      -3.184582829257e-12       1.673948105230e-15       1.592188448532e-12       3.364115365826e-13      -1.470468117665e-15 
  194       7.420763690798e-10       9.532032402259e-14      -3.036152049164e-12       1.693429540258e-15       1.567587145618e-12       3.323538050394e-13      -1.421447454928e-15 
  195       7.441771626239e-10       9.465419151715e-14      -2.884474203065e-12       1.713025694562e-15       1.543450893297e-12       3.283180673804e-13      -1.371892192850e-15 
  196       7.462026266465e-10       9.407465595043e-14      -2.729589283450e-12       1.732735205668e-15       1.519778067831e-12       3.243059319097e-13      -1.321855306130e-15 
  197       7.481521601692e-10       9.358615487476e-14      -2.571539784797e-12       1.752556659297e-15       1.496566089135e-12       3.203189711138e-13      -1.271391677253e-15 
  198       7.500251738638e-10       9.319320898465e-14      -2.410370734031e-12       1.772488588784e-15       1.473811403748e-12       3.163587205709e-13      -1.220558117871e-15 
  199       7.518210902022e-10       9.290042271380e-14      -2.246129720986e-12       1.792529474491e-15       1.451509467811e-12       3.124266778605e-13      -1.169413390170e-15 
  200       7.535393436064e-10       9.271248483216e-14      -2.078866928869e-12       1.812677743227e-15       1.429654730034e-12       3.085243014735e-13      -1.118018228249e-15 
  201       7.551793805983e-10       9.263416904290e-14      -1.908635164718e-12       1.832931767664e-15       1.408240614673e-12       3.046530097213e-13      -1.066435359494e-15 
  202       7.567406599497e-10       9.267033457946e-14      -1.735489889863e-12       1.853289865758e-15       1.387259504501e-12       3.008141796462e-13      -1.014729525950e-15 
  203       7.582226528326e-10       9.282592680258e-14      -1.559489250390e-12       1.873750300157e-15       1.366702723784e-12       2.970091459303e-13      -9.629675056995e-16 
  204       7.596248429684e-10       9.310597779728e-14      -1.380694107604e-12       1.894311277630e-15       1.346560521249e-12       2.932391998058e-13      -9.112181342342e-16 
  205       7.609467267786e-10       9.351560696993e-14      -1.199168068485e-12       1.914970948475e-15       1.326822053061e-12       2.895055879642e-13      -8.595523258300e-16 
  206       7.621878135343e-10       9.406002164525e-14      -1.014977516152e-12       1.935727405938e-15       1.307475365796e-12       2.858095114664e-13      -8.080430949216e-16 
  207       7.633476255065e-10       9.474451766333e-14      -8.281916403259e-13       1.956578685635e-15       1.288507379409e-12       2.821521246521e-13      -7.567655774775e-16 
  208       7.644256981154e-10       9.557447997664e-14      -6.388824677897e-13       1.977522764962e-15       1.269903870215e-12       2.785345340495e-13      -7.057970523738e-16 
  209       7.654215800811e-10       9.655538324709e-14      -4.471248928495e-13       1.998557562519e-15       1.251649453855e-12       2.749577972850e-13      -6.552169627693e-16 
  210       7.663348335733e-10       9.769279244299e-14      -2.529967077960e-13       2.019680937520e-15       1.233727568273e-12       2.714229219930e-13      -6.051069374796e-16 
  211       7.671650343609e-10       9.899236343615e-14      -5.657863336653e-14       2.040890689217e-15       1.216120456687e-12       2.679308647253e-13      -5.555508123516e-16 
  212       7.679117719624e-10       1.004598435988e-13       1.420456507941e-13       2.062184556312e-15       1.198809150563e-12       2.644825298612e-13      -5.066346516385e-16 
  213       7.685746879078e-10       1.021007415125e-13       3.427938026183e-13       2.083560289087e-15       1.181777172308e-12       2.610787170599e-13      -4.584311084577e-16 
  214       7.691535930878e-10       1.039193100447e-13       5.455980930222e-13       2.105015872397e-15       1.165021956816e-12       2.577199619346e-13      -4.109512870114e-16 
  215       7.696483586229e-10       1.059194957219e-13       7.503929685315e-13       2.126549316617e-15       1.148544168668e-12       2.544066825076e-13      -3.641896694433e-16 
  216       7.700588787117e-10       1.081052631728e-13       9.571107859529e-13       2.148158585894e-15       1.132344044539e-12       2.511392284814e-13      -3.181394648597e-16 
  217       7.703850708815e-10       1.104805948552e-13       1.165681793304e-12       2.169841597757e-15       1.116421385969e-12       2.479178800132e-13      -2.727925894749e-16 
  218       7.706268762384e-10       1.130494907810e-13       1.376034110743e-12       2.191596222727e-15       1.100775552121e-12       2.447428464890e-13      -2.281396467562e-16 
  219       7.707842597179e-10       1.158159682427e-13       1.588093711497e-12       2.213420283920e-15       1.085405452555e-12       2.416142652978e-13      -1.841699075695e-16 
  220       7.708572103348e-10       1.187840615390e-13       1.801784402795e-12       2.235311556664e-15       1.070309539986e-12       2.385322006058e-13      -1.408712903246e-16 
  221       7.708457414337e-10       1.219578217010e-13       2.017027806795e-12       2.257267768102e-15       1.055485803054e-12       2.354966421306e-13      -9.823034111992e-17 
  222       7.707498909393e-10       1.253413162179e-13       2.233743341515e-12       2.279286596799e-15       1.040931759091e-12       2.325075039156e-13      -5.623221388868e-17 
  223       7.705697216063e-10       1.289386287628e-13       2.451848201762e-12       2.301365672357e-15       1.026644446880e-12       2.295646231038e-13      -1.486065054351e-17 
  224       7.703053212704e-10       1.327538589191e-13       2.671257340062e-12       2.323502575017e-15       1.012620419427e-12       2.266677587126e-13       2.590203887793e-17 
  225       7.699568030981e-10       1.367911219059e-13       2.891883447590e-12       2.345694835271e-15       9.988557367249e-13       2.238165904072e-13       6.607499606778e-17 
  226       7.695243058367e-10       1.410545483044e-13       3.113636935102e-12       2.367939933471e-15       9.853459585176e-13       2.210107172758e-13       1.056788343026e-16 
  227       7.690079940654e-10       1.455482837831e-13       3.336425913860e-12       2.390235299435e-15       9.720861370665e-13       2.182496566028e-13       1.447356582983e-16 
  228       7.684080584449e-10       1.502764888247e-13       3.560156176564e-12       2.412578312058e-15       9.590708099166e-13       2.155328426438e-13       1.832690840644e-16 
  229       7.677247159680e-10       1.552433384512e-13       3.784731178286e-12       2.434966298919e-15       9.462939926611e-13       2.128596253995e-13       2.213042587591e-16 
  230       7.669582102096e-10       1.604530219501e-13       4.010052017392e-12       2.457396535889e-15       9.337491717079e-13       2.102292693897e-13       2.588678805441e-16 
  231       7.661088115774e-10       1.659097426004e-13       4.236017416477e-12       2.479866246743e-15       9.214292970447e-13       2.076409524279e-13       2.959882184389e-16 
  232       7.651768175619e-10       1.716177173985e-13       4.462523703294e-12       2.502372602764e-15       9.093267750047e-13       2.050937643953e-13       3.326951321756e-16 
  233       7.641625529866e-10       1.775811767841e-13       4.689464791684e-12       2.524912722355e-15       8.974334610320e-13       2.025867060149e-13       3.690200920540e-16 
  234       7.630663702585e-10       1.838043643659e-13       4.916732162504e-12       2.547483670645e-15       8.857406524477e-13       2.001186876261e-13       4.049961987959e-16 
  235       7.618886496185e-10       1.902915366479e-13       5.144214844558e-12       2.570082459100e-15       8.742390812150e-13       1.976885279584e-13       4.406582033997e-16 
  236       7.606297993911e-10       1.970469627550e-13       5.371799395528e-12       2.592706045129e-15       8.629189067051e-13       1.952949529059e-13       4.760425269957e-16 
  237       7.592902562354e-10       2.040749241591e-13       5.599369882900e-12       2.615351331697e-15       8.517697084624e-13       1.929365943017e-13       5.111872807001e-16 
  238       7.578704800564e-10       2.113793236624e-13       5.826814515359e-12       2.638015323100e-15       8.407824916546e-13       1.906122172650e-13       5.461237576336e-16 
  239       7.563709378806e-10       2.189624866265e-13       6.054046022180e-12       2.660695603603e-15       8.299558531968e-13       1.883214200619e-13       5.808502959652e-16 
  240       7.547921194895e-10       2.268262865862e-13       6.280982471502e-12       2.683389887041e-15       8.192901751617e-13       1.860639742676e-13       6.153568709072e-16 
  241       7.531345429070e-10       2.349725283676e-13       6.507540725903e-12       2.706095863197e-15       8.087856427218e-13       1.838395992668e-13       6.496334819899e-16 
  242       7.513987546393e-10       2.434029469894e-13       6.733636437357e-12       2.728811197737e-15       7.984422411611e-13       1.816479615102e-13       6.836701549263e-16 
  243       7.495853299137e-10       2.521192065653e-13       6.959184042195e-12       2.751533532148e-15       7.882597528864e-13       1.794886737706e-13       7.174569434762e-16 
  244       7.476948729170e-10       2.611228992049e-13       7.184096756062e-12       2.774260483679e-15       7.782377544391e-13       1.773612943999e-13       7.509839313099e-16 
  245       7.457280170357e-10       2.704155439153e-13       7.408286568881e-12       2.796989645272e-15       7.683756135068e-13       1.752653265848e-13       7.842412338727e-16 
  246       7.436854250937e-10       2.799985855031e-13       7.631664239811e-12       2.819718585510e-15       7.586724859349e-13       1.732002176040e-13       8.172190002488e-16 
  247       7.415677895924e-10       2.898733934760e-13       7.854139292205e-12       2.842444848546e-15       7.491273127384e-13       1.711653580839e-13       8.499074150256e-16 
  248       7.393758329491e-10       3.000412609438e-13       8.075620008573e-12       2.865165954047e-15       7.397388171129e-13       1.691600812555e-13       8.822967001577e-16 
  249       7.371103077364e-10       3.105034035208e-13       8.296013425539e-12       2.887879397129e-15       7.305055014471e-13       1.671836622105e-13       9.143771168311e-16 
  250       7.347719969207e-10       3.212609582265e-13       8.515225328803e-12       2.910582648294e-15       7.214256443335e-13       1.652353171578e-13       9.461389673273e-16 
  251       7.323617141018e-10       3.323149823881e-13       8.733160248099e-12       2.933273153373e-15       7.124972975810e-13       1.633142026803e-13       9.775725968873e-16 
  252       7.298803037516e-10       3.436664525416e-13       8.949721452156e-12       2.955948333459e-15       7.037182832255e-13       1.614194149906e-13       1.008668395576e-15 
  253       7.273286414532e-10       3.553162633334e-13       9.164810943658e-12       2.978605584846e-15       6.950861905422e-13       1.595499891879e-13       1.039416800146e-15 
  254       7.247076341398e-10       3.672652264220e-13       9.378329454202e-12       3.001242278970e-15       6.865983730570e-13       1.577048985144e-13       1.069808295901e-15 
  255       7.220182203341e-10       3.795140693794e-13       9.590176439261e-12       3.023855762344e-15       6.782519455581e-13       1.558830536115e-13       1.099833418564e-15 
  256       7.192613703867e-10       3.920634345933e-13       9.800250073140e-12       3.046443356496e-15       6.700437811076e-13       1.540833017764e-13       1.129482756133e-15 
  257       7.164380867157e-10       4.049138781679e-13       1.000844724394e-11       3.069002357908e-15       6.619705080532e-13       1.523044262185e-13       1.158746950755e-15 
  258       7.135494040453e-10       4.180658688259e-13       1.021466354851e-11       3.091530037956e-15       6.540285070397e-13       1.505451453156e-13       1.187616700584e-15 
  259       7.105963896454e-10       4.315197868102e-13       1.041879328742e-11       3.114023642843e-15       6.462139080207e-13       1.488041118706e-13       1.216082761645e-15 
  260       7.075801435697e-10       4.452759227852e-13       1.062072945990e-11       3.136480393543e-15       6.385225872701e-13       1.470799123677e-13       1.244135949702e-15 
  261       7.045017988956e-10       4.593344767386e-13       1.082036375884e-11       3.158897485733e-15       6.309501643940e-13       1.453710662290e-13       1.271767142119e-15 
  262       7.013625219627e-10       4.736955568831e-13       1.101758656569e-11       3.181272089736e-15       6.234919993419e-13       1.436760250708e-13       1.298967279723e-15 
  263       6.981635126121e-10       4.883591785575e-13       1.121228694547e-11       3.203601350456e-15       6.161431894185e-13       1.419931719599e-13       1.325727368674e-15 
  264       6.949060044254e-10       5.033252631290e-13       1.140435264171e-11       3.225882387318e-15       6.088985662956e-13       1.403208206703e-13       1.352038482321e-15 
  265       6.915912649633e-10       5.185936368943e-13       1.159367007142e-11       3.248112294204e-15       6.017526930231e-13       1.386572149393e-13       1.377891763073e-15 
  266       6.882205367064e-10       5.341637767884e-13       1.178013222946e-11       3.270288350164e-15       5.947008951510e-13       1.370009091360e-13       1.403280085018e-15 
  267       6.847948558313e-10       5.500340344790e-13       1.196366288764e-11       3.292408664347e-15       5.877424222721e-13       1.353519346943e-13       1.428203137952e-15 
  268       6.813152240580e-10       5.662023680014e-13       1.214419369987e-11       3.314471565971e-15       5.808774523443e-13       1.337106955734e-13       1.452662623053e-15 
  269       6.777826672016e-10       5.826665896389e-13       1.232165641939e-11       3.336475396994e-15       5.741060718028e-13       1.320775924498e-13       1.476660621627e-15 
  270       6.741982353106e-10       5.994243643971e-13       1.249598290702e-11       3.358418512414e-15       5.674282743189e-13       1.304530226185e-13       1.500199599779e-15 
  271       6.705630028058e-10       6.164732084772e-13       1.266710513954e-11       3.380299280559e-15       5.608439595591e-13       1.288373798936e-13       1.523282413080e-15 
  272       6.668780686194e-10       6.338104877499e-13       1.283495521795e-11       3.402116083380e-15       5.543529319439e-13       1.272310545092e-13       1.545912311242e-15 
  273       6.631445563334e-10       6.514334162295e-13       1.299946537589e-11       3.423867316750e-15       5.479548994062e-13       1.256344330206e-13       1.568092942782e-15 
  274       6.593636143188e-10       6.693390545474e-13       1.316056798786e-11       3.445551390755e-15       5.416494721509e-13       1.240478982046e-13       1.589828359698e-15 
  275       6.555364158744e-10       6.875243084258e-13       1.331819557762e-11       3.467166729986e-15       5.354361614132e-13       1.224718289606e-13       1.611123022136e-15 
  276       6.516641593651e-10       7.059859271519e-13       1.347228082646e-11       3.488711773840e-15       5.293143782178e-13       1.209066002117e-13       1.631981803063e-15 
  277       6.477480683617e-10       7.247205020514e-13       1.362275658158e-11       3.510184976805e-15       5.232834321375e-13       1.193525828051e-13       1.652409992931e-15 
  278       6.437893917787e-10       7.437244649624e-13       1.376955586435e-11       3.531584808762e-15       5.173425300523e-13       1.178101434134e-13       1.672413304354e-15 
  279       6.397894040138e-10       7.629940867089e-13       1.391261187868e-11       3.552909755275e-15       5.114907749079e-13       1.162796444350e-13       1.691997876776e-15 
  280       6.357494050866e-10       7.825254755753e-13       1.405185801935e-11       3.574158317888e-15       5.057271644752e-13       1.147614438954e-13       1.711170281139e-15 
  281       6.316707207771e-10       8.023145757794e-13       1.418722788027e-11       3.595329014414e-15       5.000505901085e-13       1.132558953477e-13       1.729937524555e-15 
  282       6.275547027651e-10       8.223571659468e-13       1.431865526289e-11       3.616420379235e-15       4.944598355048e-13       1.117633477738e-13       1.748307054976e-15 
  283       6.234027287684e-10       8.426488575842e-13       1.444607418445e-11       3.637430963594e-15       4.889535754622e-13       1.102841454847e-13       1.766286765866e-15 
  284       6.192162026822e-10       8.631850935537e-13       1.456941888635e-11       3.658359335887e-15       4.835303746394e-13       1.088186280220e-13       1.783885000866e-15 
  285       6.149965547175e-10       8.839611465462e-13       1.468862384245e-11       3.679204081959e-15       4.781886863142e-13       1.073671300583e-13       1.801110558471e-15 
  286       6.107452415402e-10       9.049721175553e-13       1.480362376742e-11       3.699963805401e-15       4.729268511421e-13       1.059299812985e-13       1.817972696692e-15 
  287       6.064637464096e-10       9.262129343514e-13       1.491435362502e-11       3.720637127836e-15       4.677430959157e-13       1.045075063799e-13       1.834481137736e-15 
  288       6.021535793178e-10       9.476783499549e-13       1.502074863647e-11       3.741222689224e-15       4.626355323233e-13       1.031000247739e-13       1.850646072667e-15 
  289       5.978162771279e-10       9.693629411107e-13       1.512274428874e-11       3.761719148147e-15       4.576021557078e-13       1.017078506863e-13       1.866478166081e-15 
  290       5.934534037132e-10       9.912611067612e-13       1.522027634290e-11       3.782125182107e-15       4.526408438253e-13       1.003312929584e-13       1.881988560778e-15 
  291       5.890665500959e-10       1.013367066521e-12       1.531328084242e-11       3.802439487821e-15       4.477493556044e-13       9.897065496777e-14       1.897188882425e-15 
  292       5.846573345860e-10       1.035674859150e-12       1.540169412151e-11       3.822660781513e-15       4.429253299049e-13       9.762623452907e-14       1.912091244234e-15 
  293       5.802274029201e-10       1.058178341027e-12       1.548545281344e-11       3.842787799209e-15       4.381662842766e-13       9.629832379498e-14       1.926708251627e-15 
  294       5.757784284001e-10       1.080871184625e-12       1.556449385885e-11       3.862819297032e-15       4.334696137180e-13       9.498720915704e-14       1.941053006908e-15 
  295       5.713121120324e-10       1.103746876983e-12       1.563875451409e-11       3.882754051495e-15       4.288325894356e-13       9.369317114647e-14       1.955139113935e-15 
  296       5.668301826661e-10       1.126798718180e-12       1.570817235956e-11       3.902590859794e-15       4.242523576025e-13       9.241648433504e-14       1.968980682785e-15 
  297       5.623342912597e-10       1.150020004567e-12       1.577269172766e-11       3.922328703858e-15       4.197264760715e-13       9.115736259540e-14       1.982589220279e-15 
  298       5.578256876976e-10       1.173404591452e-12       1.583228331602e-11       3.941967250726e-15       4.152545559790e-13       8.991579213668e-14       1.995964124426e-15 
  299       5.533055285012e-10       1.196946354843e-12       1.588692554590e-11       3.961506377114e-15       4.108366976842e-13       8.869169014239e-14       2.009101736058e-15 
  300       5.487749812789e-10       1.220639007896e-12       1.593659824562e-11       3.980946008377e-15       4.064729595114e-13       8.748495850549e-14       2.021998411706e-15 
  301       5.442352247209e-10       1.244476099637e-12       1.598128266754e-11       4.000286119020e-15       4.021633572389e-13       8.629548365513e-14       2.034650524038e-15 
  302       5.396874485947e-10       1.268451013684e-12       1.602096150512e-11       4.019526733221e-15       3.979078635865e-13       8.512313638350e-14       2.047054462317e-15 
  303       5.351328537400e-10       1.292556966977e-12       1.605561890993e-11       4.038667925342e-15       3.937064077042e-13       8.396777167253e-14       2.059206632842e-15 
  304       5.305726520648e-10       1.316787008497e-12       1.608524050869e-11       4.057709820448e-15       3.895588746604e-13       8.282922852069e-14       2.071103459397e-15 
  305       5.260080665397e-10       1.341134017994e-12       1.610981342029e-11       4.076652594819e-15       3.854651049299e-13       8.170732976975e-14       2.082741383700e-15 
  306       5.214403311940e-10       1.365590704708e-12       1.612932627282e-11       4.095496476472e-15       3.814248938824e-13       8.060188193156e-14       2.094116865854e-15 
  307       5.168706911103e-10       1.390149606096e-12       1.614376922060e-11       4.114241745672e-15       3.774379912706e-13       7.951267501482e-14       2.105226384786e-15 
  308       5.123004024204e-10       1.414803086555e-12       1.615313396119e-11       4.132888735453e-15       3.735041007186e-13       7.843948235183e-14       2.116066438706e-15 
  309       5.077307323001e-10       1.439543336147e-12       1.615741375245e-11       4.151437832129e-15       3.696228792098e-13       7.738206042530e-14       2.126633545545e-15 
  310       5.031629589649e-10       1.464362369322e-12       1.615660342955e-11       4.169889475814e-15       3.657939365757e-13       7.634014869507e-14       2.136924243410e-15 
  311       4.985983716648e-10       1.489252023644e-12       1.615069942199e-11       4.188244160937e-15       3.620168349835e-13       7.531346942491e-14       2.146935091028e-15 
  312       4.940382706799e-10       1.514203958515e-12       1.613969977065e-11       4.206502436757e-15       3.582910884249e-13       7.430172750929e-14       2.156662668194e-15 
  313       4.894839673157e-10       1.539209653897e-12       1.612360414478e-11       4.224664907881e-15       3.546161622040e-13       7.330461030014e-14       2.166103576221e-15 
  314       4.849367838983e-10       1.564260409040e-12       1.610241385908e-11       4.242732234779e-15       3.509914724256e-13       7.232178743363e-14       2.175254438386e-15 
  315       4.803980537697e-10       1.589347341202e-12       1.607613189068e-11       4.260705134301e-15       3.474163854835e-13       7.135291065694e-14       2.184111900380e-15 
  316       4.758691212829e-10       1.614461384377e-12       1.604476289620e-11       4.278584380192e-15       3.438902175490e-13       7.039761365501e-14       2.192672630753e-15 
  317       4.713513417974e-10       1.639593288020e-12       1.600831322876e-11       4.296370803610e-15       3.404122340585e-13       6.945551187732e-14       2.200933321363e-15 
  318       4.668460816747e-10       1.664733615765e-12       1.596679095501e-11       4.314065293640e-15       3.369816492023e-13       6.852620236470e-14       2.208890687825e-15 
  319       4.623547182728e-10       1.689872744156e-12       1.592020587216e-11       4.331668797811e-15       3.335976254127e-13       6.760926357602e-14       2.216541469959e-15 
  320       4.578786399425e-10       1.715000861370e-12       1.586856952503e-11       4.349182322613e-15       3.302592728522e-13       6.670425521502e-14       2.223882432234e-15 
  321       4.534192460218e-10       1.740107965938e-12       1.581189522302e-11       4.366606934014e-15       3.269656489016e-13       6.581071805709e-14       2.230910364221e-15 
  322       4.489779468318e-10       1.765183865472e-12       1.575019805720e-11       4.383943757971e-15       3.237157576485e-13       6.492817377597e-14       2.237622081039e-15 
  323       4.445561636715e-10       1.790218175388e-12       1.568349491731e-11       4.401193980952e-15       3.205085493755e-13       6.405612477061e-14       2.244014423802e-15 
  324       4.401553288135e-10       1.815200317633e-12       1.561180450878e-11       4.418358850452e-15       3.173429200483e-13       6.319405399185e-14       2.250084260065e-15 
  325       4.357768854990e-10       1.840119519406e-12       1.553514736979e-11       4.435439675503e-15       3.142177108040e-13       6.234142476927e-14       2.255828484279e-15 
  326       4.314222879332e-10       1.864964811883e-12       1.545354588823e-11       4.452437827197e-15       3.111317074395e-13       6.149768063790e-14       2.261244018230e-15 
  327       4.270930012805e-10       1.889725028944e-12       1.536702431883e-11       4.469354739199e-15       3.080836398994e-13       6.066224516503e-14       2.266327811493e-15 
  328       4.227905016601e-10       1.914388805892e-12       1.527560880010e-11       4.486191908264e-15       3.050721817646e-13       5.983452177696e-14       2.271076841877e-15 
  329       4.185162761406e-10       1.938944578183e-12       1.517932737137e-11       4.502950894752e-15       3.020959497404e-13       5.901389358576e-14       2.275488115876e-15 
  330       4.142718227360e-10       1.963380580148e-12       1.507820998989e-11       4.519633323146e-15       2.991535031447e-13       5.819972321608e-14       2.279558669111e-15 
  331       4.100586504006e-10       1.987684843715e-12       1.497228854775e-11       4.536240882566e-15       2.962433433963e-13       5.739135263187e-14       2.283285566784e-15 
  332       4.058781626662e-10       2.011846081356e-12       1.486159714052e-11       4.552775268712e-15       2.933641938419e-13       5.658823743497e-14       2.286666739754e-15 
  333       4.017313029554e-10       2.035856380080e-12       1.474617285094e-11       4.569238005832e-15       2.905158537722e-13       5.579035658774e-14       2.289703532143e-15 
  334       3.976188937811e-10       2.059708622505e-12       1.462605503271e-11       4.585630617991e-15       2.876983806723e-13       5.499782023120e-14       2.292398265781e-15 
  335       3.935417515780e-10       2.083395612928e-12       1.450128507929e-11       4.601954687403e-15       2.849118130384e-13       5.421073679883e-14       2.294753415953e-15 
  336       3.895006865717e-10       2.106910077007e-12       1.437190644118e-11       4.618211854876e-15       2.821561701699e-13       5.342921298927e-14       2.296771612750e-15 
  337       3.854965026475e-10       2.130244661450e-12       1.423796464326e-11       4.634403820272e-15       2.794314519621e-13       5.265335373908e-14       2.298455642429e-15 
  338       3.815299972195e-10       2.153391933694e-12       1.409950730204e-11       4.650532342953e-15       2.767376386986e-13       5.188326219544e-14       2.299808448764e-15 
  339       3.776019610995e-10       2.176344381591e-12       1.395658414299e-11       4.666599242237e-15       2.740746908440e-13       5.111903968891e-14       2.300833134403e-15 
  340       3.737131783662e-10       2.199094413092e-12       1.380924701784e-11       4.682606397851e-15       2.714425488362e-13       5.036078570612e-14       2.301532962222e-15 
  341       3.698644262339e-10       2.221634355931e-12       1.365754992190e-11       4.698555750381e-15       2.688411328793e-13       4.960859786255e-14       2.301911356680e-15 
  342       3.660564749217e-10       2.243956457312e-12       1.350154901130e-11       4.714449301730e-15       2.662703427357e-13       4.886257187520e-14       2.301971905175e-15 
  343       3.622900875222e-10       2.266052883586e-12       1.334130262036e-11       4.730289115562e-15       2.637300575188e-13       4.812280153538e-14       2.301718359396e-15 
  344       3.585660198710e-10       2.287915719941e-12       1.317687127884e-11       4.746077317762e-15       2.612201354857e-13       4.738937868138e-14       2.301154636682e-15 
  345       3.548850204151e-10       2.309536970085e-12       1.300831772927e-11       4.761816096885e-15       2.587404138296e-13       4.666239317123e-14       2.300284821372e-15 
  346       3.512478300822e-10       2.330908555929e-12       1.283570694425e-11       4.777507704611e-15       2.562907084720e-13       4.594193285544e-14       2.299113166165e-15 
  347       3.476551821497e-10       2.352022317271e-12       1.265910614373e-11       4.793154456196e-15       2.538708138560e-13       4.522808354970e-14       2.297644093472e-15 
  348       3.441078021136e-10       2.372870011480e-12       1.247858481232e-11       4.808758730922e-15       2.514805027381e-13       4.452092900762e-14       2.295882196770e-15 
  349       3.406064075575e-10       2.393443313181e-12       1.229421471662e-11       4.824322972555e-15       2.491195259809e-13       4.382055089347e-14       2.293832241959e-15 
  350       3.371517080214e-10       2.413733813940e-12       1.210606992246e-11       4.839849689795e-15       2.467876123461e-13       4.312702875489e-14       2.291499168717e-15 
  351       3.337444048711e-10       2.433733021943e-12       1.191422681226e-11       4.855341456727e-15       2.444844682863e-13       4.244043999563e-14       2.288888091851e-15 
  352       3.303851911669e-10       2.453432361687e-12       1.171876410230e-11       4.870800913276e-15       2.422097777380e-13       4.176085984829e-14       2.286004302659e-15 
  353       3.270747515325e-10       2.472823173659e-12       1.151976286002e-11       4.886230765658e-15       2.399632019141e-13       4.108836134701e-14       2.282853270279e-15 
  354       3.238137620243e-10       2.491896714022e-12       1.131730652135e-11       4.901633786835e-15       2.377443790964e-13       4.042301530024e-14       2.279440643043e-15 
  355       3.206028900000e-10       2.510644154299e-12       1.111148090796e-11       4.917012816963e-15       2.355529244278e-13       3.976489026346e-14       2.275772249838e-15 
  356       3.174427939880e-10       2.529056581057e-12       1.090237424461e-11       4.932370763850e-15       2.333884297054e-13       3.911405251188e-14       2.271854101457e-15 
  357       3.143341235560e-10       2.547124995591e-12       1.069007717642e-11       4.947710603404e-15       2.312504631725e-13       3.847056601321e-14       2.267692391952e-15 
  358       3.112775191801e-10       2.564840313606e-12       1.047468278620e-11       4.963035380090e-15       2.291385693117e-13       3.783449240036e-14       2.263293499994e-15 
  359       3.082736121140e-10       2.582193364905e-12       1.025628661170e-11       4.978348207378e-15       2.270522686366e-13       3.720589094417e-14       2.258663990222e-15 
  360       3.053230242578e-10       2.599174893070e-12       1.003498666297e-11       4.993652268198e-15       2.249910574853e-13       3.658481852615e-14       2.253810614605e-15 
  361       3.024263680268e-10       2.615775555149e-12       9.810883439634e-12       5.008950815394e-15       2.229544078122e-13       3.597132961122e-14       2.248740313789e-15 
  362       2.995842462210e-10       2.631985921334e-12       9.584079948168e-12       5.024247172172e-15       2.209417669808e-13       3.536547622041e-14       2.243460218457e-15 
  363       2.967972518934e-10       2.647796474654e-12       9.354681719244e-12       5.039544732560e-15       2.189525575564e-13       3.476730790360e-14       2.237977650683e-15 
  364       2.940659682197e-10       2.663197610650e-12       9.122796825003e-12       5.054846961852e-15       2.169861770981e-13       3.417687171226e-14       2.232300125286e-15 
  365       2.913909683666e-10       2.678179637066e-12       8.888535896363e-12       5.070157397066e-15       2.150419979520e-13       3.359421217216e-14       2.226435351187e-15 
  366       2.887728153615e-10       2.692732773529e-12       8.652012140322e-12       5.085479647395e-15       2.131193670433e-13       3.301937125611e-14       2.220391232759e-15 
  367       2.862120619606e-10       2.706847151235e-12       8.413341357253e-12       5.100817394662e-15       2.112176056687e-13       3.245238835669e-14       2.214175871189e-15 
  368       2.837092505190e-10       2.720512812631e-12       8.172641958213e-12       5.116174393767e-15       2.093360092896e-13       3.189330025899e-14       2.207797565825e-15 
  369       2.812649128584e-10       2.733719711102e-12       7.930034982235e-12       5.131554473146e-15       2.074738473239e-13       3.134214111328e-14       2.201264815538e-15 
  370       2.788795701373e-10       2.746457710653e-12       7.685644113636e-12       5.146961535219e-15       2.056303629387e-13       3.079894240784e-14       2.194586320072e-15 
  371       2.765536744566e-10       2.758717854989e-12       7.439586713612e-12       5.162399198989e-15       2.038049104999e-13       3.026372344223e-14       2.187769622314e-15 
  372       2.742874314280e-10       2.770496230134e-12       7.191946492905e-12       5.177869711498e-15       2.019973742704e-13       2.973646239230e-14       2.180816973767e-15 
  373       2.720809704114e-10       2.781790252226e-12       6.942799804537e-12       5.193374994693e-15       2.002077656764e-13       2.921712406037e-14       2.173729310067e-15 
  374       2.699344019698e-10       2.792597412537e-12       6.692224542503e-12       5.208916999584e-15       1.984360870411e-13       2.870566923700e-14       2.166507595652e-15 
  375       2.678478176878e-10       2.802915278266e-12       6.440300151260e-12       5.224497706382e-15       1.966823314970e-13       2.820205466552e-14       2.159152823934e-15 
  376       2.658212899898e-10       2.812741493322e-12       6.187107635219e-12       5.240119124643e-15       1.949464828980e-13       2.770623300648e-14       2.151666017473e-15 
  377       2.638548719586e-10       2.822073779116e-12       5.932729568227e-12       5.255783293407e-15       1.932285157317e-13       2.721815280209e-14       2.144048228147e-15 
  378       2.619485971533e-10       2.830909935345e-12       5.677250103060e-12       5.271492281342e-15       1.915283950315e-13       2.673775844074e-14       2.136300537331e-15 
  379       2.601024794280e-10       2.839247840780e-12       5.420754980906e-12       5.287248186885e-15       1.898460762891e-13       2.626499012141e-14       2.128424056065e-15 
  380       2.583165127501e-10       2.847085454057e-12       5.163331540859e-12       5.303053138380e-15       1.881815053664e-13       2.579978381821e-14       2.120419925229e-15 
  381       2.565906710182e-10       2.854420814463e-12       4.905068729400e-12       5.318909294224e-15       1.865346184080e-13       2.534207124477e-14       2.112289315716e-15 
  382       2.549249078810e-10       2.861252042722e-12       4.646057109889e-12       5.334818843006e-15       1.849053417531e-13       2.489177981877e-14       2.104033428606e-15 
  383       2.533191565554e-10       2.867577341786e-12       4.386388872052e-12       5.350784003650e-15       1.832935918479e-13       2.444883262640e-14       2.095653495339e-15 
  384       2.517733296445e-10       2.873394997619e-12       4.126157841468e-12       5.366807025553e-15       1.816992751581e-13       2.401314838679e-14       2.087150777886e-15 
  385       2.502873189564e-10       2.878703379990e-12       3.865459489059e-12       5.382890188732e-15       1.801222880806e-13       2.358464141652e-14       2.078526568926e-15 
  386       2.488609953225e-10       2.883500943254e-12       3.604390940574e-12       5.399035803959e-15       1.785625168559e-13       2.316322159408e-14       2.069782192015e-15 
  387       2.474942084152e-10       2.887786227147e-12       3.343050986082e-12       5.415246212908e-15       1.770198374807e-13       2.274879432433e-14       2.060919001763e-15 
  388       2.461867865672e-10       2.891557857568e-12       3.081540089453e-12       5.431523788293e-15       1.754941156194e-13       2.234126050296e-14       2.051938384004e-15 
  389       2.449385365889e-10       2.894814547370e-12       2.819960397854e-12       5.447870934012e-15       1.739852065170e-13       2.194051648100e-14       2.042841755971e-15 
  390       2.437492435874e-10       2.897555097146e-12       2.558415751229e-12       5.464290085284e-15       1.724929549110e-13       2.154645402923e-14       2.033630566470e-15 
  391       2.426186707844e-10       2.899778396018e-12       2.297011691794e-12       5.480783708797e-15       1.710171949437e-13       2.115896030272e-14       2.024306296049e-15 
  392       2.415465593349e-10       2.901483422425e-12       2.035855473518e-12       5.497354302844e-15       1.695577500741e-13       2.077791780523e-14       2.014870457178e-15 
  393       2.405326281450e-10       2.902669244908e-12       1.775056071615e-12       5.514004397466e-15       1.681144329908e-13       2.040320435371e-14       2.005324594414e-15 
  394       2.395765736908e-10       2.903335022903e-12       1.514724192032e-12       5.530736554595e-15       1.666870455236e-13       2.003469304278e-14       1.995670284582e-15 
  395       2.386780698362e-10       2.903480007523e-12       1.254972280935e-12       5.547553368192e-15       1.652753785560e-13       1.967225220918e-14       1.985909136943e-15 
  396       2.378367676519e-10       2.903103542349e-12       9.959145341977e-13       5.564457464394e-15       1.638792119374e-13       1.931574539625e-14       1.976042793368e-15 
  397       2.370522952328e-10       2.902205064218e-12       7.376669068879e-13       5.581451501648e-15       1.624983143951e-13       1.896503131840e-14       1.966072928513e-15 
  398       2.363242575172e-10       2.900784104010e-12       4.803471227582e-13       5.598538170861e-15       1.611324434470e-13       1.861996382557e-14       1.956001249992e-15 
  399       2.356522361046e-10       2.898840287435e-12       2.240746837315e-13       5.615720195532e-15       1.597813453133e-13       1.828039186769e-14       1.945829498547e-15 
  400       2.350357890743e-10       2.896373335821e-12      -3.102912061035e-14       5.633000331902e-15       1.584447548290e-13       1.794615945919e-14       1.935559448226e-15 
  401       2.344744508034e-10       2.893383066904e-12      -2.848412035388e-13       5.650381369091e-15       1.571223953562e-13       1.761710564341e-14       1.925192906551e-15 
  402       2.339677317856e-10       2.889869395613e-12      -5.372366716910e-13       5.667866129239e-15       1.558139786960e-13       1.729306445714e-14       1.914731714695e-15 
  403       2.335151184489e-10       2.885832334859e-12      -7.880888155817e-13       5.685457467650e-15       1.545192050010e-13       1.697386489501e-14       1.904177747656e-15 
  404       2.331160729748e-10       2.881271996322e-12      -1.037269100115e-12       5.703158272932e-15       1.532377626874e-13       1.665933087403e-14       1.893532914424e-15 
  405       2.327700331155e-10       2.876188591241e-12      -1.284647155099e-12       5.720971467136e-15       1.519693283473e-13       1.634928119801e-14       1.882799158161e-15 
  406       2.324764120134e-10       2.870582431198e-12      -1.530090765753e-12       5.738900005904e-15       1.507135666608e-13       1.604352952206e-14       1.871978456372e-15 
  407       2.322345980184e-10       2.864453928910e-12      -1.773465863224e-12       5.756946878603e-15       1.494701303083e-13       1.574188431703e-14       1.861072821076e-15 
  408       2.320439545070e-10       2.857803599013e-12      -2.014636515100e-12       5.775115108473e-15       1.482386598828e-13       1.544414883400e-14       1.850084298982e-15 
  409       2.319038197001e-10       2.850632058853e-12      -2.253464915916e-12       5.793407752762e-15       1.470187838020e-13       1.515012106877e-14       1.839014971659e-15 
  410       2.318135510302e-10       2.842940706384e-12      -2.489825537333e-12       5.811827452911e-15       1.458101834745e-13       1.485963076007e-14       1.827866746687e-15 
  411       2.317726603430e-10       2.834733778722e-12      -2.723648150205e-12       5.830375067255e-15       1.446127915207e-13       1.457265190072e-14       1.816640722580e-15 
  412       2.317806831279e-10       2.826016368049e-12      -2.954876307643e-12       5.849050990168e-15       1.434266004006e-13       1.428919414165e-14       1.805337801710e-15 
  413       2.318371342515e-10       2.816793752355e-12      -3.183453323594e-12       5.867855597478e-15       1.422515977519e-13       1.400926610898e-14       1.793958897323e-15 
  414       2.319415078085e-10       2.807071396705e-12      -3.409322273431e-12       5.886789246280e-15       1.410877663495e-13       1.373287539479e-14       1.782504933562e-15 
  415       2.320932769714e-10       2.796854954512e-12      -3.632425994552e-12       5.905852274763e-15       1.399350840635e-13       1.346002854803e-14       1.770976845496e-15 
  416       2.322918938406e-10       2.786150268804e-12      -3.852707086975e-12       5.925045002030e-15       1.387935238187e-13       1.319073106533e-14       1.759375579139e-15 
  417       2.325367892943e-10       2.774963373495e-12      -4.070107913930e-12       5.944367727916e-15       1.376630535524e-13       1.292498738182e-14       1.747702091481e-15 
  418       2.328273728390e-10       2.763300494657e-12      -4.284570602462e-12       5.963820732813e-15       1.365436361738e-13       1.266280086203e-14       1.735957350503e-15 
  419       2.331630324589e-10       2.751168051786e-12      -4.496037044020e-12       5.983404277488e-15       1.354352295221e-13       1.240417379067e-14       1.724142335211e-15 
  420       2.335431344664e-10       2.738572659076e-12      -4.704448895054e-12       6.003118602906e-15       1.343377863259e-13       1.214910736352e-14       1.712258035654e-15 
  421       2.339670233522e-10       2.725521126686e-12      -4.909747577616e-12       6.022963930048e-15       1.332512541611e-13       1.189760167824e-14       1.700305452950e-15 
  422       2.344340216350e-10       2.712020462011e-12      -5.111874279945e-12       6.042940459738e-15       1.321755754101e-13       1.164965572522e-14       1.688285599313e-15 
  423       2.349434297119e-10       2.698077870953e-12      -5.310769957074e-12       6.063048372456e-15       1.311106872205e-13       1.140526737845e-14       1.676199498070e-15 
  424       2.354945257080e-10       2.683700759189e-12      -5.506375331417e-12       6.083287828165e-15       1.300565214635e-13       1.116443338629e-14       1.664048183696e-15 
  425       2.360865653270e-10       2.668896733443e-12      -5.698630893371e-12       6.103658966131e-15       1.290130046927e-13       1.092714936241e-14       1.651832701829e-15 
  426       2.367187817010e-10       2.653673602754e-12      -5.887476901905e-12       6.124161904742e-15       1.279800581029e-13       1.069340977654e-14       1.639554109297e-15 
  427       2.373903852403e-10       2.638039379747e-12      -6.072853385163e-12       6.144796741330e-15       1.269575974889e-13       1.046320794538e-14       1.627213474148e-15 
  428       2.381005634839e-10       2.622002281903e-12      -6.254700141053e-12       6.165563551994e-15       1.259455332036e-13       1.023653602340e-14       1.614811875663e-15 
  429       2.388484809491e-10       2.605570732830e-12      -6.432956737847e-12       6.186462391416e-15       1.249437701174e-13       1.001338499369e-14       1.602350404392e-15 
  430       2.396332789821e-10       2.588753363529e-12      -6.607562514775e-12       6.207493292688e-15       1.239522075766e-13       9.793744658823e-15       1.589830162171e-15 
  431       2.404540756075e-10       2.571559013669e-12      -6.778456582619e-12       6.228656267129e-15       1.229707393618e-13       9.577603631672e-15       1.577252262149e-15 
  432       2.413099653785e-10       2.553996732854e-12      -6.945577824312e-12       6.249951304107e-15       1.219992536471e-13       9.364949326260e-15       1.564617828810e-15 
  433       2.422000192273e-10       2.536075781895e-12      -7.108864895532e-12       6.271378370861e-15       1.210376329586e-13       9.155767948605e-15       1.551927998002e-15 
  434       2.431232843147e-10       2.517805634075e-12      -7.268256225296e-12       6.292937412321e-15       1.200857541328e-13       8.950044487557e-15       1.539183916956e-15 
  435       2.440787838802e-10       2.499195976427e-12      -7.423690016559e-12       6.314628350928e-15       1.191434882757e-13       8.747762705646e-15       1.526386744313e-15 
  436       2.450655170924e-10       2.480256710996e-12      -7.575104246806e-12       6.336451086458e-15       1.182107007213e-13       8.548905129916e-15       1.513537650150e-15 
  437       2.460824588987e-10       2.460997956115e-12      -7.722436668650e-12       6.358405495841e-15       1.172872509903e-13       8.353453042771e-15       1.500637816000e-15 
  438       2.471285598756e-10       2.441430047671e-12      -7.865624810427e-12       6.380491432981e-15       1.163729927488e-13       8.161386472818e-15       1.487688434881e-15 
  439       2.482027460783e-10       2.421563540376e-12      -8.004605976793e-12       6.402708728579e-15       1.154677737670e-13       7.972684185706e-15       1.474690711315e-15 
  440       2.493039188915e-10       2.401409209040e-12      -8.139317249314e-12       6.425057189953e-15       1.145714358779e-13       7.787323674968e-15       1.461645861357e-15 
  441       2.504309548787e-10       2.380978049835e-12      -8.269695487071e-12       6.447536600859e-15       1.136838149358e-13       7.605281152866e-15       1.448555112618e-15 
  442       2.515827056327e-10       2.360281281571e-12      -8.395677327246e-12       6.470146721315e-15       1.128047407754e-13       7.426531541227e-15       1.435419704289e-15 
  443       2.527579976253e-10       2.339330346962e-12      -8.517199185724e-12       6.492887287414e-15       1.119340371701e-13       7.251048462290e-15       1.422240887164e-15 
  444       2.539556320580e-10       2.318136913898e-12      -8.634197257687e-12       6.515758011156e-15       1.110715217908e-13       7.078804229546e-15       1.409019923666e-15 
  445       2.551743847111e-10       2.296712876712e-12      -8.746607518209e-12       6.538758580258e-15       1.102170061648e-13       6.909769838579e-15       1.395758087872e-15 
  446       2.564130057946e-10       2.275070357454e-12      -8.854365722850e-12       6.561888657985e-15       1.093702956341e-13       6.743914957908e-15       1.382456665535e-15 
  447       2.576702197978e-10       2.253221707161e-12      -8.957407408255e-12       6.585147882963e-15       1.085311893146e-13       6.581207919829e-15       1.369116954110e-15 
  448       2.589447253395e-10       2.231179507121e-12      -9.055667892749e-12       6.608535869005e-15       1.076994800541e-13       6.421615711257e-15       1.355740262777e-15 
  449       2.602353180811e-10       2.208956060863e-12      -9.149093720174e-12       6.632051974597e-15       1.068749896900e-13       6.265106654559e-15       1.342327877606e-15 
  450       2.615412641517e-10       2.186561849415e-12      -9.237677398000e-12       6.655694603515e-15       1.060576761612e-13       6.111658564217e-15       1.328880955748e-15 
  451       2.628619385161e-10       2.164007028541e-12      -9.321423784855e-12       6.679461881218e-15       1.052475297816e-13       5.961250836175e-15       1.315400627869e-15 
  452       2.641967029266e-10       2.141301934469e-12      -9.400338756271e-12       6.703351882820e-15       1.044445382352e-13       5.813861774172e-15       1.301888032698e-15 
  453       2.655449058468e-10       2.118457084863e-12      -9.474429212082e-12       6.727362632771e-15       1.036486865555e-13       5.669468582178e-15       1.288344317038e-15 
  454       2.669058823746e-10       2.095483179788e-12      -9.543703083812e-12       6.751492104547e-15       1.028599571054e-13       5.528047356836e-15       1.274770635765e-15 
  455       2.682789541650e-10       2.072391102678e-12      -9.608169342069e-12       6.775738220328e-15       1.020783295567e-13       5.389573079901e-15       1.261168151833e-15 
  456       2.696634293539e-10       2.049191921304e-12      -9.667838003936e-12       6.800098850687e-15       1.013037808696e-13       5.254019610680e-15       1.247538036278e-15 
  457       2.710586024805e-10       2.025896888739e-12      -9.722720140362e-12       6.824571814272e-15       1.005362852727e-13       5.121359678469e-15       1.233881468221e-15 
  458       2.724637544109e-10       2.002517444331e-12      -9.772827883558e-12       6.849154877490e-15       9.977581424236e-14       4.991564874996e-15       1.220199634873e-15 
  459       2.738781522612e-10       1.979065214664e-12      -9.818174434382e-12       6.873845754193e-15       9.902233648256e-14       4.864605646856e-15       1.206493731536e-15 
  460       2.753010493203e-10       1.955552014530e-12      -9.858774069737e-12       6.898642105359e-15       9.827581790438e-14       4.740451287955e-15       1.192764961609e-15 
  461       2.767316849736e-10       1.931989847894e-12      -9.894642149960e-12       6.923541538780e-15       9.753622160578e-14       4.619069931946e-15       1.179014536590e-15 
  462       2.781692846257e-10       1.908390908864e-12      -9.925795126215e-12       6.948541608743e-15       9.680350785120e-14       4.500428544669e-15       1.165243676082e-15 
  463       2.796130596236e-10       1.884767582655e-12      -9.952250547882e-12       6.973639815718e-15       9.607763405119e-14       4.384492916592e-15       1.151453607793e-15 
  464       2.810622071799e-10       1.861132446560e-12      -9.974027069955e-12       6.998833606036e-15       9.535855474214e-14       4.271227655249e-15       1.137645567543e-15 
  465       2.825159102961e-10       1.837498270915e-12      -9.991144460428e-12       7.024120371581e-15       9.464622156585e-14       4.160596177679e-15       1.123820799265e-15 
  466       2.839733376855e-10       1.813878020068e-12      -1.000362360769e-11       7.049497449467e-15       9.394058324925e-14       4.052560702867e-15       1.109980555012e-15 
  467       2.854336436963e-10       1.790284853347e-12      -1.001148652791e-11       7.074962121728e-15       9.324158558400e-14       3.947082244180e-15       1.096126094955e-15 
  468       2.868959682350e-10       1.766732126023e-12      -1.001475637245e-11       7.100511614997e-15       9.254917140618e-14       3.844120601810e-15       1.082258687392e-15 
  469       2.883594366893e-10       1.743233390285e-12      -1.001345743523e-11       7.126143100197e-15       9.186328057592e-14       3.743634355215e-15       1.068379608751e-15 
  470       2.898231598515e-10       1.719802396201e-12      -1.000761516012e-11       7.151853692216e-15       9.118384995710e-14       3.645580855550e-15       1.054490143589e-15 
  471       2.912862338412e-10       1.696453092688e-12      -9.997256148378e-12       7.177640449600e-15       9.051081339692e-14       3.549916218117e-15       1.040591584603e-15 
  472       2.927477400289e-10       1.673199628479e-12      -9.982408165972e-12       7.203500374231e-15       8.984410170564e-14       3.456595314795e-15       1.026685232625e-15 
  473       2.942067449588e-10       1.650056353094e-12      -9.963100151027e-12       7.229430411017e-15       8.918364263617e-14       3.365571766486e-15       1.012772396633e-15 
  474       2.956623002724e-10       1.627037817799e-12      -9.939362221192e-12       7.255427447569e-15       8.852936086377e-14       3.276797935551e-15       9.988543937507e-16 
  475       2.971134426308e-10       1.604158776585e-12      -9.911225681037e-12       7.281488313892e-15       8.788117796567e-14       3.190224918251e-15       9.849325492530e-16 
  476       2.985591936388e-10       1.581434187124e-12      -9.878723029445e-12       7.307609782065e-15       8.723901240073e-14       3.105802537185e-15       9.710081965677e-16 
  477       2.999985597673e-10       1.558879211744e-12      -9.841887967005e-12       7.333788565926e-15       8.660277948912e-14       3.023479333730e-15       9.570826772806e-16 
  478       3.014305322771e-10       1.536509218395e-12      -9.800755403401e-12       7.360021320760e-15       8.597239139193e-14       2.943202560482e-15       9.431573411387e-16 
  479       3.028540871411e-10       1.514339781616e-12      -9.755361464808e-12       7.386304642975e-15       8.534775709087e-14       2.864918173692e-15       9.292335460536e-16 
  480       3.042681849686e-10       1.492386683500e-12      -9.705743501280e-12       7.412635069795e-15       8.472878236788e-14       2.788570825706e-15       9.153126581054e-16 
  481       3.056717709275e-10       1.470665914665e-12      -9.651940094144e-12       7.439009078939e-15       8.411536978480e-14       2.714103857410e-15       9.013960515462e-16 
  482       3.070637746677e-10       1.449193675222e-12      -9.593991063390e-12       7.465423088307e-15       8.350741866306e-14       2.641459290660e-15       8.874851088036e-16 
  483       3.084431102447e-10       1.427986375739e-12      -9.531937475067e-12       7.491873455663e-15       8.290482506326e-14       2.570577820729e-15       8.735812204847e-16 
  484       3.098086760419e-10       1.407060638210e-12      -9.465821648670e-12       7.518356478320e-15       8.230748176490e-14       2.501398808743e-15       8.596857853791e-16 
  485       3.111593546946e-10       1.386433297023e-12      -9.395687164534e-12       7.544868392826e-15       8.171527824596e-14       2.433860274121e-15       8.458002104630e-16 
  486       3.124940130125e-10       1.366121399928e-12      -9.321578871229e-12       7.571405374645e-15       8.112810066263e-14       2.367898887014e-15       8.319259109028e-16 
  487       3.138115019030e-10       1.346142209003e-12      -9.243542892944e-12       7.597963537841e-15       8.054583182889e-14       2.303449960747e-15       8.180643100584e-16 
  488       3.151107983118e-10       1.326511575969e-12      -9.161628631524e-12       7.624539109822e-15       7.996837041452e-14       2.240458929649e-15       8.042167656112e-16 
  489       3.163914358531e-10       1.307239012899e-12      -9.075894823166e-12       7.651128961917e-15       7.939568920973e-14       2.178916174265e-15       7.903843455185e-16 
  490       3.176530868625e-10       1.288332476497e-12      -8.986403676799e-12       7.677730093986e-15       7.882777855694e-14       2.118823219190e-15       7.765680453887e-16 
  491       3.188954215347e-10       1.269799980623e-12      -8.893218904139e-12       7.704339460570e-15       7.826462727889e-14       2.060181339749e-15       7.627688617198e-16 
  492       3.201181079182e-10       1.251649596442e-12      -8.796405728091e-12       7.730953970664e-15       7.770622266791e-14       2.002991560206e-15       7.489877918659e-16 
  493       3.213208119100e-10       1.233889452570e-12      -8.696030891136e-12       7.757570487485e-15       7.715255047528e-14       1.947254651982e-15       7.352258340037e-16 
  494       3.225031972495e-10       1.216527735230e-12      -8.592162663730e-12       7.784185828248e-15       7.660359490051e-14       1.892971131870e-15       7.214839870990e-16 
  495       3.236649255139e-10       1.199572688397e-12      -8.484870852698e-12       7.810796763938e-15       7.605933858067e-14       1.840141260249e-15       7.077632508730e-16 
  496       3.248056561122e-10       1.183032613949e-12      -8.374226809629e-12       7.837400019078e-15       7.551976257972e-14       1.788765039299e-15       6.940646257690e-16 
  497       3.259250462800e-10       1.166915871822e-12      -8.260303439273e-12       7.863992271509e-15       7.498484637782e-14       1.738842211216e-15       6.803891129186e-16 
  498       3.270227510738e-10       1.151230880150e-12      -8.143175207930e-12       7.890570152155e-15       7.445456786064e-14       1.690372256428e-15       6.667377141083e-16 
  499       3.280984233660e-10       1.135986115427e-12      -8.022918151853e-12       7.917130244797e-15       7.392890330869e-14       1.643354391808e-15       6.531114317462e-16 
  500       3.291517138388e-10       1.121190112645e-12      -7.899609885637e-12       7.943669085850e-15       7.340782738664e-14       1.597787568892e-15       6.395112688278e-16 
  501       3.301822709795e-10       1.106851465456e-12      -7.773329610615e-12       7.970183164129e-15       7.289131313262e-14       1.553670472091e-15       6.259382289034e-16 
  502       3.311897410745e-10       1.092978826310e-12      -7.644158123255e-12       7.996668920623e-15       7.237933194755e-14       1.511001516907e-15       6.123933160435e-16 
  503       3.321737682040e-10       1.079580906616e-12      -7.512177823553e-12       8.023122748269e-15       7.187185358444e-14       1.469778848150e-15       5.988775348062e-16 
  504       3.331339942367e-10       1.066666476883e-12      -7.377472723429e-12       8.049540991725e-15       7.136884613776e-14       1.430000338149e-15       5.853918902032e-16 
  505       3.340700588241e-10       1.054244366876e-12      -7.240128455120e-12       8.075919947137e-15       7.087027603269e-14       1.391663584971e-15       5.719373876662e-16 
  506       3.349815993954e-10       1.042323465765e-12      -7.100232279579e-12       8.102255861917e-15       7.037610801447e-14       1.354765910633e-15       5.585150330137e-16 
  507       3.358682511515e-10       1.030912722270e-12      -6.957873094865e-12       8.128544934513e-15       6.988630513775e-14       1.319304359319e-15       5.451258324171e-16 
  508       3.367296470604e-10       1.020021144819e-12      -6.813141444542e-12       8.154783314179e-15       6.940082875582e-14       1.285275695593e-15       5.317707923674e-16 
  509       3.375654178507e-10       1.009657801693e-12      -6.666129526070e-12       8.180967100753e-15       6.891963851004e-14       1.252676402616e-15       5.184509196416e-16 
  510       3.383751920072e-10       9.998318211751e-13      -6.516931199205e-12       8.207092344421e-15       6.844269231905e-14       1.221502680360e-15       5.051672212691e-16 
  511       3.391585957646e-10       9.905523917041e-13      -6.365641994388e-12       8.233155045499e-15       6.796994636817e-14       1.191750443824e-15       4.919207044983e-16 
  512       3.399152531026e-10       9.818287620221e-13      -6.212359121145e-12       8.259151154195e-15       6.750135509867e-14       1.163415321248e-15       4.787123767630e-16 
  513       3.406447857402e-10       9.736702413256e-13      -6.057181476480e-12       8.285076570391e-15       6.703687119711e-14       1.136492652325e-15       4.655432456487e-16 
  514       3.413468131304e-10       9.660861994146e-13      -5.900209653269e-12       8.310927143407e-15       6.657644558464e-14       1.110977486424e-15       4.524143188593e-16 
  515       3.420209524546e-10       9.590860668434e-13      -5.741545948656e-12       8.336698671779e-15       6.612002740635e-14       1.086864580797e-15       4.393266041836e-16 
  516       3.426668186171e-10       9.526793350702e-13      -5.581294372447e-12       8.362386903028e-15       6.566756402055e-14       1.064148398798e-15       4.262811094613e-16 
  517       3.432840242401e-10       9.468755566071e-13      -5.419560655507e-12       8.387987533434e-15       6.521900098809e-14       1.042823108096e-15       4.132788425501e-16 
  518       3.438721796576e-10       9.416843451703e-13      -5.256452258153e-12       8.413496207808e-15       6.477428206173e-14       1.022882578893e-15       4.003208112918e-16 
  519       3.444308929105e-10       9.371153758298e-13      -5.092078378549e-12       8.438908519261e-15       6.433334917538e-14       1.004320382136e-15       3.874080234787e-16 
  520       3.449597697409e-10       9.331783851599e-13      -4.926549961102e-12       8.464220008983e-15       6.389614243349e-14       9.871297877332e-16       3.745414868204e-16 
  521       3.454584135865e-10       9.298831713887e-13      -4.759979704857e-12       8.489426166008e-15       6.346260010031e-14       9.713037627684e-16       3.617222089098e-16 
  522       3.459264255757e-10       9.272395945483e-13      -4.592482071889e-12       8.514522426991e-15       6.303265858924e-14       9.568349697172e-16       3.489511971901e-16 
  523       3.463634045215e-10       9.252575766248e-13      -4.424173295702e-12       8.539504175979e-15       6.260625245215e-14       9.437157646608e-16       3.362294589207e-16 
  524       3.467689469165e-10       9.239471017083e-13      -4.255171389623e-12       8.564366744183e-15       6.218331436867e-14       9.319381955017e-16       3.235580011441e-16 
  525       3.471426469272e-10       9.233182161432e-13      -4.085596155193e-12       8.589105409748e-15       6.176377513555e-14       9.214940001781e-16       3.109378306522e-16 
  526       3.474840963887e-10       9.233810286774e-13      -3.915569190568e-12       8.613715397530e-15       6.134756365592e-14       9.123746048796e-16       2.983699539527e-16 
  527       3.477929774561e-10       9.241439137553e-13      -3.745205250915e-12       8.638192367023e-15       6.093461820072e-14       9.045702193054e-16       2.858553955902e-16 
  528       3.480693433825e-10       9.256080665392e-13      -3.574586050265e-12       8.662533891429e-15       6.052492055626e-14       8.980670985980e-16       2.733952537333e-16 
  529       3.483133454841e-10       9.277727978166e-13      -3.403785752738e-12       8.686738018984e-15       6.011846279856e-14       8.928502022752e-16       2.609906460562e-16 
  530       3.485251412192e-10       9.306373166332e-13      -3.232879559753e-12       8.710802788480e-15       5.971523610084e-14       8.889040881782e-16       2.486426914978e-16 
  531       3.487048942226e-10       9.342007296687e-13      -3.061943714690e-12       8.734726229244e-15       5.931523072762e-14       8.862129102969e-16       2.363525102360e-16 
  532       3.488527743401e-10       9.384620406110e-13      -2.891055507558e-12       8.758506361124e-15       5.891843602897e-14       8.847604165953e-16       2.241212236618e-16 
  533       3.489689576631e-10       9.434201495321e-13      -2.720293279660e-12       8.782141194472e-15       5.852484043465e-14       8.845299468375e-16       2.119499543541e-16 
  534       3.490536265633e-10       9.490738522626e-13      -2.549736428256e-12       8.805628730124e-15       5.813443144830e-14       8.855044304130e-16       1.998398260538e-16 
  535       3.491069697268e-10       9.554218397671e-13      -2.379465411232e-12       8.828966959383e-15       5.774719564164e-14       8.876663841623e-16       1.877919636382e-16 
  536       3.491291821889e-10       9.624626975194e-13      -2.209561751764e-12       8.852153864005e-15       5.736311864859e-14       8.909979102028e-16       1.758074930956e-16 
  537       3.491204653683e-10       9.701949048773e-13      -2.040108042981e-12       8.875187416179e-15       5.698218515952e-14       8.954806937538e-16       1.638875414992e-16 
  538       3.490810271023e-10       9.786168344578e-13      -1.871187952635e-12       8.898065578511e-15       5.660437891538e-14       9.010960009625e-16       1.520332369822e-16 
  539       3.490110816804e-10       9.877267515124e-13      -1.702886227762e-12       8.920786304005e-15       5.622968270191e-14       9.078246767297e-16       1.402457087114e-16 
  540       3.489108498795e-10       9.975228133017e-13      -1.535288699351e-12       8.943347536047e-15       5.585807834378e-14       9.156471425350e-16       1.285260868622e-16 
  541       3.487805589982e-10       1.008003068471e-12      -1.368482287008e-12       8.965747208389e-15       5.548954669880e-14       9.245433942625e-16       1.168755025925e-16 
  542       3.486204428911e-10       1.019165456426e-12      -1.202555003618e-12       8.987983245131e-15       5.512406765211e-14       9.344930000266e-16       1.052950880176e-16 
  543       3.484307420037e-10       1.031007806705e-12      -1.037595960018e-12       9.010053560700e-15       5.476162011033e-14       9.454750979974e-16       9.378597618406e-17 
  544       3.482117034066e-10       1.043527838358e-12      -8.736953696554e-13       9.031956059839e-15       5.440218199573e-14       9.574683942264e-16       8.234930104432e-17 
  545       3.479635808303e-10       1.056723159320e-12      -7.109445532567e-13       9.053688637586e-15       5.404573024046e-14       9.704511604717e-16       7.098619743114e-17 
  546       3.476866346992e-10       1.070591265784e-12      -5.494359434926e-13       9.075249179257e-15       5.369224078067e-14       9.844012320243e-16       5.969780103186e-17 
  547       3.473811321667e-10       1.085129541581e-12      -3.892630896427e-13       9.096635560430e-15       5.334168855073e-14       9.992960055330e-16       4.848524836283e-17 
  548       3.470473471495e-10       1.100335257549e-12      -2.305206622616e-13       9.117845646927e-15       5.299404747739e-14       1.015112436830e-15       3.734967674378e-17 
  549       3.466855603619e-10       1.116205570914e-12      -7.330445784390e-14       9.138877294796e-15       5.264929047398e-14       1.031827038758e-15       2.629222427218e-17 
  550       3.462960593506e-10       1.132737524660e-12       8.228859651011e-14       9.159728350296e-15       5.230738943454e-14       1.049415878993e-15       1.531402979766e-17 
  551       3.458791385291e-10       1.149928046910e-12       2.361604384293e-13       9.180396649877e-15       5.196831522806e-14       1.067854577871e-15       4.416232896355e-18 
  552       3.454350992121e-10       1.167773950293e-12       3.882118656059e-13       9.200880020165e-15       5.163203769261e-14       1.087118306217e-15      -6.400026154712e-18 
  553       3.449642496503e-10       1.186271931327e-12       5.383425311307e-13       9.221176277942e-15       5.129852562956e-14       1.107181783164e-15      -1.713360640324e-17 
  554       3.444669050647e-10       1.205418569789e-12       6.864509388269e-13       9.241283230134e-15       5.096774679772e-14       1.128019273985e-15      -2.778336624726e-17 
  555       3.439433876808e-10       1.225210328093e-12       8.324344385852e-13       9.261198673787e-15       5.063966790755e-14       1.149604587913e-15      -3.834816346081e-17 
  556       3.433940267641e-10       1.245643550664e-12       9.761892216983e-13       9.280920396056e-15       5.031425461531e-14       1.171911075972e-15      -4.882685521949e-17 
  557       3.428191586534e-10       1.266714463312e-12       1.117610316195e-12       9.300446174182e-15       4.999147151728e-14       1.194911628798e-15      -5.921829812612e-17 
  558       3.422191267961e-10       1.288419172609e-12       1.256591582176e-12       9.319773775480e-15       4.967128214388e-14       1.218578674468e-15      -6.952134823634e-17 
  559       3.415942817826e-10       1.310753665262e-12       1.393025707148e-12       9.338900957318e-15       4.935364895391e-14       1.242884176323e-15      -7.973486108427e-17 
  560       3.409449813806e-10       1.333713807491e-12       1.526804201355e-12       9.357825467102e-15       4.903853332870e-14       1.267799630794e-15      -8.985769170808e-17 
  561       3.402715905697e-10       1.357295344401e-12       1.657817393120e-12       9.376545042258e-15       4.872589556626e-14       1.293296065231e-15      -9.988869467565e-17 
  562       3.395744815759e-10       1.381493899360e-12       1.785954424173e-12       9.395057410214e-15       4.841569487553e-14       1.319344035723e-15      -1.098267241102e-16 
  563       3.388540339062e-10       1.406304973371e-12       1.911103244987e-12       9.413360288383e-15       4.810788937049e-14       1.345913624928e-15      -1.196706337158e-16 
  564       3.381106343832e-10       1.431723944450e-12       2.033150610118e-12       9.431451384149e-15       4.780243606438e-14       1.372974439896e-15      -1.294192768032e-16 
  565       3.373446771792e-10       1.457746066999e-12       2.151982073530e-12       9.449328394844e-15       4.749929086387e-14       1.400495609897e-15      -1.390715063153e-16 
  566       3.365565726367e-10       1.484365692048e-12       2.267495958848e-12       9.466989486711e-15       4.719841529085e-14       1.428448863972e-15      -1.486264111142e-16 
  567       3.357467739077e-10       1.511573907201e-12       2.379645674474e-12       9.484434745358e-15       4.689979684980e-14       1.456817855016e-15      -1.580840314704e-16 
  568       3.349157510677e-10       1.539360834738e-12       2.488398477876e-12       9.501664762586e-15       4.660342917291e-14       1.485589071276e-15      -1.674446620311e-16 
  569       3.340639824299e-10       1.567716404347e-12       2.593721599742e-12       9.518680160946e-15       4.630930533658e-14       1.514748777313e-15      -1.767086173384e-16 
  570       3.331919545829e-10       1.596630352200e-12       2.695582244538e-12       9.535481593904e-15       4.601741785812e-14       1.544283012976e-15      -1.858762319428e-16 
  571       3.323001624288e-10       1.626092220043e-12       2.793947591069e-12       9.552069746005e-15       4.572775869243e-14       1.574177592381e-15      -1.949478605175e-16 
  572       3.313891092205e-10       1.656091354278e-12       2.888784793039e-12       9.568445333030e-15       4.544031922869e-14       1.604418102887e-15      -2.039238779724e-16 
  573       3.304593065999e-10       1.686616905046e-12       2.980060979613e-12       9.584609102160e-15       4.515509028707e-14       1.634989904072e-15      -2.128046795675e-16 
  574       3.295112746356e-10       1.717657825309e-12       3.067743255973e-12       9.600561832139e-15       4.487206211542e-14       1.665878126713e-15      -2.215906810278e-16 
  575       3.285455418606e-10       1.749202869938e-12       3.151798703882e-12       9.616304333435e-15       4.459122438596e-14       1.697067671760e-15      -2.302823186563e-16 
  576       3.275626453101e-10       1.781240594795e-12       3.232194382240e-12       9.631837448401e-15       4.431256619198e-14       1.728543209317e-15      -2.388800494487e-16 
  577       3.265631305595e-10       1.813759355816e-12       3.308897327650e-12       9.647162051437e-15       4.403607604454e-14       1.760289177615e-15      -2.473843512069e-16 
  578       3.255475517620e-10       1.846747308093e-12       3.381874554974e-12       9.662279049155e-15       4.376174186912e-14       1.792289781992e-15      -2.557957226533e-16 
  579       3.245164716864e-10       1.880192404963e-12       3.451093057891e-12       9.677189380535e-15       4.348955100240e-14       1.824528993869e-15      -2.641146835445e-16 
  580       3.234704617550e-10       1.914082397086e-12       3.516519809464e-12       9.691894017094e-15       4.321949018888e-14       1.856990549728e-15      -2.723417747853e-16 
  581       3.224101020814e-10       1.948404831534e-12       3.578121762694e-12       9.706393963039e-15       4.295154557759e-14       1.889657950089e-15      -2.804775585430e-16 
  582       3.213359815082e-10       1.983147050870e-12       3.635865851081e-12       9.720690255439e-15       4.268570271880e-14       1.922514458484e-15      -2.885226183607e-16 
  583       3.202486976448e-10       2.018296192234e-12       3.689718989189e-12       9.734783964379e-15       4.242194656074e-14       1.955543100441e-15      -2.964775592720e-16 
  584       3.191488569052e-10       2.053839186430e-12       3.739648073200e-12       9.748676193125e-15       4.216026144621e-14       1.988726662454e-15      -3.043430079146e-16 
  585       3.180370745460e-10       2.089762757002e-12       3.785619981477e-12       9.762368078285e-15       4.190063110936e-14       2.022047690965e-15      -3.121196126441e-16 
  586       3.169139747039e-10       2.126053419324e-12       3.827601575123e-12       9.775860789972e-15       4.164303867236e-14       2.055488491339e-15      -3.198080436482e-16 
  587       3.157801904336e-10       2.162697479683e-12       3.865559698543e-12       9.789155531966e-15       4.138746664206e-14       2.089031126840e-15      -3.274089930609e-16 
  588       3.146363637459e-10       2.199681034360e-12       3.899461180003e-12       9.802253541874e-15       4.113389690673e-14       2.122657417614e-15      -3.349231750757e-16 
  589       3.134831456448e-10       2.236989968717e-12       3.929272832189e-12       9.815156091292e-15       4.088231073273e-14       2.156348939656e-15      -3.423513260606e-16 
  590       3.123211961661e-10       2.274609956278e-12       3.954961452770e-12       9.827864485971e-15       4.063268876121e-14       2.190087023799e-15      -3.496942046711e-16 
  591       3.111511844146e-10       2.312526457816e-12       3.976493824955e-12       9.840380065971e-15       4.038501100480e-14       2.223852754682e-15      -3.569525919648e-16 
  592       3.099737886022e-10       2.350724720431e-12       3.993836718054e-12       9.852704205831e-15       4.013925684432e-14       2.257626969730e-15      -3.641272915150e-16 
  593       3.087896960857e-10       2.389189776642e-12       4.006956888039e-12       9.864838314727e-15       3.989540502545e-14       2.291390258134e-15      -3.712191295249e-16 
  594       3.075996034042e-10       2.427906443463e-12       4.015821078105e-12       9.876783836634e-15       3.965343365545e-14       2.325122959824e-15      -3.782289549414e-16 
  595       3.064042163176e-10       2.466859321492e-12       4.020396019228e-12       9.888542250486e-15       3.941332019984e-14       2.358805164448e-15      -3.851576395693e-16 
  596       3.052042498437e-10       2.506032793991e-12       4.020648430724e-12       9.900115070342e-15       3.917504147909e-14       2.392416710350e-15      -3.920060781850e-16 
  597       3.040004282965e-10       2.545411025974e-12       4.016545020814e-12       9.911503845546e-15       3.893857366533e-14       2.425937183545e-15      -3.987751886506e-16 
  598       3.027934853238e-10       2.584977963285e-12       4.008052487179e-12       9.922710160888e-15       3.870389227903e-14       2.459345916699e-15      -4.054659120277e-16 
  599       3.015841639448e-10       2.624717331689e-12       3.995137517524e-12       9.933735636767e-15       3.847097218571e-14       2.492621988104e-15      -4.120792126916e-16 
  600       3.003732165883e-10       2.664612635948e-12       3.977766790134e-12       9.944581929351e-15       3.823978759261e-14       2.525744220654e-15      -4.186160784453e-16 
  601       2.991614051302e-10       2.704647158912e-12       3.955906974440e-12       9.955250730742e-15       3.801031204542e-14       2.558691180827e-15      -4.250775206331e-16 
  602       2.979495009315e-10       2.744803960597e-12       3.929524731573e-12       9.965743769134e-15       3.778251842493e-14       2.591441177658e-15      -4.314645742549e-16 
  603       2.967382848757e-10       2.785065877272e-12       3.898586714926e-12       9.976062808980e-15       3.755637894377e-14       2.623972261715e-15      -4.377782980800e-16 
  604       2.955285474072e-10       2.825415520541e-12       3.863059570718e-12       9.986209651148e-15       3.733186514306e-14       2.656262224082e-15      -4.440197747613e-16 
  605       2.943210255386e-10       2.865836133280e-12       3.822920731614e-12       9.996186273563e-15       3.710895209351e-14       2.688293134153e-15      -4.501897701758e-16 
  606       2.931162121308e-10       2.906314181925e-12       3.778191081916e-12       1.000599525651e-14       3.688763111632e-14       2.720065075115e-15      -4.562877022070e-16 
  607       2.919145420956e-10       2.946836824793e-12       3.728903080036e-12       1.001563936787e-14       3.666789736204e-14       2.751582737187e-15      -4.623126473571e-16 
  608       2.907164550268e-10       2.987391060245e-12       3.675090040703e-12       1.002512142384e-14       3.644974563198e-14       2.782850909194e-15      -4.682636792747e-16 
  609       2.895223952174e-10       3.027963726052e-12       3.616786139058e-12       1.003444428906e-14       3.623317037634e-14       2.813874479030e-15      -4.741398687577e-16 
  610       2.883328116772e-10       3.068541498758e-12       3.554026414745e-12       1.004361087688e-14       3.601816569224e-14       2.844658434119e-15      -4.799402837550e-16 
  611       2.871481581492e-10       3.109110893045e-12       3.486846776004e-12       1.005262414954e-14       3.580472532178e-14       2.875207861879e-15      -4.856639893698e-16 
  612       2.859688931277e-10       3.149658261097e-12       3.415284003766e-12       1.006148711839e-14       3.559284265014e-14       2.905527950187e-15      -4.913100478613e-16 
  613       2.847954798747e-10       3.190169791964e-12       3.339375755743e-12       1.007020284409e-14       3.538251070365e-14       2.935623987838e-15      -4.968775186475e-16 
  614       2.836283864374e-10       3.230631510925e-12       3.259160570521e-12       1.007877443684e-14       3.517372214784e-14       2.965501365008e-15      -5.023654583076e-16 
  615       2.824680856653e-10       3.271029278856e-12       3.174677871656e-12       1.008720505655e-14       3.496646928552e-14       2.995165573721e-15      -5.077729205843e-16 
  616       2.813150552274e-10       3.311348791590e-12       3.085967971760e-12       1.009549791306e-14       3.476074405484e-14       3.024622208307e-15      -5.130989563865e-16 
  617       2.801697776295e-10       3.351575579282e-12       2.993072076603e-12       1.010365626638e-14       3.455653802739e-14       3.053876965867e-15      -5.183426137912e-16 
  618       2.790327402310e-10       3.391695005777e-12       2.896032289198e-12       1.011168342686e-14       3.435384240626e-14       3.082935646735e-15      -5.235029380466e-16 
  619       2.779044352625e-10       3.431692267968e-12       2.794891613897e-12       1.011958275541e-14       3.415264802407e-14       3.111804154942e-15      -5.285789715739e-16 
  620       2.767853598425e-10       3.471552395167e-12       2.689693960482e-12       1.012735766371e-14       3.395294534110e-14       3.140488498676e-15      -5.335697539703e-16 
  621       2.756760159951e-10       3.511260248463e-12       2.580484148261e-12       1.013501161442e-14       3.375472444333e-14       3.168994790748e-15      -5.384743220108e-16 
  622       2.745769106668e-10       3.550800520089e-12       2.467307910159e-12       1.014254812139e-14       3.355797504050e-14       3.197329249054e-15      -5.432917096513e-16 
  623       2.734885557435e-10       3.590157732789e-12       2.350211896808e-12       1.014997074984e-14       3.336268646423e-14       3.225498197035e-15      -5.480209480306e-16 
  624       2.724114680684e-10       3.629316239176e-12       2.229243680645e-12       1.015728311661e-14       3.316884766600e-14       3.253508064143e-15      -5.526610654728e-16 
  625       2.713461694584e-10       3.668260221102e-12       2.104451759999e-12       1.016448889034e-14       3.297644721534e-14       3.281365386303e-15      -5.572110874900e-16 
  626       2.702931867214e-10       3.706973689019e-12       1.975885563190e-12       1.017159179170e-14       3.278547329779e-14       3.309076806373e-15      -5.616700367844e-16 
  627       2.692530516741e-10       3.745440481344e-12       1.843595452617e-12       1.017859559357e-14       3.259591371304e-14       3.336649074613e-15      -5.660369332512e-16 
  628       2.682263011583e-10       3.783644263822e-12       1.707632728852e-12       1.018550412125e-14       3.240775587297e-14       3.364089049139e-15      -5.703107939806e-16 
  629       2.672134770585e-10       3.821568528894e-12       1.568049634733e-12       1.019232125271e-14       3.222098679974e-14       3.391403696395e-15      -5.744906332602e-16 
  630       2.662151263192e-10       3.859196595056e-12       1.424899359458e-12       1.019905091874e-14       3.203559312383e-14       3.418600091608e-15      -5.785754625778e-16 
  631       2.652318009619e-10       3.896511606229e-12       1.278236042674e-12       1.020569710320e-14       3.185156108215e-14       3.445685419256e-15      -5.825642906236e-16 
  632       2.642640581020e-10       3.933496531117e-12       1.128114778574e-12       1.021226384320e-14       3.166887651608e-14       3.472666973527e-15      -5.864561232926e-16 
  633       2.633124599665e-10       3.970134162575e-12       9.745916199885e-13       1.021875522935e-14       3.148752486956e-14       3.499552158786e-15      -5.902499636870e-16 
  634       2.623775739108e-10       4.006407116974e-12       8.177235824766e-13       1.022517540590e-14       3.130749118714e-14       3.526348490032e-15      -5.939448121189e-16 
  635       2.614599724359e-10       4.042297833563e-12       6.575686484202e-13       1.023152857101e-14       3.112876011207e-14       3.553063593367e-15      -5.975396661123e-16 
  636       2.605602332057e-10       4.077788573832e-12       4.941857711165e-13       1.023781897693e-14       3.095131588437e-14       3.579705206455e-15      -6.010335204061e-16 
  637       2.596789390642e-10       4.112861420882e-12       3.276348788707e-13       1.024405093021e-14       3.077514233888e-14       3.606281178983e-15      -6.044253669558e-16 
  638       2.588166780523e-10       4.147498278782e-12       1.579768790885e-13       1.025022879190e-14       3.060022290335e-14       3.632799473130e-15      -6.077141949365e-16 
  639       2.579740434255e-10       4.181680871938e-12      -1.472633763066e-14       1.025635697780e-14       3.042654059652e-14       3.659268164025e-15      -6.108989907451e-16 
  640       2.571516336707e-10       4.215390744454e-12      -1.904118934012e-13       1.026243995860e-14       3.025407802614e-14       3.685695440207e-15      -6.139787380030e-16 
  641       2.563500525233e-10       4.248609259502e-12      -3.690159189586e-13       1.026848226014e-14       3.008281738711e-14       3.712089604098e-15      -6.169524175579e-16 
  642       2.555699089849e-10       4.281317598678e-12      -5.504735495666e-13       1.027448846360e-14       2.991274045951e-14       3.738459072453e-15      -6.198190074870e-16 
  643       2.548118173398e-10       4.313496761372e-12      -7.347189209246e-13       1.028046320570e-14       2.974382860667e-14       3.764812376833e-15      -6.225774830987e-16 
  644       2.540763114321e-10       4.345129619420e-12      -9.216839277580e-13       1.028641087591e-14       2.957606542298e-14       3.791155512085e-15      -6.252271376215e-16 
  645       2.533635853317e-10       4.376207133396e-12      -1.111294477035e-12       1.029233469994e-14       2.940944474695e-14       3.817483914989e-15      -6.277685522305e-16 
  646       2.526737468334e-10       4.406722275740e-12      -1.303474141869e-12       1.029823763595e-14       2.924396282571e-14       3.843790305002e-15      -6.302026479773e-16 
  647       2.520069026582e-10       4.436667988161e-12      -1.498145386710e-12       1.030412267574e-14       2.907961568045e-14       3.870067319499e-15      -6.325303671867e-16 
  648       2.513631584463e-10       4.466037181595e-12      -1.695229562906e-12       1.030999284490e-14       2.891639910532e-14       3.896307513470e-15      -6.347526735513e-16 
  649       2.507426187487e-10       4.494822736165e-12      -1.894646904241e-12       1.031585120294e-14       2.875430866627e-14       3.922503359212e-15      -6.368705522271e-16 
  650       2.501453870202e-10       4.523017501137e-12      -2.096316522493e-12       1.032170084340e-14       2.859333969984e-14       3.948647246034e-15      -6.388850099283e-16 
  651       2.495715656115e-10       4.550614294877e-12      -2.300156402980e-12       1.032754489398e-14       2.843348731202e-14       3.974731479947e-15      -6.407970750222e-16 
  652       2.490212557619e-10       4.577605904814e-12      -2.506083400111e-12       1.033338651664e-14       2.827474637710e-14       4.000748283361e-15      -6.426077976246e-16 
  653       2.484945575912e-10       4.603985087392e-12      -2.714013232936e-12       1.033922890775e-14       2.811711153650e-14       4.026689794785e-15      -6.443182496948e-16 
  654       2.479915700926e-10       4.629744568031e-12      -2.923860480695e-12       1.034507529817e-14       2.796057719757e-14       4.052548068522e-15      -6.459295251306e-16 
  655       2.475123911248e-10       4.654877041084e-12      -3.135538578368e-12       1.035092895342e-14       2.780513753249e-14       4.078315074365e-15      -6.474427398633e-16 
  656       2.470571174045e-10       4.679375169797e-12      -3.348959812224e-12       1.035679317375e-14       2.765078647705e-14       4.103982697293e-15      -6.488590319528e-16 
  657       2.466258444987e-10       4.703231586265e-12      -3.564035315375e-12       1.036267129430e-14       2.749751772951e-14       4.129542737170e-15      -6.501795616829e-16 
  658       2.462186668173e-10       4.726438891389e-12      -3.780675063319e-12       1.036856668519e-14       2.734532474945e-14       4.154986908439e-15      -6.514055116561e-16 
  659       2.458356776053e-10       4.748989654836e-12      -3.998787869495e-12       1.037448275169e-14       2.719420075656e-14       4.180306839821e-15      -6.525380868887e-16 
  660       2.454769689353e-10       4.770876414997e-12      -4.218281380832e-12       1.038042293426e-14       2.704413872954e-14       4.205494074009e-15      -6.535785149062e-16 
  661       2.451426316999e-10       4.792091678943e-12      -4.439062073296e-12       1.038639070873e-14       2.689513140489e-14       4.230540067368e-15      -6.545280458377e-16 
  662       2.448327556040e-10       4.812627922387e-12      -4.661035247442e-12       1.039238958643e-14       2.674717127573e-14       4.255436189629e-15      -6.553879525119e-16 
  663       2.445474291573e-10       4.832477589635e-12      -4.884105023966e-12       1.039842311426e-14       2.660025059071e-14       4.280173723584e-15      -6.561595305511e-16 
  664       2.442867396666e-10       4.851633093551e-12      -5.108174339251e-12       1.040449487485e-14       2.645436135278e-14       4.304743864788e-15      -6.568440984672e-16 
  665       2.440507732285e-10       4.870086815512e-12      -5.333144940916e-12       1.041060848664e-14       2.630949531803e-14       4.329137721251e-15      -6.574429977562e-16 
  666       2.438396147211e-10       4.887831105366e-12      -5.558917383371e-12       1.041676760407e-14       2.616564399458e-14       4.353346313137e-15      -6.579575929937e-16 
  667       2.436533477973e-10       4.904858281390e-12      -5.785391023363e-12       1.042297591762e-14       2.602279864134e-14       4.377360572458e-15      -6.583892719296e-16 
  668       2.434920548765e-10       4.921160630246e-12      -6.012464015527e-12       1.042923715399e-14       2.588095026690e-14       4.401171342774e-15      -6.587394455831e-16 
  669       2.433558171373e-10       4.936730406944e-12      -6.240033307932e-12       1.043555507619e-14       2.574008962837e-14       4.424769378888e-15      -6.590095483384e-16 
  670       2.432447145099e-10       4.951559834797e-12      -6.467994637640e-12       1.044193348367e-14       2.560020723018e-14       4.448145346542e-15      -6.592010380391e-16 
  671       2.431588256685e-10       4.965641105376e-12      -6.696242526244e-12       1.044837621243e-14       2.546129332292e-14       4.471289822113e-15      -6.593153960835e-16 
  672       2.430982280234e-10       4.978966378473e-12      -6.924670275429e-12       1.045488713516e-14       2.532333790221e-14       4.494193292312e-15      -6.593541275197e-16 
  673       2.430629977139e-10       4.991527782057e-12      -7.153169962513e-12       1.046147016135e-14       2.518633070750e-14       4.516846153880e-15      -6.593187611409e-16 
  674       2.430532096002e-10       5.003317412232e-12      -7.381632436003e-12       1.046812923739e-14       2.505026122095e-14       4.539238713283e-15      -6.592108495800e-16 
  675       2.430689372563e-10       5.014327333193e-12      -7.609947311139e-12       1.047486834673e-14       2.491511866619e-14       4.561361186411e-15      -6.590319694049e-16 
  676       2.431102529619e-10       5.024549577188e-12      -7.838002965450e-12       1.048169150998e-14       2.478089200726e-14       4.583203698270e-15      -6.587837212138e-16 
  677       2.431772276951e-10       5.033976144472e-12      -8.065686534299e-12       1.048860278502e-14       2.464756994734e-14       4.604756282686e-15      -6.584677297298e-16 
  678       2.432699311248e-10       5.042599003269e-12      -8.292883906436e-12       1.049560626713e-14       2.451514092766e-14       4.626008881994e-15      -6.580856438964e-16 
  679       2.433884316029e-10       5.050410089724e-12      -8.519479719545e-12       1.050270608913e-14       2.438359312631e-14       4.646951346741e-15      -6.576391369722e-16 
  680       2.435327961569e-10       5.057401307869e-12      -8.745357355796e-12       1.050990642144e-14       2.425291445708e-14       4.667573435376e-15      -6.571299066265e-16 
  681       2.437030904823e-10       5.063564529574e-12      -8.970398937394e-12       1.051721147229e-14       2.412309256829e-14       4.687864813955e-15      -6.565596750337e-16 
  682       2.438993789346e-10       5.068891594508e-12      -9.194485322129e-12       1.052462548776e-14       2.399411484162e-14       4.707815055828e-15      -6.559301889689e-16 
  683       2.441216702977e-10       5.073376312327e-12      -9.417504810128e-12       1.053215219913e-14       2.386597014033e-14       4.727415309400e-15      -6.552429091187e-16 
  684       2.443697538313e-10       5.077020516233e-12      -9.639379477082e-12       1.053979315164e-14       2.373865409706e-14       4.746663341058e-15      -6.544980705437e-16 
  685       2.446433597085e-10       5.079828138550e-12      -9.860039394317e-12       1.054754934028e-14       2.361216393658e-14       4.765558599287e-15      -6.536956023492e-16 
  686       2.449422129020e-10       5.081803220665e-12      -1.007941396628e-11       1.055542175934e-14       2.348649673595e-14       4.784100556486e-15      -6.528354366680e-16 
  687       2.452660331624e-10       5.082949913500e-12      -1.029743192834e-11       1.056341140242e-14       2.336164942379e-14       4.802288709088e-15      -6.519175086761e-16 
  688       2.456145349971e-10       5.083272477987e-12      -1.051402134455e-11       1.057151926239e-14       2.323761877959e-14       4.820122577694e-15      -6.509417566074e-16 
  689       2.459874276482e-10       5.082775285537e-12      -1.072910960546e-11       1.057974633137e-14       2.311440143297e-14       4.837601707190e-15      -6.499081217694e-16 
  690       2.463844150715e-10       5.081462818516e-12      -1.094262342589e-11       1.058809360068e-14       2.299199386298e-14       4.854725666876e-15      -6.488165485581e-16 
  691       2.468051959146e-10       5.079339670713e-12      -1.115448884273e-11       1.059656206089e-14       2.287039239737e-14       4.871494050591e-15      -6.476669844737e-16 
  692       2.472494634956e-10       5.076410547814e-12      -1.136463121269e-11       1.060515270172e-14       2.274959321191e-14       4.887906476839e-15      -6.464593801353e-16 
  693       2.477169057815e-10       5.072680267876e-12      -1.157297521016e-11       1.061386651205e-14       2.262959232963e-14       4.903962588908e-15      -6.451936892964e-16 
  694       2.482072053665e-10       5.068153761796e-12      -1.177944482491e-11       1.062270447993e-14       2.251038562015e-14       4.919662055005e-15      -6.438698688602e-16 
  695       2.487200394506e-10       5.062836073789e-12      -1.198396335995e-11       1.063166759250e-14       2.239196879892e-14       4.935004568372e-15      -6.424878788948e-16 
  696       2.492550798183e-10       5.056732361851e-12      -1.218645342928e-11       1.064075683602e-14       2.227433742654e-14       4.949989847416e-15      -6.410476826484e-16 
  697       2.498119928167e-10       5.049847898241e-12      -1.238683695568e-11       1.064997319580e-14       2.215748690805e-14       4.964617635833e-15      -6.395492465644e-16 
  698       2.503904393341e-10       5.042188069947e-12      -1.258503516851e-11       1.065931765621e-14       2.204141249217e-14       4.978887702734e-15      -6.379925402971e-16 
  699       2.509900747786e-10       5.033758379160e-12      -1.278096860148e-11       1.066879120067e-14       2.192610927064e-14       4.992799842766e-15      -6.363775367263e-16 
  700       2.516105490563e-10       5.024564443747e-12      -1.297455709047e-11       1.067839481160e-14       2.181157217747e-14       5.006353876244e-15      -6.347042119732e-16 
  701       2.522515065500e-10       5.014611997722e-12      -1.316571977127e-11       1.068812947040e-14       2.169779598822e-14       5.019549649269e-15      -6.329725454151e-16 
  702       2.529125860977e-10       5.003906891721e-12      -1.335437507740e-11       1.069799615744e-14       2.158477531934e-14       5.032387033857e-15      -6.311825197011e-16 
  703       2.535934209708e-10       4.992455093470e-12      -1.354044073790e-11       1.070799585203e-14       2.147250462739e-14       5.044865928065e-15      -6.293341207667e-16 
  704       2.542936388528e-10       4.980262688261e-12      -1.372383377511e-11       1.071812953243e-14       2.136097820835e-14       5.056986256113e-15      -6.274273378499e-16 
  705       2.550128618178e-10       4.967335879421e-12      -1.390447050242e-11       1.072839817577e-14       2.125019019692e-14       5.068747968510e-15      -6.254621635057e-16 
  706       2.557507063086e-10       4.953680988788e-12      -1.408226652214e-11       1.073880275807e-14       2.114013456579e-14       5.080151042180e-15      -6.234385936219e-16 
  707       2.565067831158e-10       4.939304457181e-12      -1.425713672321e-11       1.074934425422e-14       2.103080512493e-14       5.091195480589e-15      -6.213566274337e-16 
  708       2.572806973556e-10       4.924212844872e-12      -1.442899527903e-11       1.076002363792e-14       2.092219552087e-14       5.101881313863e-15      -6.192162675396e-16 
  709       2.580720484488e-10       4.908412832059e-12      -1.459775564521e-11       1.077084188171e-14       2.081429923599e-14       5.112208598922e-15      -6.170175199164e-16 
  710       2.588804300990e-10       4.891911219339e-12      -1.476333055742e-11       1.078179995692e-14       2.070710958781e-14       5.122177419598e-15      -6.147603939341e-16 
  711       2.597054302709e-10       4.874714928177e-12      -1.492563202911e-11       1.079289883363e-14       2.060061972827e-14       5.131787886766e-15      -6.124449023718e-16 
  712       2.605466311692e-10       4.856831001384e-12      -1.508457134934e-11       1.080413948069e-14       2.049482264300e-14       5.141040138462e-15      -6.100710614324e-16 
  713       2.614036092169e-10       4.838266603584e-12      -1.524005908055e-11       1.081552286568e-14       2.038971115065e-14       5.149934340016e-15      -6.076388907580e-16 
  714       2.622759350336e-10       4.819029021688e-12      -1.539200505634e-11       1.082704995487e-14       2.028527790212e-14       5.158470684171e-15      -6.051484134452e-16 
  715       2.631631734141e-10       4.799125665368e-12      -1.554031837930e-11       1.083872171323e-14       2.018151537990e-14       5.166649391210e-15      -6.025996560605e-16 
  716       2.640648833069e-10       4.778564067527e-12      -1.568490741874e-11       1.085053910437e-14       2.007841589729e-14       5.174470709083e-15      -5.999926486549e-16 
  717       2.649806177926e-10       4.757351884770e-12      -1.582567980850e-11       1.086250309058e-14       1.997597159776e-14       5.181934913529e-15      -5.973274247802e-16 
  718       2.659099240625e-10       4.735496897883e-12      -1.596254244477e-11       1.087461463273e-14       1.987417445418e-14       5.189042308202e-15      -5.946040215031e-16 
  719       2.668523433968e-10       4.713007012296e-12      -1.609540148381e-11       1.088687469030e-14       1.977301626813e-14       5.195793224799e-15      -5.918224794212e-16 
  720       2.678074111434e-10       4.689890258562e-12      -1.622416233981e-11       1.089928422136e-14       1.967248866917e-14       5.202188023180e-15      -5.889828426782e-16 
  721       2.687746566960e-10       4.666154792828e-12      -1.634872968262e-11       1.091184418252e-14       1.957258311415e-14       5.208227091497e-15      -5.860851589786e-16 
  722       2.697536095690e-10       4.641809581005e-12      -1.646902048147e-11       1.092455508636e-14       1.947329203052e-14       5.213911444207e-15      -5.831295999053e-16 
  723       2.707438177984e-10       4.616866465500e-12      -1.658500342953e-11       1.093741566387e-14       1.937461227311e-14       5.219244529113e-15      -5.801168245058e-16 
  724       2.717448298699e-10       4.591338141168e-12      -1.669666031129e-11       1.095042417498e-14       1.927654173580e-14       5.224230457072e-15      -5.770476230801e-16 
  725       2.727561886361e-10       4.565237476019e-12      -1.680397302961e-11       1.096357884848e-14       1.917907821328e-14       5.228873407673e-15      -5.739227975869e-16 
  726       2.737774312967e-10       4.538577511850e-12      -1.690692360647e-11       1.097687788197e-14       1.908221940066e-14       5.233177629501e-15      -5.707431616865e-16 
  727       2.748080893783e-10       4.511371464872e-12      -1.700549418377e-11       1.099031944168e-14       1.898596289296e-14       5.237147440396e-15      -5.675095407838e-16 
  728       2.758476887142e-10       4.483632726339e-12      -1.709966702412e-11       1.100390166239e-14       1.889030618473e-14       5.240787227720e-15      -5.642227720712e-16 
  729       2.768957494242e-10       4.455374863182e-12      -1.718942451164e-11       1.101762264729e-14       1.879524666951e-14       5.244101448616e-15      -5.608837045713e-16 
  730       2.779517858948e-10       4.426611618634e-12      -1.727474915271e-11       1.103148046784e-14       1.870078163947e-14       5.247094630272e-15      -5.574931991802e-16 
  731       2.790153067584e-10       4.397356912858e-12      -1.735562357678e-11       1.104547316367e-14       1.860690828488e-14       5.249771370185e-15      -5.540521287097e-16 
  732       2.800858148742e-10       4.367624843583e-12      -1.743203053717e-11       1.105959874245e-14       1.851362369371e-14       5.252136336419e-15      -5.505613779311e-16 
  733       2.811628073069e-10       4.337429686729e-12      -1.750395291182e-11       1.107385517976e-14       1.842092485115e-14       5.254194267874e-15      -5.470218436173e-16 
  734       2.822457753076e-10       4.306785897034e-12      -1.757137370411e-11       1.108824041898e-14       1.832880863919e-14       5.255949974543e-15      -5.434344345861e-16 
  735       2.833342042929e-10       4.275708108690e-12      -1.763427604362e-11       1.110275237114e-14       1.823727183612e-14       5.257408337775e-15      -5.398000717432e-16 
  736       2.844275738254e-10       4.244211135967e-12      -1.769264318694e-11       1.111738891482e-14       1.814631111613e-14       5.258574310541e-15      -5.361196881245e-16 
  737       2.855253575929e-10       4.212309973846e-12      -1.774645851845e-11       1.113214789605e-14       1.805592304882e-14       5.259452917695e-15      -5.323942289400e-16 
  738       2.866270233889e-10       4.180019798644e-12      -1.779570555109e-11       1.114702712811e-14       1.796610409878e-14       5.260049256235e-15      -5.286246516155e-16 
  739       2.877320330921e-10       4.147355968649e-12      -1.784036792715e-11       1.116202439148e-14       1.787685062509e-14       5.260368495566e-15      -5.248119258366e-16 
  740       2.888398426463e-10       4.114334024745e-12      -1.788042941910e-11       1.117713743370e-14       1.778815888094e-14       5.260415877765e-15      -5.209570335908e-16 
  741       2.899499020406e-10       4.080969691045e-12      -1.791587393030e-11       1.119236396921e-14       1.770002501311e-14       5.260196717839e-15      -5.170609692109e-16 
  742       2.910616552887e-10       4.047278875516e-12      -1.794668549587e-11       1.120770167928e-14       1.761244506155e-14       5.259716403992e-15      -5.131247394176e-16 
  743       2.921745404094e-10       4.013277670613e-12      -1.797284828339e-11       1.122314821185e-14       1.752541495894e-14       5.258980397886e-15      -5.091493633624e-16 
  744       2.932879894057e-10       3.978982353906e-12      -1.799434659376e-11       1.123870118140e-14       1.743893053021e-14       5.257994234901e-15      -5.051358726709e-16 
  745       2.944014282456e-10       3.944409388709e-12      -1.801116486194e-11       1.125435816886e-14       1.735298749211e-14       5.256763524402e-15      -5.010853114850e-16 
  746       2.955142768412e-10       3.909575424711e-12      -1.802328765779e-11       1.127011672149e-14       1.726758145275e-14       5.255293949998e-15      -4.969987365065e-16 
  747       2.966259490290e-10       3.874497298606e-12      -1.803069968676e-11       1.128597435269e-14       1.718270791114e-14       5.253591269805e-15      -4.928772170395e-16 
  748       2.977358525495e-10       3.839192034719e-12      -1.803338579079e-11       1.130192854195e-14       1.709836225675e-14       5.251661316711e-15      -4.887218350337e-16 
  749       2.988433890274e-10       3.803676845639e-12      -1.803133094902e-11       1.131797673471e-14       1.701453976908e-14       5.249509998636e-15      -4.845336851268e-16 
  750       2.999479539512e-10       3.767969132847e-12      -1.802452027859e-11       1.133411634221e-14       1.693123561715e-14       5.247143298795e-15      -4.803138746879e-16 
  751       3.010489366529e-10       3.732086487344e-12      -1.801293903545e-11       1.135034474138e-14       1.684844485910e-14       5.244567275961e-15      -4.760635238601e-16 
  752       3.021457202885e-10       3.696046690285e-12      -1.799657261513e-11       1.136665927473e-14       1.676616244172e-14       5.241788064728e-15      -4.717837656034e-16 
  753       3.032376818173e-10       3.659867713603e-12      -1.797540655354e-11       1.138305725020e-14       1.668438320000e-14       5.238811875771e-15      -4.674757457378e-16 
  754       3.043241919819e-10       3.623567720642e-12      -1.794942652771e-11       1.139953594107e-14       1.660310185668e-14       5.235644996112e-15      -4.631406229860e-16 
  755       3.054046152882e-10       3.587165066784e-12      -1.791861835665e-11       1.141609258582e-14       1.652231302178e-14       5.232293789380e-15      -4.587795690163e-16 
  756       3.064783099852e-10       3.550678300082e-12      -1.788296800207e-11       1.143272438798e-14       1.644201119220e-14       5.228764696076e-15      -4.543937684856e-16 
  757       3.075446280449e-10       3.514126161884e-12      -1.784246156921e-11       1.144942851606e-14       1.636219075119e-14       5.225064233831e-15      -4.499844190825e-16 
  758       3.086029151420e-10       3.477527587469e-12      -1.779708530760e-11       1.146620210339e-14       1.628284596798e-14       5.221198997675e-15      -4.455527315695e-16 
  759       3.096525106341e-10       3.440901706671e-12      -1.774682561187e-11       1.148304224799e-14       1.620397099727e-14       5.217175660293e-15      -4.410999298267e-16 
  760       3.106927475413e-10       3.404267844511e-12      -1.769166902252e-11       1.149994601249e-14       1.612555987880e-14       5.213000972292e-15      -4.366272508943e-16 
  761       3.117230090407e-10       3.367644440128e-12      -1.763161165084e-11       1.151691037547e-14       1.604760731638e-14       5.208679641977e-15      -4.321357760272e-16 
  762       3.127428991790e-10       3.331045779576e-12      -1.756668765029e-11       1.153393208490e-14       1.597011103225e-14       5.204207929579e-15      -4.276259202205e-16 
  763       3.137520753924e-10       3.294485201643e-12      -1.749694129249e-11       1.155100780168e-14       1.589306945694e-14       5.199579930751e-15      -4.230979329837e-16 
  764       3.147501922805e-10       3.257976174277e-12      -1.742241759520e-11       1.156813414772e-14       1.581648095362e-14       5.194789685755e-15      -4.185520664499e-16 
  765       3.157369015972e-10       3.221532294999e-12      -1.734316232513e-11       1.158530770581e-14       1.574034381779e-14       5.189831179282e-15      -4.139885753841e-16 
  766       3.167118522430e-10       3.185167291302e-12      -1.725922200061e-11       1.160252501948e-14       1.566465627699e-14       5.184698340276e-15      -4.094077171911e-16 
  767       3.176746902558e-10       3.148895021058e-12      -1.717064389439e-11       1.161978259289e-14       1.558941649050e-14       5.179385041762e-15      -4.048097519233e-16 
  768       3.186250588031e-10       3.112729472925e-12      -1.707747603631e-11       1.163707689068e-14       1.551462254909e-14       5.173885100664e-15      -4.001949422886e-16 
  769       3.195625981734e-10       3.076684766752e-12      -1.697976721609e-11       1.165440433784e-14       1.544027247468e-14       5.168192277634e-15      -3.955635536584e-16 
  770       3.204869457674e-10       3.040775153985e-12      -1.687756698603e-11       1.167176131956e-14       1.536636422008e-14       5.162300276870e-15      -3.909158540757e-16 
  771       3.213977360900e-10       3.005015018071e-12      -1.677092566378e-11       1.168914418113e-14       1.529289566870e-14       5.156202745946e-15      -3.862521142627e-16 
  772       3.222946007418e-10       2.969418874866e-12      -1.665989433504e-11       1.170654922777e-14       1.521986463424e-14       5.149893275632e-15      -3.815726076289e-16 
  773       3.231771684105e-10       2.934001373039e-12      -1.654452485635e-11       1.172397272454e-14       1.514726886041e-14       5.143365399715e-15      -3.768776102790e-16 
  774       3.240450648625e-10       2.898777294477e-12      -1.642486985775e-11       1.174141089615e-14       1.507510602066e-14       5.136612594831e-15      -3.721674010209e-16 
  775       3.248979129345e-10       2.863761554691e-12      -1.630098274559e-11       1.175885992688e-14       1.500337371784e-14       5.129628280279e-15      -3.674422613735e-16 
  776       3.257353325252e-10       2.828969203225e-12      -1.617291770522e-11       1.177631596042e-14       1.493206948397e-14       5.122405817854e-15      -3.627024755747e-16 
  777       3.265569405867e-10       2.794415424056e-12      -1.604072970375e-11       1.179377509973e-14       1.486119077990e-14       5.114938511662e-15      -3.579483305894e-16 
  778       3.273623511161e-10       2.760115536002e-12      -1.590447449278e-11       1.181123340692e-14       1.479073499506e-14       5.107219607950e-15      -3.531801161172e-16 
  779       3.281511751469e-10       2.726084993131e-12      -1.576420861113e-11       1.182868690314e-14       1.472069944714e-14       5.099242294927e-15      -3.483981246006e-16 
  780       3.289230207411e-10       2.692339385160e-12      -1.561998938759e-11       1.184613156837e-14       1.465108138179e-14       5.090999702588e-15      -3.436026512328e-16 
  781       3.296774929801e-10       2.658894437866e-12      -1.547187494364e-11       1.186356334139e-14       1.458187797239e-14       5.082484902540e-15      -3.387939939654e-16 
  782       3.304141939566e-10       2.625766013489e-12      -1.531992419622e-11       1.188097811956e-14       1.451308631968e-14       5.073690907820e-15      -3.339724535169e-16 
  783       3.311327227663e-10       2.592970111139e-12      -1.516419686040e-11       1.189837175872e-14       1.444470345153e-14       5.064610672725e-15      -3.291383333799e-16 
  784       3.318326754992e-10       2.560522867200e-12      -1.500475345219e-11       1.191574007308e-14       1.437672632263e-14       5.055237092633e-15      -3.242919398298e-16 
  785       3.325136452312e-10       2.528440555736e-12      -1.484165529125e-11       1.193307883503e-14       1.430915181419e-14       5.045563003825e-15      -3.194335819320e-16 
  786       3.331752220159e-10       2.496739588898e-12      -1.467496450360e-11       1.195038377507e-14       1.424197673366e-14       5.035581183313e-15      -3.145635715503e-16 
  787       3.338169928759e-10       2.465436517330e-12      -1.450474402440e-11       1.196765058162e-14       1.417519781443e-14       5.025284348660e-15      -3.096822233548e-16 
  788       3.344385417944e-10       2.434548030570e-12      -1.433105760065e-11       1.198487490094e-14       1.410881171558e-14       5.014665157803e-15      -3.047898548295e-16 
  789       3.350394497069e-10       2.404090957461e-12      -1.415396979395e-11       1.200205233695e-14       1.404281502151e-14       5.003716208883e-15      -2.998867862806e-16 
  790       3.356192944927e-10       2.374082266554e-12      -1.397354598322e-11       1.201917845111e-14       1.397720424173e-14       4.992430040061e-15      -2.949733408441e-16 
  791       3.361776509664e-10       2.344539066514e-12      -1.378985236747e-11       1.203624876230e-14       1.391197581052e-14       4.980799129345e-15      -2.900498444941e-16 
  792       3.367140908696e-10       2.315478606526e-12      -1.360295596849e-11       1.205325874669e-14       1.384712608667e-14       4.968815894415e-15      -2.851166260503e-16 
  793       3.372281828624e-10       2.286918276700e-12      -1.341292463362e-11       1.207020383759e-14       1.378265135318e-14       4.956472692446e-15      -2.801740171864e-16 
  794       3.377194925148e-10       2.258875608475e-12      -1.321982703845e-11       1.208707942530e-14       1.371854781694e-14       4.943761819930e-15      -2.752223524375e-16 
  795       3.381875822987e-10       2.231368275030e-12      -1.302373268962e-11       1.210388085702e-14       1.365481160849e-14       4.930675512501e-15      -2.702619692086e-16 
  796       3.386320115789e-10       2.204414091684e-12      -1.282471192751e-11       1.212060343670e-14       1.359143878169e-14       4.917205944758e-15      -2.652932077820e-16 
  797       3.390523366050e-10       2.178031016302e-12      -1.262283592895e-11       1.213724242487e-14       1.352842531346e-14       4.903345230092e-15      -2.603164113255e-16 
  798       3.394481105032e-10       2.152237149706e-12      -1.241817671005e-11       1.215379303857e-14       1.346576710346e-14       4.889085420505e-15      -2.553319259003e-16 
  799       3.398188832672e-10       2.127050736073e-12      -1.221080712882e-11       1.217025045117e-14       1.340345997384e-14       4.874418506434e-15      -2.503401004690e-16 
  800       3.401642717459e-10       2.102487968839e-12      -1.200080130513e-11       1.218661016198e-14       1.334150020080e-14       4.859339324660e-15      -2.453413956377e-16 
  801       3.404841710214e-10       2.078556363684e-12      -1.178823588301e-11       1.220286911262e-14       1.327988612080e-14       4.843854340524e-15      -2.403367120414e-16 
  802       3.407785468696e-10       2.055261265475e-12      -1.157318879676e-11       1.221902459077e-14       1.321861655307e-14       4.827973025548e-15      -2.353270679642e-16 
  803       3.410473661185e-10       2.032608031813e-12      -1.135573885874e-11       1.223507386218e-14       1.315769027023e-14       4.811704964228e-15      -2.303134911758e-16 
  804       3.412905966531e-10       2.010602033029e-12      -1.113596576213e-11       1.225101417064e-14       1.309710599805e-14       4.795059854412e-15      -2.252970189596e-16 
  805       3.415082074201e-10       1.989248652178e-12      -1.091395008381e-11       1.226684273790e-14       1.303686241528e-14       4.778047507660e-15      -2.202786981415e-16 
  806       3.417001684321e-10       1.968553285036e-12      -1.068977328713e-11       1.228255676359e-14       1.297695815347e-14       4.760677849616e-15      -2.152595851175e-16 
  807       3.418664507731e-10       1.948521340092e-12      -1.046351772476e-11       1.229815342520e-14       1.291739179674e-14       4.742960920377e-15      -2.102407458825e-16 
  808       3.420070266022e-10       1.929158238542e-12      -1.023526664145e-11       1.231362987796e-14       1.285816188163e-14       4.724906874859e-15      -2.052232560585e-16 
  809       3.421218691591e-10       1.910469414287e-12      -1.000510417691e-11       1.232898325482e-14       1.279926689690e-14       4.706525983169e-15      -2.002082009225e-16 
  810       3.422109527683e-10       1.892460313927e-12      -9.773115368587e-12       1.234421066639e-14       1.274070528333e-14       4.687828630967e-15      -1.951966754356e-16 
  811       3.422742528441e-10       1.875136396751e-12      -9.539386154482e-12       1.235930920082e-14       1.268247543353e-14       4.668825319842e-15      -1.901897842703e-16 
  812       3.423117458947e-10       1.858503134738e-12      -9.304003375973e-12       1.237427592379e-14       1.262457569175e-14       4.649526667674e-15      -1.851886418397e-16 
  813       3.423234095277e-10       1.842566012547e-12      -9.067054780629e-12       1.238910787843e-14       1.256700435369e-14       4.629943409006e-15      -1.801943723251e-16 
  814       3.423092224541e-10       1.827330527516e-12      -8.828629025018e-12       1.240380208525e-14       1.250975966633e-14       4.610086395409e-15      -1.752081097047e-16 
  815       3.422691644932e-10       1.812802189649e-12      -8.588815677531e-12       1.241835554207e-14       1.245283982770e-14       4.589966595854e-15      -1.702309977817e-16 
  816       3.422032165774e-10       1.798986521622e-12      -8.347705221188e-12       1.243276522400e-14       1.239624298672e-14       4.569595097079e-15      -1.652641902126e-16 
  817       3.421113607566e-10       1.785889058766e-12      -8.105389056459e-12       1.244702808329e-14       1.233996724300e-14       4.548983103955e-15      -1.603088505357e-16 
  818       3.419935802032e-10       1.773515349070e-12      -7.861959504077e-12       1.246114104935e-14       1.228401064664e-14       4.528141939858e-15      -1.553661521990e-16 
  819       3.418498592164e-10       1.761870953171e-12      -7.617509807851e-12       1.247510102865e-14       1.222837119805e-14       4.507083047035e-15      -1.504372785889e-16 
  820       3.416801832273e-10       1.750961444351e-12      -7.372134137482e-12       1.248890490465e-14       1.217304684776e-14       4.485817986972e-15      -1.455234230582e-16 
  821       3.414845388031e-10       1.740792408531e-12      -7.125927591379e-12       1.250254953774e-14       1.211803549624e-14       4.464358440764e-15      -1.406257889544e-16 
  822       3.412629136523e-10       1.731369444264e-12      -6.878986199472e-12       1.251603176520e-14       1.206333499367e-14       4.442716209481e-15      -1.357455896484e-16 
  823       3.410152966288e-10       1.722698162735e-12      -6.631406926026e-12       1.252934840109e-14       1.200894313979e-14       4.420903214539e-15      -1.308840485621e-16 
  824       3.407416777371e-10       1.714784187746e-12      -6.383287672460e-12       1.254249623622e-14       1.195485768371e-14       4.398931498067e-15      -1.260423991972e-16 
  825       3.404420481366e-10       1.707633155721e-12      -6.134727280156e-12       1.255547203810e-14       1.190107632367e-14       4.376813223275e-15      -1.212218851635e-16 
  826       3.401164001465e-10       1.701250715695e-12      -5.885825533279e-12       1.256827255081e-14       1.184759670690e-14       4.354560674820e-15      -1.164237602068e-16 
  827       3.397647272503e-10       1.695642529308e-12      -5.636683161586e-12       1.258089449502e-14       1.179441642943e-14       4.332186259182e-15      -1.116492882375e-16 
  828       3.393870241006e-10       1.690814270804e-12      -5.387401843248e-12       1.259333456786e-14       1.174153303585e-14       4.309702505023e-15      -1.068997433589e-16 
  829       3.389832865238e-10       1.686771627020e-12      -5.138084207659e-12       1.260558944287e-14       1.168894401918e-14       4.287122063560e-15      -1.021764098952e-16 
  830       3.385535115247e-10       1.683520297386e-12      -4.888833838250e-12       1.261765576999e-14       1.163664682063e-14       4.264457708933e-15      -9.748058242029e-17 
  831       3.380976972910e-10       1.681065993917e-12      -4.639755275312e-12       1.262953017540e-14       1.158463882944e-14       4.241722338575e-15      -9.281356578550e-17 
  832       3.376158431983e-10       1.679414441206e-12      -4.390954018801e-12       1.264120926153e-14       1.153291738268e-14       4.218928973576e-15      -8.817667514822e-17 
  833       3.371079498146e-10       1.678571376423e-12      -4.142536531157e-12       1.265268960699e-14       1.148147976506e-14       4.196090759053e-15      -8.357123600008e-17 
  834       3.365740189051e-10       1.678542549305e-12      -3.894610240120e-12       1.266396776646e-14       1.143032320873e-14       4.173220964521e-15      -7.899858419528e-17 
  835       3.360140534365e-10       1.679333722154e-12      -3.647283541543e-12       1.267504027068e-14       1.137944489311e-14       4.150332984259e-15      -7.446006597884e-17 
  836       3.354280575823e-10       1.680950669831e-12      -3.400665802208e-12       1.268590362632e-14       1.132884194467e-14       4.127440337676e-15      -6.995703801491e-17 
  837       3.348160367268e-10       1.683399179749e-12      -3.154867362636e-12       1.269655431601e-14       1.127851143678e-14       4.104556669684e-15      -6.549086741506e-17 
  838       3.341779974703e-10       1.686685051869e-12      -2.909999539912e-12       1.270698879819e-14       1.122845038947e-14       4.081695751064e-15      -6.106293176658e-17 
  839       3.335139903407e-10       1.690812138614e-12      -2.666166311718e-12       1.271720405150e-14       1.117865613933e-14       4.058868740769e-15      -5.667428993108e-17 
  840       3.328242387347e-10       1.695776427249e-12      -2.423439204216e-12       1.272719921842e-14       1.112912745649e-14       4.036075919888e-15      -5.232468810536e-17 
  841       3.321090122288e-10       1.701571854546e-12      -2.181881972894e-12       1.273697399008e-14       1.107986344668e-14       4.013314814616e-15      -4.801353652602e-17 
  842       3.313685840878e-10       1.708192257198e-12      -1.941558883153e-12       1.274652806447e-14       1.103086318282e-14       3.990582921190e-15      -4.374023710449e-17 
  843       3.306032312761e-10       1.715631371480e-12      -1.702534711699e-12       1.275586114650e-14       1.098212570488e-14       3.967877705790e-15      -3.950418339924e-17 
  844       3.298132344704e-10       1.723882832911e-12      -1.464874747944e-12       1.276497294796e-14       1.093365001974e-14       3.945196604446e-15      -3.530476058807e-17 
  845       3.289988780708e-10       1.732940175911e-12      -1.228644795403e-12       1.277386318762e-14       1.088543510109e-14       3.922537022933e-15      -3.114134544030e-17 
  846       3.281604502134e-10       1.742796833468e-12      -9.939111730962e-13       1.278253159121e-14       1.083747988931e-14       3.899896336678e-15      -2.701330628900e-17 
  847       3.272982427820e-10       1.753446136793e-12      -7.607407169401e-13       1.279097789145e-14       1.078978329130e-14       3.877271890662e-15      -2.292000300323e-17 
  848       3.264125514199e-10       1.764881314984e-12      -5.292007811525e-13       1.279920182813e-14       1.074234418038e-14       3.854660999318e-15      -1.886078696029e-17 
  849       3.255036755423e-10       1.777095494686e-12      -2.993592396472e-13       1.280720314807e-14       1.069516139617e-14       3.832060946437e-15      -1.483500101791e-17 
  850       3.245719183477e-10       1.790081699754e-12      -7.128448743387e-14       1.281498160519e-14       1.064823374444e-14       3.809468985070e-15      -1.084197948651e-17 
  851       3.236175868302e-10       1.803832850909e-12       1.549545579844e-13       1.282253696054e-14       1.060155999699e-14       3.786882337428e-15      -6.881048101440e-18 
  852       3.226409917912e-10       1.818341765405e-12       3.792884552127e-13       1.282986898229e-14       1.055513889155e-14       3.764298194785e-15      -2.951523995175e-18 
  853       3.216424478517e-10       1.833601156685e-12       6.016472375655e-13       1.283697744580e-14       1.050896913159e-14       3.741713717380e-15       9.472843304215e-19 
  854       3.206222734639e-10       1.849603634043e-12       8.219604116689e-13       1.284386213364e-14       1.046304938627e-14       3.719126034320e-15       4.816077031883e-18 
  855       3.195807909233e-10       1.866341702288e-12       1.040156956062e-12       1.285052283561e-14       1.041737829024e-14       3.696532243481e-15       8.655562951903e-18 
  856       3.185183263806e-10       1.883807761402e-12       1.256165319799e-12       1.285695934876e-14       1.037195444356e-14       3.673929411410e-15       1.246645964711e-17 
  857       3.174352098537e-10       1.901994106199e-12       1.469913421051e-12       1.286317147743e-14       1.032677641156e-14       3.651314573227e-15       1.624949341581e-17 
  858       3.163317752396e-10       1.920892925991e-12       1.681328645705e-12       1.286915903330e-14       1.028184272471e-14       3.628684732529e-15       2.000539932582e-17 
  859       3.152083603263e-10       1.940496304246e-12       1.890337845970e-12       1.287492183535e-14       1.023715187848e-14       3.606036861291e-15       2.373492124214e-17 
  860       3.140653068048e-10       1.960796218247e-12       2.096867338977e-12       1.288045970999e-14       1.019270233323e-14       3.583367899764e-15       2.743881185483e-17 
  861       3.129029602812e-10       1.981784538758e-12       2.300842905379e-12       1.288577249099e-14       1.014849251409e-14       3.560674756386e-15       3.111783270668e-17 
  862       3.117216702883e-10       2.003453029679e-12       2.502189787954e-12       1.289086001958e-14       1.010452081081e-14       3.537954307675e-15       3.477275422105e-17 
  863       3.105217902979e-10       2.025793347712e-12       2.700832690206e-12       1.289572214442e-14       1.006078557763e-14       3.515203398137e-15       3.840435572961e-17 
  864       3.093036777324e-10       2.048797042019e-12       2.896695774970e-12       1.290035872168e-14       1.001728513317e-14       3.492418840166e-15       4.201342550011e-17 
  865       3.080676939770e-10       2.072455553882e-12       3.089702663007e-12       1.290476961505e-14       9.974017760319e-15       3.469597413943e-15       4.560076076414e-17 
  866       3.068142043916e-10       2.096760216369e-12       3.279776431614e-12       1.290895469575e-14       9.930981706055e-15       3.446735867346e-15       4.916716774492e-17 
  867       3.055435783227e-10       2.121702253989e-12       3.466839613217e-12       1.291291384257e-14       9.888175181359e-15       3.423830915845e-15       5.271346168507e-17 
  868       3.042561891154e-10       2.147272782354e-12       3.650814193981e-12       1.291664694193e-14       9.845596361076e-15       3.400879242405e-15       5.624046687434e-17 
  869       3.029524141253e-10       2.173462807844e-12       3.831621612406e-12       1.292015388786e-14       9.803243383785e-15       3.377877497392e-15       5.974901667742e-17 
  870       3.016326347302e-10       2.200263227264e-12       4.009182757930e-12       1.292343458203e-14       9.761114351675e-15       3.354822298471e-15       6.323995356172e-17 
  871       3.002972363427e-10       2.227664827505e-12       4.183417969531e-12       1.292648893385e-14       9.719207330412e-15       3.331710230510e-15       6.671412912507e-17 
  872       2.989466084215e-10       2.255658285208e-12       4.354247034330e-12       1.292931686039e-14       9.677520349019e-15       3.308537845482e-15       7.017240412357e-17 
  873       2.975811444836e-10       2.284234166420e-12       4.521589186191e-12       1.293191828649e-14       9.636051399741e-15       3.285301662366e-15       7.361564849931e-17 
  874       2.962012421163e-10       2.313382926260e-12       4.685363104324e-12       1.293429314478e-14       9.594798437922e-15       3.261998167051e-15       7.704474140813e-17 
  875       2.948073029889e-10       2.343094908576e-12       4.845486911884e-12       1.293644137566e-14       9.553759381875e-15       3.238623812237e-15       8.046057124746e-17 
  876       2.933997328651e-10       2.373360345609e-12       5.001878174576e-12       1.293836292738e-14       9.512932112757e-15       3.215175017334e-15       8.386403568399e-17 
  877       2.919789416145e-10       2.404169357650e-12       5.154453899255e-12       1.294005775603e-14       9.472314474438e-15       3.191648168372e-15       8.725604168151e-17 
  878       2.905453385115e-10       2.435511400784e-12       5.303142284506e-12       1.294152620080e-14       9.431904533775e-15       3.168040826154e-15       9.063718201285e-17 
  879       2.890993180228e-10       2.467373600717e-12       5.447918189345e-12       1.294277011638e-14       9.391701366424e-15       3.144355372959e-15       9.400675884468e-17 
  880       2.876412738069e-10       2.499742390574e-12       5.588768251481e-12       1.294379175944e-14       9.351704283839e-15       3.120595426283e-15       9.736374397299e-17 
  881       2.861716034179e-10       2.532604059880e-12       5.725679189214e-12       1.294459341521e-14       9.311912573972e-15       3.096764636162e-15       1.007071008449e-16 
  882       2.846907083159e-10       2.565944754137e-12       5.858637801867e-12       1.294517739757e-14       9.272325501183e-15       3.072866685266e-15       1.040357845364e-16 
  883       2.831989938789e-10       2.599750474400e-12       5.987630970214e-12       1.294554604913e-14       9.232942306156e-15       3.048905288983e-15       1.073487417295e-16 
  884       2.816968694135e-10       2.634007076853e-12       6.112645656907e-12       1.294570174135e-14       9.193762205809e-15       3.024884195515e-15       1.106449106897e-16 
  885       2.801847481664e-10       2.668700272381e-12       6.233668906906e-12       1.294564687459e-14       9.154784393209e-15       3.000807185965e-15       1.139232212439e-16 
  886       2.786630473354e-10       2.703815626147e-12       6.350687847911e-12       1.294538387819e-14       9.116008037483e-15       2.976678074428e-15       1.171825947572e-16 
  887       2.771321880809e-10       2.739338557167e-12       6.463689690786e-12       1.294491521061e-14       9.077432283732e-15       2.952500708080e-15       1.204219441109e-16 
  888       2.755925955368e-10       2.775254337885e-12       6.572661729991e-12       1.294424335946e-14       9.039056252945e-15       2.928278967266e-15       1.236401736799e-16 
  889       2.740446988219e-10       2.811548093747e-12       6.677591344010e-12       1.294337084161e-14       9.000879041908e-15       2.904016765596e-15       1.268361793098e-16 
  890       2.724889310511e-10       2.848204802779e-12       6.778465995781e-12       1.294230020330e-14       8.962899723121e-15       2.879718050029e-15       1.300088482946e-16 
  891       2.709257293465e-10       2.885209295158e-12       6.875273233124e-12       1.294103402017e-14       8.925117344709e-15       2.855386800966e-15       1.331570593545e-16 
  892       2.693555348489e-10       2.922546252790e-12       6.968000689171e-12       1.293957489741e-14       8.887530930336e-15       2.831027032337e-15       1.362796826127e-16 
  893       2.677787927284e-10       2.960200208885e-12       7.056636082793e-12       1.293792546979e-14       8.850139479113e-15       2.806642791697e-15       1.393755795733e-16 
  894       2.661959521965e-10       2.998155547530e-12       7.141167219031e-12       1.293608840180e-14       8.812941965520e-15       2.782238160309e-15       1.424436030988e-16 
  895       2.646074665164e-10       3.036396503266e-12       7.221581989524e-12       1.293406638768e-14       8.775937339310e-15       2.757817253238e-15       1.454825973874e-16 
  896       2.630137930150e-10       3.074907160663e-12       7.297868372938e-12       1.293186215157e-14       8.739124525426e-15       2.733384219440e-15       1.484913979503e-16 
  897       2.614153930934e-10       3.113671453894e-12       7.370014435396e-12       1.292947844755e-14       8.702502423914e-15       2.708943241850e-15       1.514688315897e-16 
  898       2.598127322389e-10       3.152673166311e-12       7.438008330906e-12       1.292691805972e-14       8.666069909835e-15       2.684498537478e-15       1.544137163756e-16 
  899       2.582062800353e-10       3.191895930019e-12       7.501838301789e-12       1.292418380235e-14       8.629825833177e-15       2.660054357490e-15       1.573248616239e-16 
  900       2.565965101749e-10       3.231323225452e-12       7.561492679112e-12       1.292127851990e-14       8.593769018771e-15       2.635614987306e-15       1.602010678734e-16 
  901       2.549839004693e-10       3.270938380949e-12       7.616959883110e-12       1.291820508712e-14       8.557898266200e-15       2.611184746685e-15       1.630411268635e-16 
  902       2.533689328607e-10       3.310724572326e-12       7.668228423624e-12       1.291496640917e-14       8.522212349712e-15       2.586767989818e-15       1.658438215116e-16 
  903       2.517520934332e-10       3.350664822455e-12       7.715286900520e-12       1.291156542167e-14       8.486710018138e-15       2.562369105416e-15       1.686079258905e-16 
  904       2.501338724240e-10       3.390742000837e-12       7.758124004128e-12       1.290800509082e-14       8.451389994798e-15       2.537992516800e-15       1.713322052061e-16 
  905       2.485147642342e-10       3.430938823174e-12       7.796728515662e-12       1.290428841345e-14       8.416250977419e-15       2.513642681992e-15       1.740154157745e-16 
  906       2.468952674408e-10       3.471237850952e-12       7.831089307656e-12       1.290041841713e-14       8.381291638045e-15       2.489324093804e-15       1.766563049997e-16 
  907       2.452758848072e-10       3.511621491008e-12       7.861195344388e-12       1.289639816025e-14       8.346510622951e-15       2.465041279929e-15       1.792536113512e-16 
  908       2.436571232948e-10       3.552071995109e-12       7.887035682314e-12       1.289223073213e-14       8.311906552555e-15       2.440798803031e-15       1.818060643412e-16 
  909       2.420394940740e-10       3.592571459529e-12       7.908599470490e-12       1.288791925305e-14       8.277478021333e-15       2.416601260832e-15       1.843123845021e-16 
  910       2.404235125356e-10       3.633101824617e-12       7.925875951008e-12       1.288346687440e-14       8.243223597730e-15       2.392453286206e-15       1.867712833641e-16 
  911       2.388096983019e-10       3.673644874380e-12       7.938854459421e-12       1.287887677873e-14       8.209141824070e-15       2.368359547268e-15       1.891814634326e-16 
  912       2.371985752380e-10       3.714182236055e-12       7.947524425173e-12       1.287415217984e-14       8.175231216477e-15       2.344324747461e-15       1.915416181656e-16 
  913       2.355906714628e-10       3.754695379682e-12       7.951875372028e-12       1.286929632289e-14       8.141490264779e-15       2.320353625649e-15       1.938504319513e-16 
  914       2.339865193605e-10       3.795165617681e-12       7.951896918500e-12       1.286431248446e-14       8.107917432426e-15       2.296450956206e-15       1.961065800855e-16 
  915       2.323866555915e-10       3.835574104429e-12       7.947578778279e-12       1.285920397263e-14       8.074511156401e-15       2.272621549108e-15       1.983087287490e-16 
  916       2.307916211040e-10       3.875901835830e-12       7.938910760664e-12       1.285397412712e-14       8.041269847136e-15       2.248870250017e-15       2.004555349851e-16 
  917       2.292019173656e-10       3.916130793252e-12       7.925891064906e-12       1.284862630268e-14       8.008192077345e-15       2.225201460998e-15       2.025460343678e-16 
  918       2.276178742731e-10       3.956247396132e-12       7.908551307112e-12       1.284316381911e-14       7.975277152023e-15       2.201617694097e-15       2.045808108147e-16 
  919       2.260397801615e-10       3.996239103503e-12       7.886931892693e-12       1.283759001062e-14       7.942524547354e-15       2.178120994907e-15       2.065608453561e-16 
  920       2.244679253982e-10       4.036093274356e-12       7.861073760184e-12       1.283190824252e-14       7.909933722546e-15       2.154713419881e-15       2.084871301656e-16 
  921       2.229026023876e-10       4.075797167380e-12       7.831018382847e-12       1.282612191129e-14       7.877504119771e-15       2.131397036357e-15       2.103606685930e-16 
  922       2.213441055760e-10       4.115337940701e-12       7.796807770290e-12       1.282023444462e-14       7.845235164107e-15       2.108173922576e-15       2.121824751965e-16 
  923       2.197927314568e-10       4.154702651618e-12       7.758484470074e-12       1.281424930156e-14       7.813126263475e-15       2.085046167705e-15       2.139535757759e-16 
  924       2.182487785754e-10       4.193878256343e-12       7.716091569324e-12       1.280816997258e-14       7.781176808581e-15       2.062015871859e-15       2.156750074052e-16 
  925       2.167125475340e-10       4.232851609739e-12       7.669672696343e-12       1.280199997963e-14       7.749386172853e-15       2.039085146121e-15       2.173478184654e-16 
  926       2.151843409970e-10       4.271609465056e-12       7.619272022220e-12       1.279574287624e-14       7.717753712385e-15       2.016256112566e-15       2.189730686770e-16 
  927       2.136644636953e-10       4.310138473674e-12       7.564934262443e-12       1.278940224764e-14       7.686278765871e-15       1.993530904282e-15       2.205518291331e-16 
  928       2.121532224321e-10       4.348425184837e-12       7.506704678513e-12       1.278298171077e-14       7.654960654552e-15       1.970911665389e-15       2.220851823316e-16 
  929       2.106509260869e-10       4.386456045390e-12       7.444629079550e-12       1.277648491445e-14       7.623798682147e-15       1.948400551065e-15       2.235742222086e-16 
  930       2.091578856216e-10       4.424217399524e-12       7.378753823907e-12       1.276991553938e-14       7.592792134803e-15       1.925999727563e-15       2.250200541705e-16 
  931       2.076744140843e-10       4.461695488506e-12       7.309125820782e-12       1.276327729831e-14       7.561940281024e-15       1.903711372237e-15       2.264237951272e-16 
  932       2.062008266153e-10       4.498876450424e-12       7.235792531829e-12       1.275657393603e-14       7.531242371621e-15       1.881537673560e-15       2.277865735245e-16 
  933       2.047374404513e-10       4.535746319920e-12       7.158801972766e-12       1.274980922956e-14       7.500697639644e-15       1.859480831147e-15       2.291095293772e-16 
  934       2.032845749310e-10       4.572291027933e-12       7.078202714992e-12       1.274298698813e-14       7.470305300325e-15       1.837543055779e-15       2.303938143014e-16 
  935       2.018425514994e-10       4.608496401431e-12       6.994043887194e-12       1.273611105335e-14       7.440064551019e-15       1.815726569419e-15       2.316405915474e-16 
  936       2.004116937134e-10       4.644348163157e-12       6.906375176960e-12       1.272918529924e-14       7.409974571140e-15       1.794033605240e-15       2.328510360328e-16 
  937       1.989923272463e-10       4.679831931361e-12       6.815246832389e-12       1.272221363232e-14       7.380034522106e-15       1.772466407641e-15       2.340263343744e-16 
  938       1.975847798932e-10       4.714933219539e-12       6.720709663704e-12       1.271519999175e-14       7.350243547273e-15       1.751027232274e-15       2.351676849220e-16 
  939       1.961893815756e-10       4.749637436175e-12       6.622815044863e-12       1.270814834932e-14       7.320600771879e-15       1.729718346061e-15       2.362762977901e-16 
  940       1.948064643465e-10       4.783929884476e-12       6.521614915168e-12       1.270106270962e-14       7.291105302983e-15       1.708542027217e-15       2.373533948912e-16 
  941       1.934363623955e-10       4.817795762111e-12       6.417161780879e-12       1.269394711009e-14       7.261756229403e-15       1.687500565273e-15       2.384002099688e-16 
  942       1.920794120536e-10       4.851220160948e-12       6.309508716825e-12       1.268680562108e-14       7.232552621658e-15       1.666596261097e-15       2.394179886292e-16 
  943       1.907359517981e-10       4.884188066794e-12       6.198709368014e-12       1.267964234598e-14       7.203493531905e-15       1.645831426915e-15       2.404079883752e-16 
  944       1.894063222579e-10       4.916684359133e-12       6.084817951244e-12       1.267246142127e-14       7.174577993882e-15       1.625208386331e-15       2.413714786382e-16 
  945       1.880908662181e-10       4.948693810864e-12       5.967889256717e-12       1.266526701665e-14       7.145805022847e-15       1.604729474354e-15       2.423097408113e-16 
  946       1.867899286255e-10       4.980201088038e-12       5.847978649647e-12       1.265806333504e-14       7.117173615516e-15       1.584397037414e-15       2.432240682818e-16 
  947       1.855038565926e-10       5.011190749597e-12       5.725142071873e-12       1.265085461277e-14       7.088682750003e-15       1.564213433386e-15       2.441157664641e-16 
  948       1.842329994039e-10       5.041647247114e-12       5.599436043471e-12       1.264364511957e-14       7.060331385762e-15       1.544181031610e-15       2.449861528323e-16 
  949       1.829777085195e-10       5.071554924528e-12       5.470917664363e-12       1.263643915872e-14       7.032118463526e-15       1.524302212918e-15       2.458365569529e-16 
  950       1.817383375812e-10       5.100898017884e-12       5.339644615931e-12       1.262924106709e-14       7.004042905244e-15       1.504579369647e-15       2.466683205177e-16 
  951       1.805152424168e-10       5.129660655072e-12       5.205675162626e-12       1.262205521528e-14       6.976103614025e-15       1.485014905668e-15       2.474827973765e-16 
  952       1.793087810453e-10       5.157826855564e-12       5.069068153580e-12       1.261488600763e-14       6.948299474076e-15       1.465611236404e-15       2.482813535696e-16 
  953       1.781193136818e-10       5.185380530151e-12       4.929883024218e-12       1.260773788236e-14       6.920629350639e-15       1.446370788853e-15       2.490653673610e-16 
  954       1.769472027427e-10       5.212305480683e-12       4.788179797870e-12       1.260061531164e-14       6.893092089936e-15       1.427296001607e-15       2.498362292706e-16 
  955       1.757928128502e-10       5.238585399809e-12       4.644019087378e-12       1.259352280168e-14       6.865686519104e-15       1.408389324879e-15       2.505953421071e-16 
  956       1.746564567913e-10       5.264205967876e-12       4.497462652445e-12       1.258646451583e-14       6.838411579667e-15       1.389652470258e-15       2.513437476292e-16 
  957       1.735382324785e-10       5.289161179274e-12       4.348575077732e-12       1.257944313753e-14       6.811266730286e-15       1.371084147392e-15       2.520810002137e-16 
  958       1.724381835080e-10       5.313447112211e-12       4.197422123592e-12       1.257246099018e-14       6.784251550043e-15       1.352682292777e-15       2.528062760461e-16 
  959       1.713563529785e-10       5.337059840333e-12       4.044070174345e-12       1.256552041255e-14       6.757365605422e-15       1.334444816804e-15       2.535187449162e-16 
  960       1.702927834891e-10       5.359995432727e-12       3.888586239957e-12       1.255862375882e-14       6.730608450271e-15       1.316369603685e-15       2.542175702024e-16 
  961       1.692475171368e-10       5.382249953939e-12       3.731037957728e-12       1.255177339863e-14       6.703979625758e-15       1.298454511373e-15       2.549019088551e-16 
  962       1.682205955149e-10       5.403819463988e-12       3.571493593978e-12       1.254497171706e-14       6.677478660326e-15       1.280697371488e-15       2.555709113804e-16 
  963       1.672120597106e-10       5.424700018377e-12       3.410022045726e-12       1.253822111475e-14       6.651105069654e-15       1.263095989238e-15       2.562237218241e-16 
  964       1.662219503029e-10       5.444887668108e-12       3.246692842380e-12       1.253152400785e-14       6.624858356612e-15       1.245648143346e-15       2.568594777551e-16 
  965       1.652503073606e-10       5.464378459692e-12       3.081576147414e-12       1.252488282813e-14       6.598738011219e-15       1.228351585969e-15       2.574773102496e-16 
  966       1.642971704400e-10       5.483168435168e-12       2.914742760060e-12       1.251830002295e-14       6.572743510599e-15       1.211204042621e-15       2.580763438746e-16 
  967       1.633625785829e-10       5.501253632112e-12       2.746264116987e-12       1.251177805533e-14       6.546874318941e-15       1.194203212102e-15       2.586556966718e-16 
  968       1.624465703143e-10       5.518630083650e-12       2.576212293987e-12       1.250531940401e-14       6.521129887454e-15       1.177346766414e-15       2.592144801409e-16 
  969       1.615491836409e-10       5.535293818473e-12       2.404660007659e-12       1.249892656340e-14       6.495509654324e-15       1.160632350689e-15       2.597517992242e-16 
  970       1.606704560480e-10       5.551240860852e-12       2.231680617093e-12       1.249260204371e-14       6.470013044675e-15       1.144057583110e-15       2.602667522896e-16 
  971       1.598104244982e-10       5.566467230645e-12       2.057348125553e-12       1.248634837094e-14       6.444639470521e-15       1.127620054835e-15       2.607584311146e-16 
  972       1.589691254290e-10       5.580968943319e-12       1.881737182165e-12       1.248016808690e-14       6.419388330726e-15       1.111317329920e-15       2.612259208703e-16 
  973       1.581465947505e-10       5.594742009956e-12       1.704923083596e-12       1.247406374927e-14       6.394259010963e-15       1.095146945243e-15       2.616683001048e-16 
  974       1.573428678436e-10       5.607782437270e-12       1.526981775742e-12       1.246803793165e-14       6.369250883668e-15       1.079106410426e-15       2.620846407273e-16 
  975       1.565579795577e-10       5.620086227617e-12       1.347989855412e-12       1.246209322356e-14       6.344363308000e-15       1.063193207759e-15       2.624740079914e-16 
  976       1.557919642086e-10       5.631649379014e-12       1.168024572009e-12       1.245623223047e-14       6.319595629795e-15       1.047404792121e-15       2.628354604794e-16 
  977       1.550448555764e-10       5.642467885147e-12       9.871638292181e-13       1.245045757388e-14       6.294947181526e-15       1.031738590909e-15       2.631680500856e-16 
  978       1.543166869035e-10       5.652537735385e-12       8.054861866875e-13       1.244477189132e-14       6.270417282262e-15       1.016192003953e-15       2.634708220003e-16 
  979       1.536074908921e-10       5.661854914796e-12       6.230708617149e-13       1.243917783640e-14       6.246005237621e-15       1.000762403447e-15       2.637428146937e-16 
  980       1.529172997027e-10       5.670415404159e-12       4.399977309309e-13       1.243367807883e-14       6.221710339728e-15       9.854471338665e-16       2.639830598992e-16 
  981       1.522461449514e-10       5.678215179975e-12       2.563473319829e-13       1.242827530447e-14       6.197531867175e-15       9.702435118954e-16       2.641905825977e-16 
  982       1.515940577080e-10       5.685250214484e-12       7.220086521959e-14       1.242297221535e-14       6.173469084978e-15       9.551488263471e-16       2.643644010007e-16 
  983       1.509610684941e-10       5.691516475675e-12      -1.123598046250e-13       1.241777152972e-14       6.149521244531e-15       9.401603380884e-16       2.645035265349e-16 
  984       1.503472072805e-10       5.697009927302e-12      -2.972521467471e-13       1.241267598208e-14       6.125687583567e-15       9.252752799628e-16       2.646069638252e-16 
  985       1.497525034856e-10       5.701726528895e-12      -4.823929625893e-13       1.240768832323e-14       6.101967326111e-15       9.104908567137e-16       2.646737106790e-16 
  986       1.491769859729e-10       5.705662235775e-12      -6.676983841562e-13       1.240281132025e-14       6.078359682444e-15       8.958042449074e-16       2.647027580694e-16 
  987       1.486206830492e-10       5.708812999066e-12      -8.530838723303e-13       1.239804775661e-14       6.054863849054e-15       8.812125928563e-16       2.646930901195e-16 
  988       1.480836224621e-10       5.711174765710e-12      -1.038464215188e-12       1.239340043215e-14       6.031479008595e-15       8.667130205425e-16       2.646436840860e-16 
  989       1.475658313982e-10       5.712743478478e-12      -1.223753526314e-12       1.238887216314e-14       6.008204329846e-15       8.523026195406e-16       2.645535103429e-16 
  990       1.470673364810e-10       5.713515075983e-12      -1.408865243121e-12       1.238446578231e-14       5.985038967666e-15       8.379784529411e-16       2.644215323650e-16 
  991       1.465881637683e-10       5.713485492699e-12      -1.593712125160e-12       1.238018413887e-14       5.961982062955e-15       8.237375552734e-16       2.642467067122e-16 
  992       1.461283387508e-10       5.712650658965e-12      -1.778206252440e-12       1.237603009859e-14       5.939032742607e-15       8.095769324294e-16       2.640279830129e-16 
  993       1.456878863494e-10       5.711006501008e-12      -1.962259023744e-12       1.237200654378e-14       5.916190119467e-15       7.954935615863e-16       2.637643039477e-16 
  994       1.452668309136e-10       5.708548940946e-12      -2.145781154942e-12       1.236811637334e-14       5.893453292295e-15       7.814843911302e-16       2.634546052336e-16 
  995       1.448651622690e-10       5.705275664769e-12      -2.328689371892e-12       1.236436201546e-14       5.870821446070e-15       7.675469310836e-16       2.630981575967e-16 
  996       1.444827333213e-10       5.701191454645e-12      -2.510926600159e-12       1.236074395771e-14       5.848294154632e-15       7.536810340391e-16       2.626955982242e-16 
  997       1.441193609450e-10       5.696302934912e-12      -2.692442068333e-12       1.235726219540e-14       5.825871082400e-15       7.398871402171e-16       2.622479144220e-16 
  998       1.437748597912e-10       5.690616811446e-12      -2.873184639448e-12       1.235391671699e-14       5.803551884392e-15       7.261656893265e-16       2.617561030230e-16 
  999       1.434490422810e-10       5.684139871890e-12      -3.053102810102e-12       1.235070750407e-14       5.781336206194e-15       7.125171205592e-16       2.612211704126e-16 
 1000       1.431417185992e-10       5.676878985876e-12      -3.232144709592e-12       1.234763453134e-14       5.759223683926e-15       6.989418725845e-16       2.606441325534e-16 
 1001       1.428526966885e-10       5.668841105260e-12      -3.410258099032e-12       1.234469776653e-14       5.737213944217e-15       6.854403835447e-16       2.600260150107e-16 
 1002       1.425817822427e-10       5.660033264340e-12      -3.587390370485e-12       1.234189717047e-14       5.715306604170e-15       6.720130910487e-16       2.593678529776e-16 
 1003       1.423287787009e-10       5.650462580093e-12      -3.763488546088e-12       1.233923269697e-14       5.693501271333e-15       6.586604321675e-16       2.586706913000e-16 
 1004       1.420934872413e-10       5.640136252396e-12      -3.938499277179e-12       1.233670429288e-14       5.671797543670e-15       6.453828434287e-16       2.579355845020e-16 
 1005       1.418757067746e-10       5.629061564255e-12      -4.112368843421e-12       1.233431189799e-14       5.650195009526e-15       6.321807608111e-16       2.571635968111e-16 
 1006       1.416752339380e-10       5.617245882032e-12      -4.285043151931e-12       1.233205544508e-14       5.628693247602e-15       6.190546197395e-16       2.563558021831e-16 
 1007       1.414918630890e-10       5.604696655675e-12      -4.456467736404e-12       1.232993485983e-14       5.607291826921e-15       6.060048550795e-16       2.555132843275e-16 
 1008       1.413253862992e-10       5.591421418941e-12      -4.626587756245e-12       1.232795006084e-14       5.585990306798e-15       5.930319011320e-16       2.546371367325e-16 
 1009       1.411755933478e-10       5.577427789628e-12      -4.795347995688e-12       1.232610095959e-14       5.564788236810e-15       5.801361916281e-16       2.537284626903e-16 
 1010       1.410422717158e-10       5.562723469796e-12      -4.962692862927e-12       1.232438746040e-14       5.543685156765e-15       5.673181597236e-16       2.527883753224e-16 
 1011       1.409252065795e-10       5.547316246002e-12      -5.128566389241e-12       1.232280946044e-14       5.522680596671e-15       5.545782379941e-16       2.518179976043e-16 
 1012       1.408241808041e-10       5.531213989523e-12      -5.292912228122e-12       1.232136684969e-14       5.501774076707e-15       5.419168584293e-16       2.508184623912e-16 
 1013       1.407389749379e-10       5.514424656583e-12      -5.455673654399e-12       1.232005951091e-14       5.480965107191e-15       5.293344524279e-16       2.497909124427e-16 
 1014       1.406693672057e-10       5.496956288582e-12      -5.616793563366e-12       1.231888731962e-14       5.460253188550e-15       5.168314507923e-16       2.487365004486e-16 
 1015       1.406151335030e-10       5.478817012322e-12      -5.776214469909e-12       1.231785014407e-14       5.439637811290e-15       5.044082837232e-16       2.476563890533e-16 
 1016       1.405760473892e-10       5.460015040236e-12      -5.933878507631e-12       1.231694784524e-14       5.419118455963e-15       4.920653808147e-16       2.465517508815e-16 
 1017       1.405518800818e-10       5.440558670614e-12      -6.089727427980e-12       1.231618027677e-14       5.398694593140e-15       4.798031710485e-16       2.454237685633e-16 
 1018       1.405424004501e-10       5.420456287831e-12      -6.243702599372e-12       1.231554728501e-14       5.378365683378e-15       4.676220827888e-16       2.442736347591e-16 
 1019       1.405473750088e-10       5.399716362574e-12      -6.395745006323e-12       1.231504870890e-14       5.358131177191e-15       4.555225437772e-16       2.431025521850e-16 
 1020       1.405665679118e-10       5.378347452070e-12      -6.545795248571e-12       1.231468438003e-14       5.337990515017e-15       4.435049811273e-16       2.419117336381e-16 
 1021       1.405997409464e-10       5.356358200311e-12      -6.693793540204e-12       1.231445412257e-14       5.317943127190e-15       4.315698213191e-16       2.407024020213e-16 
 1022       1.406466535264e-10       5.333757338285e-12      -6.839679708786e-12       1.231435775326e-14       5.297988433909e-15       4.197174901942e-16       2.394757903688e-16 
 1023       1.407070626864e-10       5.310553684202e-12      -6.983393194486e-12       1.231439508139e-14       5.278125845206e-15       4.079484129504e-16       2.382331418710e-16 
 1024       1.407807230753e-10       5.286756143720e-12      -7.124873049198e-12       1.231456590876e-14       5.258354760917e-15       3.962630141360e-16       2.369757099000e-16 
 1025       1.408673869500e-10       5.262373710172e-12      -7.264057935675e-12       1.231487002968e-14       5.238674570650e-15       3.846617176451e-16       2.357047580343e-16 
 1026       1.409668041696e-10       5.237415464797e-12      -7.400886126653e-12       1.231530723093e-14       5.219084653757e-15       3.731449467120e-16       2.344215600844e-16 
 1027       1.410787221887e-10       5.211890576963e-12      -7.535295503972e-12       1.231587729171e-14       5.199584379299e-15       3.617131239058e-16       2.331274001179e-16 
 1028       1.412028860514e-10       5.185808304399e-12      -7.667223557712e-12       1.231657998369e-14       5.180173106020e-15       3.503666711254e-16       2.318235724845e-16 
 1029       1.413390383851e-10       5.159177993416e-12      -7.796607385312e-12       1.231741507091e-14       5.160850182316e-15       3.391060095940e-16       2.305113818411e-16 
 1030       1.414869193940e-10       5.132009079141e-12      -7.923383690699e-12       1.231838230979e-14       5.141614946199e-15       3.279315598538e-16       2.291921431774e-16 
 1031       1.416462668533e-10       5.104311085740e-12      -8.047488783415e-12       1.231948144912e-14       5.122466725275e-15       3.168437417612e-16       2.278671818406e-16 
 1032       1.418168161026e-10       5.076093626647e-12      -8.168858577742e-12       1.232071222999e-14       5.103404836706e-15       3.058429744805e-16       2.265378335609e-16 
 1033       1.419983000400e-10       5.047366404791e-12      -8.287428591831e-12       1.232207438581e-14       5.084428587183e-15       2.949296764798e-16       2.252054444763e-16 
 1034       1.421904499138e-10       5.018139651857e-12      -8.403143343161e-12       1.232356734152e-14       5.065537349073e-15       2.841046432214e-16       2.238710999125e-16 
 1035       1.423929977241e-10       4.988425452401e-12      -8.515984682082e-12       1.232518930657e-14       5.046730790105e-15       2.733701860921e-16       2.225348064730e-16 
 1036       1.426056738429e-10       4.958236438894e-12      -8.625943856842e-12       1.232693816911e-14       5.028008646865e-15       2.627290095540e-16       2.211962984433e-16 
 1037       1.428282062128e-10       4.927585354661e-12      -8.733012153734e-12       1.232881179544e-14       5.009370648897e-15       2.521838349436e-16       2.198553079831e-16 
 1038       1.430603203410e-10       4.896485054157e-12      -8.837180897272e-12       1.233080803004e-14       4.990816518675e-15       2.417374005095e-16       2.185115651214e-16 
 1039       1.433017392928e-10       4.864948503244e-12      -8.938441450369e-12       1.233292469545e-14       4.972345971585e-15       2.313924614488e-16       2.171647977512e-16 
 1040       1.435521836857e-10       4.832988779469e-12      -9.036785214525e-12       1.233515959226e-14       4.953958715900e-15       2.211517899447e-16       2.158147316241e-16 
 1041       1.438113716835e-10       4.800619072339e-12      -9.132203629998e-12       1.233751049899e-14       4.935654452760e-15       2.110181752033e-16       2.144610903453e-16 
 1042       1.440790189895e-10       4.767852683597e-12      -9.224688175989e-12       1.233997517211e-14       4.917432876151e-15       2.009944234904e-16       2.131035953682e-16 
 1043       1.443548388410e-10       4.734703027501e-12      -9.314230370821e-12       1.234255134591e-14       4.899293672879e-15       1.910833581693e-16       2.117419659890e-16 
 1044       1.446385420030e-10       4.701183631099e-12      -9.400821772121e-12       1.234523673250e-14       4.881236522551e-15       1.812878197370e-16       2.103759193419e-16 
 1045       1.449298367617e-10       4.667308134503e-12      -9.484453976995e-12       1.234802902172e-14       4.863261097553e-15       1.716106658621e-16       2.090051703933e-16 
 1046       1.452284289188e-10       4.633090291173e-12      -9.565118622214e-12       1.235092588108e-14       4.845367063028e-15       1.620547714210e-16       2.076294319372e-16 
 1047       1.455340217853e-10       4.598543968184e-12      -9.642807384390e-12       1.235392495572e-14       4.827554076851e-15       1.526230285357e-16       2.062484145893e-16 
 1048       1.458463161751e-10       4.563683146512e-12      -9.717511980158e-12       1.235702386834e-14       4.809821789611e-15       1.433183466106e-16       2.048618267821e-16 
 1049       1.461650103991e-10       4.528521921302e-12      -9.789224166354e-12       1.236022021914e-14       4.792169844588e-15       1.341436523692e-16       2.034693747597e-16 
 1050       1.464898002589e-10       4.493074502151e-12      -9.857935740198e-12       1.236351158578e-14       4.774597877728e-15       1.251018898919e-16       2.020707625725e-16 
 1051       1.468203790410e-10       4.457355213383e-12      -9.923638539473e-12       1.236689552331e-14       4.757105517626e-15       1.161960206524e-16       2.006656920717e-16 
 1052       1.471564375100e-10       4.421378494321e-12      -9.986324442702e-12       1.237036956410e-14       4.739692385499e-15       1.074290235552e-16       1.992538629045e-16 
 1053       1.474976639033e-10       4.385158899572e-12      -1.004598536933e-11       1.237393121782e-14       4.722358095168e-15       9.880389497225e-17       1.978349725085e-16 
 1054       1.478437439241e-10       4.348711099296e-12      -1.010261327992e-11       1.237757797132e-14       4.705102253032e-15       9.032364878047e-17       1.964087161067e-16 
 1055       1.481943607362e-10       4.312049879487e-12      -1.015620017628e-11       1.238130728864e-14       4.687924458052e-15       8.199131639849e-17       1.949747867019e-16 
 1056       1.485491949569e-10       4.275190142247e-12      -1.020673810173e-11       1.238511661091e-14       4.670824301721e-15       7.380994682383e-17       1.935328750719e-16 
 1057       1.489079246514e-10       4.238146906063e-12      -1.025421914120e-11       1.238900335630e-14       4.653801368049e-15       6.578260666996e-17       1.920826697641e-16 
 1058       1.492702253269e-10       4.200935306088e-12      -1.029863542145e-11       1.239296491998e-14       4.636855233537e-15       5.791238020335e-17       1.906238570900e-16 
 1059       1.496357699257e-10       4.163570594409e-12      -1.033997911124e-11       1.239699867404e-14       4.619985467156e-15       5.020236938052e-17       1.891561211202e-16 
 1060       1.500042288198e-10       4.126068140333e-12      -1.037824242152e-11       1.240110196744e-14       4.603191630327e-15       4.265569388513e-17       1.876791436793e-16 
 1061       1.503752698043e-10       4.088443430656e-12      -1.041341760561e-11       1.240527212594e-14       4.586473276896e-15       3.527549116503e-17       1.861926043401e-16 
 1062       1.507485580915e-10       4.050712069943e-12      -1.044549695935e-11       1.240950645209e-14       4.569829953111e-15       2.806491646932e-17       1.846961804192e-16 
 1063       1.511237563047e-10       4.012889780805e-12      -1.047447282133e-11       1.241380222511e-14       4.553261197607e-15       2.102714288542e-17       1.831895469710e-16 
 1064       1.515005244719e-10       3.974992404174e-12      -1.050033757302e-11       1.241815670086e-14       4.536766541374e-15       1.416536137615e-17       1.816723767825e-16 
 1065       1.518785200200e-10       3.937035899583e-12      -1.052308363899e-11       1.242256711178e-14       4.520345507744e-15       7.482780816733e-18       1.801443403688e-16 
 1066       1.522573977682e-10       3.899036345436e-12      -1.054270348706e-11       1.242703066687e-14       4.503997612363e-15       9.826280319350e-19       1.786051059670e-16 
 1067       1.526368099225e-10       3.861009939290e-12      -1.055918962850e-11       1.243154455154e-14       4.487722363171e-15      -5.331852166922e-18       1.770543395314e-16 
 1068       1.530164060689e-10       3.822972998132e-12      -1.057253461822e-11       1.243610592766e-14       4.471519260382e-15      -1.145739694488e-17       1.754917047281e-16 
 1069       1.533958331676e-10       3.784941958652e-12      -1.058273105490e-11       1.244071193341e-14       4.455387796458e-15      -1.739072540628e-17       1.739168629298e-16 
 1070       1.537747355469e-10       3.746933377521e-12      -1.058977158122e-11       1.244535968329e-14       4.439327456090e-15      -2.312853855772e-17       1.723294732106e-16 
 1071       1.541527548968e-10       3.708963931668e-12      -1.059364888404e-11       1.245004626802e-14       4.423337716176e-15      -2.866751927095e-17       1.707291923408e-16 
 1072       1.545295302632e-10       3.671050418558e-12      -1.059435569454e-11       1.245476875452e-14       4.407418045795e-15      -3.400433224584e-17       1.691156747813e-16 
 1073       1.549047274988e-10       3.633208711743e-12      -1.059189138683e-11       1.245952423162e-14       4.391567960882e-15      -3.913674975501e-17       1.674886803847e-16 
 1074       1.552781280678e-10       3.595450611396e-12      -1.058628187172e-11       1.246430994817e-14       4.375787189091e-15      -4.406704573878e-17       1.658483991124e-16 
 1075       1.556495414381e-10       3.557786951445e-12      -1.057755997418e-11       1.246912317673e-14       4.360075507128e-15      -4.879864785325e-17       1.641951307287e-16 
 1076       1.560187757312e-10       3.520228640567e-12      -1.056575886039e-11       1.247396116785e-14       4.344432686252e-15      -5.333501595965e-17       1.625291775013e-16 
 1077       1.563856377184e-10       3.482786662365e-12      -1.055091203861e-11       1.247882115005e-14       4.328858492255e-15      -5.767964220449e-17       1.608508442079e-16 
 1078       1.567499328182e-10       3.445472075528e-12      -1.053305336000e-11       1.248370032972e-14       4.313352685447e-15      -6.183605109976e-17       1.591604381416e-16 
 1079       1.571114650931e-10       3.408296014003e-12      -1.051221701955e-11       1.248859589112e-14       4.297915020640e-15      -6.580779960309e-17       1.574582691173e-16 
 1080       1.574700372467e-10       3.371269687161e-12      -1.048843755693e-11       1.249350499628e-14       4.282545247130e-15      -6.959847719789e-17       1.557446494776e-16 
 1081       1.578254506201e-10       3.334404379966e-12      -1.046174985731e-11       1.249842478498e-14       4.267243108684e-15      -7.321170597353e-17       1.540198940985e-16 
 1082       1.581775051896e-10       3.297711453143e-12      -1.043218915230e-11       1.250335237468e-14       4.252008343520e-15      -7.665114070551e-17       1.522843203958e-16 
 1083       1.585259995629e-10       3.261202343344e-12      -1.039979102076e-11       1.250828486048e-14       4.236840684293e-15      -7.992046893563e-17       1.505382483305e-16 
 1084       1.588707309765e-10       3.224888563317e-12      -1.036459138969e-11       1.251321931505e-14       4.221739858078e-15      -8.302341105212e-17       1.487820004155e-16 
 1085       1.592114952925e-10       3.188781702073e-12      -1.032662653511e-11       1.251815278859e-14       4.206705586352e-15      -8.596372036986e-17       1.470159017208e-16 
 1086       1.595480869954e-10       3.152893425056e-12      -1.028593308290e-11       1.252308230878e-14       4.191737584982e-15      -8.874518321048e-17       1.452402798801e-16 
 1087       1.598802991892e-10       3.117235474307e-12      -1.024254800969e-11       1.252800488070e-14       4.176835564205e-15      -9.137161898258e-17       1.434554650964e-16 
 1088       1.602079235944e-10       3.081819668637e-12      -1.019650864370e-11       1.253291748681e-14       4.161999228613e-15      -9.384688026187e-17       1.416617901482e-16 
 1089       1.605307505445e-10       3.046657903790e-12      -1.014785266564e-11       1.253781708689e-14       4.147228277134e-15      -9.617485287134e-17       1.398595903951e-16 
 1090       1.608485689834e-10       3.011762152612e-12      -1.009661810955e-11       1.254270061798e-14       4.132522403022e-15      -9.835945596143e-17       1.380492037843e-16 
 1091       1.611611664622e-10       2.977144465221e-12      -1.004284336370e-11       1.254756499432e-14       4.117881293833e-15      -1.004046420902e-16       1.362309708562e-16 
 1092       1.614683291359e-10       2.942816969172e-12      -9.986567171402e-12       1.255240710730e-14       4.103304631416e-15      -1.023143973034e-16       1.344052347504e-16 
 1093       1.617698417607e-10       2.908791869627e-12      -9.927828631942e-12       1.255722382543e-14       4.088792091891e-15      -1.040927412148e-16       1.325723412117e-16 
 1094       1.620654876906e-10       2.875081449521e-12      -9.866667201399e-12       1.256201199426e-14       4.074343345635e-15      -1.057437270862e-16       1.307326385963e-16 
 1095       1.623550488746e-10       2.841698069730e-12      -9.803122693533e-12       1.256676843634e-14       4.059958057265e-15      -1.072714419079e-16       1.288864778775e-16 
 1096       1.626383058532e-10       2.808654169241e-12      -9.737235280650e-12       1.257148995116e-14       4.045635885623e-15      -1.086800064783e-16       1.270342126516e-16 
 1097       1.629150377561e-10       2.775962265318e-12      -9.669045494465e-12       1.257617331509e-14       4.031376483759e-15      -1.099735754846e-16       1.251761991442e-16 
 1098       1.631850222982e-10       2.743634953669e-12      -9.598594226973e-12       1.258081528135e-14       4.017179498915e-15      -1.111563375827e-16       1.233127962158e-16 
 1099       1.634480357771e-10       2.711684908614e-12      -9.525922731314e-12       1.258541257996e-14       4.003044572507e-15      -1.122325154774e-16       1.214443653683e-16 
 1100       1.637038530701e-10       2.680124883257e-12      -9.451072622642e-12       1.258996191763e-14       3.988971340110e-15      -1.132063660027e-16       1.195712707501e-16 
 1101       1.639522476308e-10       2.648967709646e-12      -9.374085878990e-12       1.259445997779e-14       3.974959431443e-15      -1.140821802017e-16       1.176938791632e-16 
 1102       1.641929914860e-10       2.618226298949e-12      -9.295004842138e-12       1.259890342047e-14       3.961008470349e-15      -1.148642834071e-16       1.158125600680e-16 
 1103       1.644258552331e-10       2.587913641615e-12      -9.213872218483e-12       1.260328888228e-14       3.947118074783e-15      -1.155570353211e-16       1.139276855903e-16 
 1104       1.646506080366e-10       2.558042807547e-12      -9.130731079899e-12       1.260761297635e-14       3.933287856792e-15      -1.161648300955e-16       1.120396305265e-16 
 1105       1.648670176250e-10       2.528626946266e-12      -9.045624864611e-12       1.261187229228e-14       3.919517422503e-15      -1.166920964123e-16       1.101487723500e-16 
 1106       1.650748502880e-10       2.499679287080e-12      -8.958597378062e-12       1.261606339608e-14       3.905806372100e-15      -1.171432975634e-16       1.082554912171e-16 
 1107       1.652738708735e-10       2.471213139255e-12      -8.869692793774e-12       1.262018283011e-14       3.892154299815e-15      -1.175229315309e-16       1.063601699728e-16 
 1108       1.654638427839e-10       2.443241892178e-12      -8.778955654221e-12       1.262422711306e-14       3.878560793908e-15      -1.178355310675e-16       1.044631941570e-16 
 1109       1.656445279738e-10       2.415779015525e-12      -8.686430871695e-12       1.262819273986e-14       3.865025436649e-15      -1.180856637764e-16       1.025649520102e-16 
 1110       1.658156869466e-10       2.388838059433e-12      -8.592163729171e-12       1.263207618164e-14       3.851547804306e-15      -1.182779321914e-16       1.006658344799e-16 
 1111       1.659770787513e-10       2.362432654664e-12      -8.496199881175e-12       1.263587388569e-14       3.838127467124e-15      -1.184169738574e-16       9.876623522611e-17 
 1112       1.661284983511e-10       2.336574702878e-12      -8.398585879271e-12       1.263958260728e-14       3.824764033781e-15      -1.185067972696e-16       9.686653493700e-17 
 1113       1.662698892736e-10       2.311268921059e-12      -8.299370754325e-12       1.264320041013e-14       3.811457285408e-15      -1.185487799765e-16       9.496705403781e-17 
 1114       1.664012324348e-10       2.286518225730e-12      -8.198604456751e-12       1.264672567899e-14       3.798207043292e-15      -1.185436443294e-16       9.306809937235e-17 
 1115       1.665225089024e-10       2.262325536339e-12      -8.096337334705e-12       1.265015678890e-14       3.785013124564e-15      -1.184921192529e-16       9.116997984159e-17 
 1116       1.666336998963e-10       2.238693775256e-12      -7.992620134992e-12       1.265349210522e-14       3.771875342180e-15      -1.183949402612e-16       8.927300640813e-17 
 1117       1.667347867893e-10       2.215625867760e-12      -7.887504003995e-12       1.265672998355e-14       3.758793504912e-15      -1.182528494732e-16       8.737749210063e-17 
 1118       1.668257511073e-10       2.193124742034e-12      -7.781040488584e-12       1.265986876976e-14       3.745767417335e-15      -1.180665956288e-16       8.548375201825e-17 
 1119       1.669065745302e-10       2.171193329158e-12      -7.673281537040e-12       1.266290679993e-14       3.732796879818e-15      -1.178369341044e-16       8.359210333512e-17 
 1120       1.669772388925e-10       2.149834563100e-12      -7.564279499969e-12       1.266584240034e-14       3.719881688507e-15      -1.175646269286e-16       8.170286530479e-17 
 1121       1.670377261835e-10       2.129051380707e-12      -7.454087131224e-12       1.266867388747e-14       3.707021635316e-15      -1.172504427983e-16       7.981635926465e-17 
 1122       1.670880185480e-10       2.108846721701e-12      -7.342757588818e-12       1.267139956795e-14       3.694216507916e-15      -1.168951570942e-16       7.793290864042e-17 
 1123       1.671280982871e-10       2.089223528669e-12      -7.230344435847e-12       1.267401773855e-14       3.681466089721e-15      -1.164995518965e-16       7.605283895056e-17 
 1124       1.671579478583e-10       2.070184747053e-12      -7.116901641405e-12       1.267652668617e-14       3.668770159876e-15      -1.160644160012e-16       7.417647781075e-17 
 1125       1.671775498764e-10       2.051733325149e-12      -7.002483581503e-12       1.267892468782e-14       3.656128493245e-15      -1.155905449351e-16       7.230415493833e-17 
 1126       1.671868871141e-10       2.033872214091e-12      -6.887145039987e-12       1.268121001056e-14       3.643540860400e-15      -1.150787409721e-16       7.043620215672e-17 
 1127       1.671859425021e-10       2.016604367850e-12      -6.770941209457e-12       1.268338091155e-14       3.631007027611e-15      -1.145298131489e-16       6.857295339993e-17 
 1128       1.671746991302e-10       1.999932743224e-12      -6.653927692181e-12       1.268543563794e-14       3.618526756828e-15      -1.139445772806e-16       6.671474471694e-17 
 1129       1.671531402475e-10       1.983860299829e-12      -6.536160501018e-12       1.268737242693e-14       3.606099805674e-15      -1.133238559766e-16       6.486191427620e-17 
 1130       1.671212492630e-10       1.968390000091e-12      -6.417696060334e-12       1.268918950572e-14       3.593725927432e-15      -1.126684786564e-16       6.301480237007e-17 
 1131       1.670790097464e-10       1.953524809244e-12      -6.298591206920e-12       1.269088509146e-14       3.581404871032e-15      -1.119792815653e-16       6.117375141923e-17 
 1132       1.670264054282e-10       1.939267695313e-12      -6.178903190909e-12       1.269245739127e-14       3.569136381039e-15      -1.112571077902e-16       5.933910597719e-17 
 1133       1.669634202008e-10       1.925621629115e-12      -6.058689676695e-12       1.269390460222e-14       3.556920197643e-15      -1.105028072752e-16       5.751121273468e-17 
 1134       1.668900381185e-10       1.912589584247e-12      -5.938008743853e-12       1.269522491126e-14       3.544756056643e-15      -1.097172368378e-16       5.569042052417e-17 
 1135       1.668062433985e-10       1.900174537077e-12      -5.816918888052e-12       1.269641649525e-14       3.532643689441e-15      -1.089012601843e-16       5.387708032423e-17 
 1136       1.667120204210e-10       1.888379466741e-12      -5.695479021979e-12       1.269747752093e-14       3.520582823023e-15      -1.080557479255e-16       5.207154526404e-17 
 1137       1.666073537305e-10       1.877207355130e-12      -5.573748476252e-12       1.269840614488e-14       3.508573179954e-15      -1.071815775929e-16       5.027417062785e-17 
 1138       1.664922280354e-10       1.866661186887e-12      -5.451787000340e-12       1.269920051351e-14       3.496614478358e-15      -1.062796336541e-16       4.848531385936e-17 
 1139       1.663666282093e-10       1.856743949396e-12      -5.329654763483e-12       1.269985876304e-14       3.484706431915e-15      -1.053508075286e-16       4.670533456625e-17 
 1140       1.662305392911e-10       1.847458632777e-12      -5.207412355606e-12       1.270037901948e-14       3.472848749842e-15      -1.043959976039e-16       4.493459452458e-17 
 1141       1.660839464858e-10       1.838808229875e-12      -5.085120788241e-12       1.270075939860e-14       3.461041136884e-15      -1.034161092508e-16       4.317345768323e-17 
 1142       1.659268351651e-10       1.830795736254e-12      -4.962841495442e-12       1.270099800595e-14       3.449283293300e-15      -1.024120548396e-16       4.142229016840e-17 
 1143       1.657591908677e-10       1.823424150192e-12      -4.840636334703e-12       1.270109293675e-14       3.437574914856e-15      -1.013847537555e-16       3.968146028801e-17 
 1144       1.655809992999e-10       1.816696472669e-12      -4.718567587880e-12       1.270104227598e-14       3.425915692807e-15      -1.003351324146e-16       3.795133853617e-17 
 1145       1.653922463365e-10       1.810615707361e-12      -4.596697962105e-12       1.270084409827e-14       3.414305313886e-15      -9.926412427966e-17       3.623229759763e-17 
 1146       1.651929180208e-10       1.805184860632e-12      -4.475090590704e-12       1.270049646793e-14       3.402743460297e-15      -9.817266987582e-17       3.452471235223e-17 
 1147       1.649830005657e-10       1.800406941528e-12      -4.353809034116e-12       1.269999743889e-14       3.391229809697e-15      -9.706171680635e-17       3.282895987934e-17 
 1148       1.647624803537e-10       1.796284961768e-12      -4.232917280815e-12       1.269934505474e-14       3.379764035187e-15      -9.593221976849e-17       3.114541946231e-17 
 1149       1.645313439381e-10       1.792821935735e-12      -4.112479748220e-12       1.269853734865e-14       3.368345805300e-15      -9.478514056915e-17       2.947447259292e-17 
 1150       1.642895780429e-10       1.790020880470e-12      -3.992561283619e-12       1.269757234336e-14       3.356974783987e-15      -9.362144814074e-17       2.781650297585e-17 
 1151       1.640371933871e-10       1.787883335180e-12      -3.873222176640e-12       1.269644844671e-14       3.345650664470e-15      -9.244149438217e-17       2.617180704420e-17 
 1152       1.637742964869e-10       1.786404899183e-12      -3.754503125489e-12       1.269516564362e-14       3.334373271280e-15      -9.124313297391e-17       2.454032425338e-17 
 1153       1.635010187660e-10       1.785579637293e-12      -3.636440081650e-12       1.269372431922e-14       3.323142459493e-15      -9.002357670835e-17       2.292190337154e-17 
 1154       1.632174928178e-10       1.785401555021e-12      -3.519069221479e-12       1.269212486466e-14       3.311958080968e-15      -8.878001945746e-17       2.131639165423e-17 
 1155       1.629238524085e-10       1.785864598435e-12      -3.402426946676e-12       1.269036767714e-14       3.300819984348e-15      -8.750963613213e-17       1.972363484074e-17 
 1156       1.626202324790e-10       1.786962654019e-12      -3.286549884747e-12       1.268845315995e-14       3.289728015041e-15      -8.620958264140e-17       1.814347715047e-17 
 1157       1.623067691483e-10       1.788689548531e-12      -3.171474889474e-12       1.268638172245e-14       3.278682015220e-15      -8.487699585176e-17       1.657576127926e-17 
 1158       1.619835997159e-10       1.791039048861e-12      -3.057239041380e-12       1.268415378010e-14       3.267681823807e-15      -8.350899354643e-17       1.502032839574e-17 
 1159       1.616508626645e-10       1.794004861888e-12      -2.943879648194e-12       1.268176975451e-14       3.256727276469e-15      -8.210267438466e-17       1.347701813769e-17 
 1160       1.613086976630e-10       1.797580634342e-12      -2.831434245321e-12       1.267923007338e-14       3.245818205606e-15      -8.065511786099e-17       1.194566860841e-17 
 1161       1.609572455687e-10       1.801759952659e-12      -2.719940596306e-12       1.267653517057e-14       3.234954440344e-15      -7.916338426455e-17       1.042611637302e-17 
 1162       1.605966484306e-10       1.806536342840e-12      -2.609436693300e-12       1.267368548612e-14       3.224135806525e-15      -7.762451463833e-17       8.918196454843e-18 
 1163       1.602270494914e-10       1.811903270311e-12      -2.499960757530e-12       1.267068146622e-14       3.213362126699e-15      -7.603553073847e-17       7.421742331764e-18 
 1164       1.598485931910e-10       1.817854139778e-12      -2.391551239763e-12       1.266752356327e-14       3.202633220112e-15      -7.439343499353e-17       5.936585932554e-18 
 1165       1.594614251685e-10       1.824382295090e-12      -2.284246820771e-12       1.266421223587e-14       3.191948902703e-15      -7.269521046380e-17       4.462557633237e-18 
 1166       1.590656922656e-10       1.831481019091e-12      -2.178086411802e-12       1.266074794885e-14       3.181308987089e-15      -7.093782080057e-17       2.999486253434e-18 
 1167       1.586615425285e-10       1.839143533487e-12      -2.073109155042e-12       1.265713117325e-14       3.170713282558e-15      -6.911821020540e-17       1.547199052717e-18 
 1168       1.582491252113e-10       1.847362998696e-12      -1.969354424085e-12       1.265336238640e-14       3.160161595064e-15      -6.723330338941e-17       1.055217269557e-19 
 1169       1.578285907784e-10       1.856132513709e-12      -1.866861824398e-12       1.264944207186e-14       3.149653727211e-15      -6.528000553259e-17      -1.325721595331e-18 
 1170       1.574000909073e-10       1.865445115952e-12      -1.765671193788e-12       1.264537071950e-14       3.139189478250e-15      -6.325520224303e-17      -2.746708356623e-18 
 1171       1.569637784913e-10       1.875293781140e-12      -1.665822602866e-12       1.264114882547e-14       3.128768644066e-15      -6.115575951624e-17      -4.157617574052e-18 
 1172       1.565198076419e-10       1.885671423135e-12      -1.567356355519e-12       1.263677689224e-14       3.118391017173e-15      -5.897852369445e-17      -5.558629843050e-18 
 1173       1.560683336920e-10       1.896570893809e-12      -1.470312989371e-12       1.263225542860e-14       3.108056386702e-15      -5.672032142583e-17      -6.949927340998e-18 
 1174       1.556095131985e-10       1.907984982896e-12      -1.374733276254e-12       1.262758494969e-14       3.097764538392e-15      -5.437795962385e-17      -8.331693830877e-18 
 1175       1.551435039447e-10       1.919906417858e-12      -1.280658222670e-12       1.262276597700e-14       3.087515254583e-15      -5.194822542648e-17      -9.704114664917e-18 
 1176       1.546704649432e-10       1.932327863734e-12      -1.188129070264e-12       1.261779903840e-14       3.077308314206e-15      -4.942788615557e-17      -1.106737678825e-17 
 1177       1.541905564388e-10       1.945241923007e-12      -1.097187296282e-12       1.261268466813e-14       3.067143492774e-15      -4.681368927603e-17      -1.242166874255e-17 
 1178       1.537039399108e-10       1.958641135458e-12      -1.007874614044e-12       1.260742340684e-14       3.057020562373e-15      -4.410236235519e-17      -1.376718066971e-17 
 1179       1.532107780760e-10       1.972517978023e-12      -9.202329734114e-13       1.260201580161e-14       3.046939291654e-15      -4.129061302207e-17      -1.510410431543e-17 
 1180       1.527112348915e-10       1.986864864655e-12      -8.343045612468e-13       1.259646240593e-14       3.036899445822e-15      -3.837512892661e-17      -1.643263303296e-17 
 1181       1.522054755570e-10       2.001674146181e-12      -7.501318018869e-13       1.259076377975e-14       3.026900786631e-15      -3.535257769902e-17      -1.775296178667e-17 
 1182       1.516936665179e-10       2.016938110159e-12      -6.677573576064e-13       1.258492048947e-14       3.016943072369e-15      -3.221960690903e-17      -1.906528715572e-17 
 1183       1.511759754678e-10       2.032648980736e-12      -5.872241290849e-13       1.257893310799e-14       3.007026057855e-15      -2.897284402518e-17      -2.036980733774e-17 
 1184       1.506525713514e-10       2.048798918512e-12      -5.085752558734e-13       1.257280221468e-14       2.997149494427e-15      -2.560889637410e-17      -2.166672215245e-17 
 1185       1.501236243669e-10       2.065380020388e-12      -4.318541168614e-13       1.256652839542e-14       2.987313129932e-15      -2.212435109978e-17      -2.295623304530e-17 
 1186       1.495893059690e-10       2.082384319436e-12      -3.571043307425e-13       1.256011224261e-14       2.977516708721e-15      -1.851577512289e-17      -2.423854309118e-17 
 1187       1.490497888714e-10       2.099803784746e-12      -2.843697564820e-13       1.255355435520e-14       2.967759971637e-15      -1.477971510003e-17      -2.551385699798e-17 
 1188       1.485052470497e-10       2.117630321296e-12      -2.136944937825e-13       1.254685533868e-14       2.958042656006e-15      -1.091269738302e-17      -2.678238111031e-17 
 1189       1.479558557440e-10       2.135855769798e-12      -1.451228835513e-13       1.254001580511e-14       2.948364495630e-15      -6.911227978182e-18      -2.804432341313e-17 
 1190       1.474017915115e-10       2.154471555924e-12      -7.869255146437e-14       1.253303659684e-14       2.938725245716e-15      -2.773407976415e-18      -2.929983742028e-17 
 1191       1.468432323805e-10       2.173467633515e-12      -1.441344418925e-14       1.252591946071e-14       2.929124758025e-15       1.496198354624e-18      -3.054885307836e-17 
 1192       1.462803577037e-10       2.192833528104e-12       4.771146339953e-14       1.251866638216e-14       2.919562906631e-15       5.891371950903e-18      -3.179124379316e-17 
 1193       1.457133481109e-10       2.212558686216e-12       1.076792347961e-13       1.251127936230e-14       2.910039563054e-15       1.040584890341e-17      -3.302688235532e-17 
 1194       1.451423855125e-10       2.232632475189e-12       1.654869719856e-13       1.250376041795e-14       2.900554596256e-15       1.503332036211e-17      -3.425564093918e-17 
 1195       1.445676531012e-10       2.253044183009e-12       2.211318155670e-13       1.249611158170e-14       2.891107872633e-15       1.976743243986e-17      -3.547739110173e-17 
 1196       1.439893353556e-10       2.273783018137e-12       2.746109448750e-13       1.248833490190e-14       2.881699256010e-15       2.460178611633e-17      -3.669200378147e-17 
 1197       1.434076180422e-10       2.294838109334e-12       3.259215781031e-13       1.248043244270e-14       2.872328607632e-15       2.952993714199e-17      -3.789934929732e-17 
 1198       1.428226882186e-10       2.316198505496e-12       3.750609724258e-13       1.247240628411e-14       2.862995786156e-15       3.454539594203e-17      -3.909929734754e-17 
 1199       1.422347342360e-10       2.337853175477e-12       4.220264241208e-13       1.246425852204e-14       2.853700647649e-15       3.964162752025e-17      -4.029171700860e-17 
 1200       1.416439457419e-10       2.359791007921e-12       4.668152686922e-13       1.245599126828e-14       2.844443045576e-15       4.481205136307e-17      -4.147647673407e-17 
 1201       1.410505136831e-10       2.382000811088e-12       5.094248809923e-13       1.244760665058e-14       2.835222830796e-15       5.005004134342e-17      -4.265344435356e-17 
 1202       1.404546303078e-10       2.404471312686e-12       5.498526753441e-13       1.243910681269e-14       2.826039851556e-15       5.534892562469e-17      -4.382248707160e-17 
 1203       1.398564891691e-10       2.427191159697e-12       5.880961056644e-13       1.243049391436e-14       2.816893953481e-15       6.070198656467e-17      -4.498347146651e-17 
 1204       1.392562851269e-10       2.450148918205e-12       6.241526655855e-13       1.242177013138e-14       2.807784979569e-15       6.610246061948e-17      -4.613626348934e-17 
 1205       1.386542143513e-10       2.473333073229e-12       6.580198885784e-13       1.241293765566e-14       2.798712770186e-15       7.154353824751e-17      -4.728072846275e-17 
 1206       1.380504743250e-10       2.496732028546e-12       6.896953480745e-13       1.240399869518e-14       2.789677163054e-15       7.701836381337e-17      -4.841673107991e-17 
 1207       1.374452638458e-10       2.520334106525e-12       7.191766575889e-13       1.239495547411e-14       2.780677993250e-15       8.252003549182e-17      -4.954413540339e-17 
 1208       1.368387830299e-10       2.544127547949e-12       7.464614708420e-13       1.238581023279e-14       2.771715093196e-15       8.804160517168e-17      -5.066280486408e-17 
 1209       1.362312333140e-10       2.568100511852e-12       7.715474818828e-13       1.237656522779e-14       2.762788292652e-15       9.357607835981e-17      -5.177260226008e-17 
 1210       1.356228174584e-10       2.592241075340e-12       7.944324252109e-13       1.236722273192e-14       2.753897418712e-15       9.911641408503e-17      -5.287338975556e-17 
 1211       1.350137395496e-10       2.616537233425e-12       8.151140758989e-13       1.235778503428e-14       2.745042295792e-15       1.046555248021e-16      -5.396502887974e-17 
 1212       1.344042050030e-10       2.640976898850e-12       8.335902497154e-13       1.234825444031e-14       2.736222745628e-15       1.101862762954e-16      -5.504738052572e-17 
 1213       1.337944205654e-10       2.665547901920e-12       8.498588032469e-13       1.233863327179e-14       2.727438587269e-15       1.157014875835e-16      -5.612030494939e-17 
 1214       1.331845943182e-10       2.690237990329e-12       8.639176340205e-13       1.232892386688e-14       2.718689637065e-15       1.211939308222e-16      -5.718366176836e-17 
 1215       1.325749356797e-10       2.715034828992e-12       8.757646806265e-13       1.231912858018e-14       2.709975708667e-15       1.266563312093e-16      -5.823730996083e-17 
 1216       1.319656554081e-10       2.739925999867e-12       8.853979228405e-13       1.230924978275e-14       2.701296613015e-15       1.320813668879e-16      -5.928110786448e-17 
 1217       1.313569656039e-10       2.764899001791e-12       8.928153817465e-13       1.229928986213e-14       2.692652158334e-15       1.374616688510e-16      -6.031491317542e-17 
 1218       1.307490797128e-10       2.789941250304e-12       8.980151198587e-13       1.228925122239e-14       2.684042150126e-15       1.427898208447e-16      -6.133858294702e-17 
 1219       1.301422125284e-10       2.815040077479e-12       9.009952412444e-13       1.227913628416e-14       2.675466391164e-15       1.480583592726e-16      -6.235197358886e-17 
 1220       1.295365801949e-10       2.840182731751e-12       9.017538916464e-13       1.226894748466e-14       2.666924681484e-15       1.532597730997e-16      -6.335494086561e-17 
 1221       1.289324002100e-10       2.865356377745e-12       9.002892586053e-13       1.225868727775e-14       2.658416818379e-15       1.583865037562e-16      -6.434733989592e-17 
 1222       1.283298914270e-10       2.890548096105e-12       8.965995715822e-13       1.224835813392e-14       2.649942596392e-15       1.634309450415e-16      -6.532902515135e-17 
 1223       1.277292740584e-10       2.915744883322e-12       8.906831020809e-13       1.223796254039e-14       2.641501807309e-15       1.683854430283e-16      -6.629985045521e-17 
 1224       1.271307696778e-10       2.940933651565e-12       8.825381637709e-13       1.222750300110e-14       2.633094240152e-15       1.732422959662e-16      -6.725966898153e-17 
 1225       1.265346012231e-10       2.966101228505e-12       8.721631126091e-13       1.221698203673e-14       2.624719681174e-15       1.779937541858e-16      -6.820833325391e-17 
 1226       1.259409929992e-10       2.991234357150e-12       8.595563469631e-13       1.220640218479e-14       2.616377913850e-15       1.826320200028e-16      -6.914569514444e-17 
 1227       1.253501706803e-10       3.016319695666e-12       8.447163077329e-13       1.219576599959e-14       2.608068718868e-15       1.871492476217e-16      -7.007160587257e-17 
 1228       1.247623613132e-10       3.041343817213e-12       8.276414784741e-13       1.218507605234e-14       2.599791874130e-15       1.915375430399e-16      -7.098591600406e-17 
 1229       1.241777740455e-10       3.066294064845e-12       8.083351406491e-13       1.217433487405e-14       2.591547176507e-15       1.957912072661e-16      -7.188848709862e-17 
 1230       1.235965420554e-10       3.091161127699e-12       7.868197010437e-13       1.216354478366e-14       2.583334507438e-15       1.999134953727e-16      -7.277922680686e-17 
 1231       1.230187799369e-10       3.115936495108e-12       7.631225350062e-13       1.215270805797e-14       2.575153768099e-15       2.039099376457e-16      -7.365805418864e-17 
 1232       1.224446029122e-10       3.140611604201e-12       7.372712472756e-13       1.214182698853e-14       2.567004857703e-15       2.077861036439e-16      -7.452488810190e-17 
 1233       1.218741268330e-10       3.165177839801e-12       7.092936724813e-13       1.213090388169e-14       2.558887673491e-15       2.115476022815e-16      -7.537964720259e-17 
 1234       1.213074681814e-10       3.189626534319e-12       6.792178756433e-13       1.211994105864e-14       2.550802110727e-15       2.152000819097e-16      -7.622224994437e-17 
 1235       1.207447440714e-10       3.213948967652e-12       6.470721526722e-13       1.210894085541e-14       2.542748062698e-15       2.187492303988e-16      -7.705261457855e-17 
 1236       1.201860722500e-10       3.238136367079e-12       6.128850308688e-13       1.209790562291e-14       2.534725420701e-15       2.222007752202e-16      -7.787065915382e-17 
 1237       1.196315710983e-10       3.262179907161e-12       5.766852694243e-13       1.208683772697e-14       2.526734074043e-15       2.255604835289e-16      -7.867630151614e-17 
 1238       1.190813596327e-10       3.286070709629e-12       5.385018599204e-13       1.207573954836e-14       2.518773910036e-15       2.288341622446e-16      -7.946945930852e-17 
 1239       1.185355575062e-10       3.309799843290e-12       4.983640268288e-13       1.206461348281e-14       2.510844813989e-15       2.320276581346e-16      -8.025004997086e-17 
 1240       1.179942850095e-10       3.333358323919e-12       4.563012280116e-13       1.205346194107e-14       2.502946669206e-15       2.351468578952e-16      -8.101799073977e-17 
 1241       1.174576630719e-10       3.356737114154e-12       4.123431552209e-13       1.204228734890e-14       2.495079356980e-15       2.381976882341e-16      -8.177319864842e-17 
 1242       1.169258132633e-10       3.379927123396e-12       3.665197345991e-13       1.203109214714e-14       2.487242756584e-15       2.411861159523e-16      -8.251559052630e-17 
 1243       1.163988577942e-10       3.402919207704e-12       3.188611271784e-13       1.201987879171e-14       2.479436745274e-15       2.441181480258e-16      -8.324508299913e-17 
 1244       1.158769195181e-10       3.425704169690e-12       2.693977293812e-13       1.200864975364e-14       2.471661198275e-15       2.469998316884e-16      -8.396159248858e-17 
 1245       1.153601219318e-10       3.448272758418e-12       2.181601735198e-13       1.199740751911e-14       2.463915988783e-15       2.498372545127e-16      -8.466503521221e-17 
 1246       1.148485891768e-10       3.470615669301e-12       1.651793282964e-13       1.198615458949e-14       2.456200987956e-15       2.526365444931e-16      -8.535532718317e-17 
 1247       1.143424460408e-10       3.492723543993e-12       1.104862993029e-13       1.197489348134e-14       2.448516064908e-15       2.554038701271e-16      -8.603238421014e-17 
 1248       1.138418179586e-10       3.514586970291e-12       5.411242952129e-14       1.196362672647e-14       2.440861086710e-15       2.581454404977e-16      -8.669612189708e-17 
 1249       1.133468310132e-10       3.536196482029e-12      -3.910700177015e-15       1.195235687195e-14       2.433235918376e-15       2.608675053551e-16      -8.734645564305e-17 
 1250       1.128576119373e-10       3.557542558972e-12      -6.355127053073e-14       1.194108648014e-14       2.425640422867e-15       2.635763551991e-16      -8.798330064208e-17 
 1251       1.123742881142e-10       3.578615626717e-12      -1.247772233890e-13       1.192981812873e-14       2.418074461077e-15       2.662783213610e-16      -8.860657188298e-17 
 1252       1.118969875791e-10       3.599406056589e-12      -1.875562612113e-13       1.191855441075e-14       2.410537891837e-15       2.689797760852e-16      -8.921618414912e-17 
 1253       1.114258390202e-10       3.619904165533e-12      -2.518558465677e-13       1.190729793464e-14       2.403030571901e-15       2.716871326119e-16      -8.981205201831e-17 
 1254       1.109609717801e-10       3.640100216016e-12      -3.176432016387e-13       1.189605132423e-14       2.395552355948e-15       2.744068452588e-16      -9.039408986260e-17 
 1255       1.105025158566e-10       3.659984415920e-12      -3.848853077155e-13       1.188481721879e-14       2.388103096572e-15       2.771454095027e-16      -9.096221184809e-17 
 1256       1.100506019044e-10       3.679546918441e-12      -4.535489046996e-13       1.187359827308e-14       2.380682644282e-15       2.799093620623e-16      -9.151633193476e-17 
 1257       1.096053612358e-10       3.698777821983e-12      -5.236004906036e-13       1.186239715734e-14       2.373290847491e-15       2.827052809798e-16      -9.205636387632e-17 
 1258       1.091669258220e-10       3.717667170055e-12      -5.950063210505e-13       1.185121655736e-14       2.365927552515e-15       2.855397857027e-16      -9.258222122001e-17 
 1259       1.087354282946e-10       3.736204951170e-12      -6.677324087742e-13       1.184005917447e-14       2.358592603566e-15       2.884195371663e-16      -9.309381730641e-17 
 1260       1.083110019464e-10       3.754381098740e-12      -7.417445231196e-13       1.182892772560e-14       2.351285842748e-15       2.913512378754e-16      -9.359106526928e-17 
 1261       1.078937807328e-10       3.772185490969e-12      -8.170081895421e-13       1.181782494330e-14       2.344007110052e-15       2.943416319863e-16      -9.407387803541e-17 
 1262       1.074838992726e-10       3.789607950756e-12      -8.934886891083e-13       1.180675357575e-14       2.336756243350e-15       2.973975053892e-16      -9.454216832439e-17 
 1263       1.070814928500e-10       3.806638245588e-12      -9.711510579959e-13       1.179571638684e-14       2.329533078389e-15       3.005256857896e-16      -9.499584864845e-17 
 1264       1.066866974148e-10       3.823266087436e-12      -1.049960086993e-12       1.178471615612e-14       2.322337448789e-15       3.037330427909e-16      -9.543483131233e-17 
 1265       1.062996495844e-10       3.839481132651e-12      -1.129880321000e-12       1.177375567893e-14       2.315169186035e-15       3.070264879760e-16      -9.585902841304e-17 
 1266       1.059204866444e-10       3.855272981865e-12      -1.210876058527e-12       1.176283776633e-14       2.308028119473e-15       3.104129749895e-16      -9.626835183970e-17 
 1267       1.055493465501e-10       3.870631179881e-12      -1.292911351197e-12       1.175196524519e-14       2.300914076306e-15       3.138994996199e-16      -9.666271327340e-17 
 1268       1.051863436133e-10       3.885546659211e-12      -1.375949770467e-12       1.174114068654e-14       2.293826897540e-15       3.174909531920e-16      -9.704204853590e-17 
 1269       1.048314952542e-10       3.900016089083e-12      -1.459953705871e-12       1.173036558708e-14       2.286766486042e-15       3.211836554939e-16      -9.740639094351e-17 
 1270       1.044847944071e-10       3.914037576371e-12      -1.544885057692e-12       1.171964117832e-14       2.279732759030e-15       3.249717474517e-16      -9.775579879859e-17 
 1271       1.041462337579e-10       3.927609226505e-12      -1.630705468489e-12       1.170896869732e-14       2.272725632159e-15       3.288493309760e-16      -9.809033111902e-17 
 1272       1.038158057431e-10       3.940729143481e-12      -1.717376322581e-12       1.169834938678e-14       2.265745019525e-15       3.328104688847e-16      -9.841004763982e-17 
 1273       1.034935025496e-10       3.953395429862e-12      -1.804858745526e-12       1.168778449501e-14       2.258790833655e-15       3.368491848243e-16      -9.871500881478e-17 
 1274       1.031793161134e-10       3.965606186785e-12      -1.893113603605e-12       1.167727527595e-14       2.251862985505e-15       3.409594631921e-16      -9.900527581812e-17 
 1275       1.028732381196e-10       3.977359513961e-12      -1.982101503307e-12       1.166682298917e-14       2.244961384458e-15       3.451352490581e-16      -9.928091054614e-17 
 1276       1.025752600017e-10       3.988653509684e-12      -2.071782790808e-12       1.165642889989e-14       2.238085938318e-15       3.493704480866e-16      -9.954197561881e-17 
 1277       1.022853729406e-10       3.999486270831e-12      -2.162117551457e-12       1.164609427898e-14       2.231236553306e-15       3.536589264589e-16      -9.978853438145e-17 
 1278       1.020035678640e-10       4.009855892869e-12      -2.253065609257e-12       1.163582040299e-14       2.224413134056e-15       3.579945107942e-16      -1.000206509064e-16 
 1279       1.017298354465e-10       4.019760469859e-12      -2.344586526347e-12       1.162560855410e-14       2.217615583613e-15       3.623709880726e-16      -1.002383899945e-16 
 1280       1.014641661078e-10       4.029198094458e-12      -2.436639602488e-12       1.161546002023e-14       2.210843803429e-15       3.667821055559e-16      -1.004418171769e-16 
 1281       1.012065500130e-10       4.038166857923e-12      -2.529183874540e-12       1.160537609494e-14       2.204097693354e-15       3.712215707106e-16      -1.006309987168e-16 
 1282       1.009569770717e-10       4.046664850121e-12      -2.622178115951e-12       1.159535807752e-14       2.197377151640e-15       3.756830511291e-16      -1.008060016107e-16 
 1283       1.007154369373e-10       4.054690159526e-12      -2.715580836235e-12       1.158540727296e-14       2.190682074931e-15       3.801601744519e-16      -1.009668935905e-16 
 1284       1.004819190061e-10       4.062240873226e-12      -2.809350280457e-12       1.157552499197e-14       2.184012358262e-15       3.846465282895e-16      -1.011137431246e-16 
 1285       1.002564124174e-10       4.069315076928e-12      -2.903444428715e-12       1.156571255098e-14       2.177367895053e-15       3.891356601443e-16      -1.012466194202e-16 
 1286       1.000389060520e-10       4.075910854961e-12      -2.997820995624e-12       1.155597127217e-14       2.170748577108e-15       3.936210773325e-16      -1.013655924244e-16 
 1287       9.982938853245e-11       4.082026290281e-12      -3.092437429795e-12       1.154630248345e-14       2.164154294609e-15       3.980962469060e-16      -1.014707328261e-16 
 1288       9.962784822158e-11       4.087659464476e-12      -3.187250913323e-12       1.153670751850e-14       2.157584936111e-15       4.025545955746e-16      -1.015621120574e-16 
 1289       9.943427322244e-11       4.092808457765e-12      -3.282218361264e-12       1.152718771675e-14       2.151040388543e-15       4.069895096275e-16      -1.016398022957e-16 
 1290       9.924865137746e-11       4.097471349011e-12      -3.377296421124e-12       1.151774442343e-14       2.144520537196e-15       4.113943348556e-16      -1.017038764648e-16 
 1291       9.907097026783e-11       4.101646215717e-12      -3.472441472334e-12       1.150837898951e-14       2.138025265728e-15       4.157623764731e-16      -1.017544082369e-16 
 1292       9.890121721289e-11       4.105331134035e-12      -3.567609625742e-12       1.149909277178e-14       2.131554456155e-15       4.200868990396e-16      -1.017914720342e-16 
 1293       9.873937926949e-11       4.108524178768e-12      -3.662756723086e-12       1.148988713283e-14       2.125107988845e-15       4.243611263822e-16      -1.018151430303e-16 
 1294       9.858544323136e-11       4.111223423375e-12      -3.757838336484e-12       1.148076344105e-14       2.118685742521e-15       4.285782415170e-16      -1.018254971520e-16 
 1295       9.843939562850e-11       4.113426939975e-12      -3.852809767914e-12       1.147172307066e-14       2.112287594252e-15       4.327313865713e-16      -1.018226110812e-16 
 1296       9.830122272650e-11       4.115132799351e-12      -3.947626048696e-12       1.146276740170e-14       2.105913419448e-15       4.368136627057e-16      -1.018065622559e-16 
 1297       9.817091052595e-11       4.116339070955e-12      -4.042241938974e-12       1.145389782005e-14       2.099563091860e-15       4.408181300355e-16      -1.017774288726e-16 
 1298       9.804844476181e-11       4.117043822911e-12      -4.136611927204e-12       1.144511571743e-14       2.093236483576e-15       4.447378075532e-16      -1.017352898874e-16 
 1299       9.793381090275e-11       4.117245122021e-12      -4.230690229630e-12       1.143642249142e-14       2.086933465014e-15       4.485656730500e-16      -1.016802250177e-16 
 1300       9.782699415054e-11       4.116941033765e-12      -4.324430789769e-12       1.142781954547e-14       2.080653904918e-15       4.522946630379e-16      -1.016123147441e-16 
 1301       9.772797943942e-11       4.116129622311e-12      -4.417787277896e-12       1.141930828890e-14       2.074397670358e-15       4.559176726716e-16      -1.015316403117e-16 
 1302       9.763675143546e-11       4.114808950515e-12      -4.510713090524e-12       1.141089013691e-14       2.068164626723e-15       4.594275556705e-16      -1.014382837322e-16 
 1303       9.755329453593e-11       4.112977079927e-12      -4.603161349887e-12       1.140256651059e-14       2.061954637718e-15       4.628171242406e-16      -1.013323277850e-16 
 1304       9.747759286868e-11       4.110632070793e-12      -4.695084903426e-12       1.139433883695e-14       2.055767565360e-15       4.660791489963e-16      -1.012138560192e-16 
 1305       9.740963029149e-11       4.107771982063e-12      -4.786436323265e-12       1.138620854888e-14       2.049603269974e-15       4.692063588824e-16      -1.010829527552e-16 
 1306       9.734939039145e-11       4.104394871392e-12      -4.877167905700e-12       1.137817708522e-14       2.043461610188e-15       4.721914410960e-16      -1.009397030860e-16 
 1307       9.729684166415e-11       4.100499952194e-12      -4.967235462305e-12       1.137024558608e-14       2.037342455886e-15       4.750290599147e-16      -1.007841981910e-16 
 1308       9.725189287104e-11       4.096091078957e-12      -5.056609740703e-12       1.136241397532e-14       2.031245727224e-15       4.777219380519e-16      -1.006165513362e-16 
 1309       9.721443718139e-11       4.091173300925e-12      -5.145265130525e-12       1.135468186782e-14       2.025171356039e-15       4.802748431752e-16      -1.004368820561e-16 
 1310       9.718436694554e-11       4.085751708670e-12      -5.233175883125e-12       1.134704887324e-14       2.019119272936e-15       4.826925752357e-16      -1.002453108601e-16 
 1311       9.716157369319e-11       4.079831434182e-12      -5.320316111325e-12       1.133951459591e-14       2.013089407282e-15       4.849799665314e-16      -1.000419592346e-16 
 1312       9.714594813179e-11       4.073417650949e-12      -5.406659789168e-12       1.133207863494e-14       2.007081687202e-15       4.871418817712e-16      -9.982694964516e-17 
 1313       9.713738014479e-11       4.066515574043e-12      -5.492180751665e-12       1.132474058409e-14       2.001096039579e-15       4.891832181382e-16      -9.960040553830e-17 
 1314       9.713575879003e-11       4.059130460211e-12      -5.576852694544e-12       1.131750003183e-14       1.995132390049e-15       4.911089053536e-16      -9.936245134365e-17 
 1315       9.714097229803e-11       4.051267607952e-12      -5.660649173998e-12       1.131035656131e-14       1.989190662998e-15       4.929239057400e-16      -9.911321247589e-17 
 1316       9.715290807036e-11       4.042932357611e-12      -5.743543606438e-12       1.130330975034e-14       1.983270781560e-15       4.946332142855e-16      -9.885281533681e-17 
 1317       9.717145267793e-11       4.034130091457e-12      -5.825509268233e-12       1.129635917138e-14       1.977372667614e-15       4.962418587070e-16      -9.858138731730e-17 
 1318       9.719649185933e-11       4.024866233772e-12      -5.906519295470e-12       1.128950439155e-14       1.971496241779e-15       4.977548995139e-16      -9.829905679937e-17 
 1319       9.722791051916e-11       4.015146250937e-12      -5.986546683694e-12       1.128274497258e-14       1.965641423415e-15       4.991774300718e-16      -9.800595315815e-17 
 1320       9.726559272638e-11       4.004975651516e-12      -6.065564287661e-12       1.127608047081e-14       1.959808130614e-15       5.005145766662e-16      -9.770220676390e-17 
 1321       9.730942171259e-11       3.994359986342e-12      -6.143544821086e-12       1.126951043720e-14       1.953996280203e-15       5.017714985658e-16      -9.738794898406e-17 
 1322       9.735927987042e-11       3.983304848600e-12      -6.220460856392e-12       1.126303441730e-14       1.948205787738e-15       5.029533880868e-16      -9.706331218521e-17 
 1323       9.741504875180e-11       3.971815873918e-12      -6.296284824457e-12       1.125665195124e-14       1.942436567501e-15       5.040654706557e-16      -9.672842973510e-17 
 1324       9.747660906633e-11       3.959898740446e-12      -6.370989014368e-12       1.125036257370e-14       1.936688532498e-15       5.051130048737e-16      -9.638343600469e-17 
 1325       9.754384067959e-11       3.947559168945e-12      -6.444545573162e-12       1.124416581394e-14       1.930961594456e-15       5.061012825798e-16      -9.602846637013e-17 
 1326       9.761662261148e-11       3.934802922873e-12      -6.516926505582e-12       1.123806119575e-14       1.925255663816e-15       5.070356289148e-16      -9.566365721477e-17 
 1327       9.769483303453e-11       3.921635808467e-12      -6.588103673823e-12       1.123204823745e-14       1.919570649739e-15       5.079214023848e-16      -9.528914593120e-17 
 1328       9.777834927224e-11       3.908063674833e-12      -6.658048797279e-12       1.122612645189e-14       1.913906460093e-15       5.087639949246e-16      -9.490507092323e-17 
 1329       9.786704779743e-11       3.894092414027e-12      -6.726733452295e-12       1.122029534641e-14       1.908263001457e-15       5.095688319618e-16      -9.451157160793e-17 
 1330       9.796080423053e-11       3.879727961142e-12      -6.794129071915e-12       1.121455442285e-14       1.902640179113e-15       5.103413724802e-16      -9.410878841762e-17 
 1331       9.805949333793e-11       3.864976294396e-12      -6.860206945628e-12       1.120890317754e-14       1.897037897048e-15       5.110871090833e-16      -9.369686280191e-17 
 1332       9.816298903030e-11       3.849843435212e-12      -6.924938219123e-12       1.120334110127e-14       1.891456057948e-15       5.118115680582e-16      -9.327593722966e-17 
 1333       9.827116436094e-11       3.834335448308e-12      -6.988293894029e-12       1.119786767928e-14       1.885894563193e-15       5.125203094392e-16      -9.284615519106e-17 
 1334       9.838389152408e-11       3.818458441782e-12      -7.050244827674e-12       1.119248239128e-14       1.880353312859e-15       5.132189270712e-16      -9.240766119958e-17 
 1335       9.850104185322e-11       3.802218567195e-12      -7.110761732826e-12       1.118718471140e-14       1.874832205712e-15       5.139130486736e-16      -9.196060079403e-17 
 1336       9.862248581948e-11       3.785622019657e-12      -7.169815177444e-12       1.118197410818e-14       1.869331139206e-15       5.146083359038e-16      -9.150512054054e-17 
 1337       9.874809302988e-11       3.768675037913e-12      -7.227375584428e-12       1.117685004457e-14       1.863850009476e-15       5.153104844209e-16      -9.104136803458e-17 
 1338       9.887773222573e-11       3.751383904431e-12      -7.283413231370e-12       1.117181197794e-14       1.858388711344e-15       5.160252239494e-16      -9.056949190300e-17 
 1339       9.901127128090e-11       3.733754945481e-12      -7.337898250295e-12       1.116685936002e-14       1.852947138305e-15       5.167583183427e-16      -9.008964180599e-17 
 1340       9.914857720018e-11       3.715794531228e-12      -7.390800627418e-12       1.116199163691e-14       1.847525182533e-15       5.175155656468e-16      -8.960196843912e-17 
 1341       9.928951611763e-11       3.697509075811e-12      -7.442090202891e-12       1.115720824909e-14       1.842122734873e-15       5.183027981639e-16      -8.910662353537e-17 
 1342       9.943395329484e-11       3.678905037432e-12      -7.491736670547e-12       1.115250863138e-14       1.836739684839e-15       5.191258825162e-16      -8.860375986712e-17 
 1343       9.958175311934e-11       3.659988918440e-12      -7.539709577655e-12       1.114789221291e-14       1.831375920614e-15       5.199907197094e-16      -8.809353124814e-17 
 1344       9.973277910288e-11       3.640767265418e-12      -7.585978324666e-12       1.114335841717e-14       1.826031329040e-15       5.209032451962e-16      -8.757609253567e-17 
 1345       9.988689387975e-11       3.621246669265e-12      -7.630512164961e-12       1.113890666194e-14       1.820705795624e-15       5.218694289403e-16      -8.705159963236e-17 
 1346       1.000439605978e-10       3.601434026816e-12      -7.673285317832e-12       1.113453620003e-14       1.815399214751e-15       5.228936484956e-16      -8.652019967480e-17 
 1347       1.002038471116e-10       3.581337328620e-12      -7.714292368700e-12       1.113024563950e-14       1.810111520479e-15       5.239737887769e-16      -8.598200147834e-17 
 1348       1.003664218314e-10       3.560964879892e-12      -7.753533035695e-12       1.112603341824e-14       1.804842656073e-15       5.251060891829e-16      -8.543710477522e-17 
 1349       1.005315523331e-10       3.540325039852e-12      -7.791007071690e-12       1.112189796266e-14       1.799592563814e-15       5.262867657067e-16      -8.488561000027e-17 
 1350       1.006991053567e-10       3.519426221838e-12      -7.826714264393e-12       1.111783768775e-14       1.794361184995e-15       5.275120108916e-16      -8.432761829231e-17 
 1351       1.008689468048e-10       3.498276893401e-12      -7.860654436426e-12       1.111385099700e-14       1.789148459917e-15       5.287779937874e-16      -8.376323149551e-17 
 1352       1.010409417409e-10       3.476885576412e-12      -7.892827445421e-12       1.110993628241e-14       1.783954327889e-15       5.300808599059e-16      -8.319255216073e-17 
 1353       1.012149543878e-10       3.455260847162e-12      -7.923233184101e-12       1.110609192445e-14       1.778778727222e-15       5.314167311771e-16      -8.261568354691e-17 
 1354       1.013908481260e-10       3.433411336467e-12      -7.951871580370e-12       1.110231629203e-14       1.773621595233e-15       5.327817059053e-16      -8.203272962241e-17 
 1355       1.015684854925e-10       3.411345729769e-12      -7.978742597402e-12       1.109860774252e-14       1.768482868238e-15       5.341718587247e-16      -8.144379506637e-17 
 1356       1.017477281786e-10       3.389072767241e-12      -8.003846233723e-12       1.109496462167e-14       1.763362481548e-15       5.355832405558e-16      -8.084898527012e-17 
 1357       1.019284370287e-10       3.366601243887e-12      -8.027182523304e-12       1.109138526364e-14       1.758260369473e-15       5.370118785608e-16      -8.024840633846e-17 
 1358       1.021104720387e-10       3.343940009645e-12      -8.048751535644e-12       1.108786799092e-14       1.753176465313e-15       5.384537761000e-16      -7.964216509111e-17 
 1359       1.022936923545e-10       3.321097969491e-12      -8.068553375859e-12       1.108441111436e-14       1.748110701362e-15       5.399049126877e-16      -7.903036906401e-17 
 1360       1.024779562702e-10       3.298084083542e-12      -8.086588184770e-12       1.108101293312e-14       1.743063008898e-15       5.413612439480e-16      -7.841312651070e-17 
 1361       1.026631212264e-10       3.274907367158e-12      -8.102856138990e-12       1.107767173467e-14       1.738033318189e-15       5.428187015708e-16      -7.779054640370e-17 
 1362       1.028490438092e-10       3.251576891044e-12      -8.117357451009e-12       1.107438579472e-14       1.733021558485e-15       5.442731932677e-16      -7.716273843586e-17 
 1363       1.030355797481e-10       3.228101781353e-12      -8.130092369284e-12       1.107115337724e-14       1.728027658017e-15       5.457206027283e-16      -7.652981302171e-17 
 1364       1.032225839145e-10       3.204491219790e-12      -8.141061178326e-12       1.106797273445e-14       1.723051543995e-15       5.471567895756e-16      -7.589188129883e-17 
 1365       1.034099103203e-10       3.180754443713e-12      -8.150264198785e-12       1.106484210673e-14       1.718093142608e-15       5.485775893225e-16      -7.524905512923e-17 
 1366       1.035974121163e-10       3.156900746237e-12      -8.157701787541e-12       1.106175972268e-14       1.713152379017e-15       5.499788133272e-16      -7.460144710069e-17 
 1367       1.037849415904e-10       3.132939476335e-12      -8.163374337786e-12       1.105872379902e-14       1.708229177355e-15       5.513562487498e-16      -7.394917052815e-17 
 1368       1.039723501662e-10       3.108880038944e-12      -8.167282279117e-12       1.105573254062e-14       1.703323460727e-15       5.527056585076e-16      -7.329233945503e-17 
 1369       1.041594884014e-10       3.084731895064e-12      -8.169426077619e-12       1.105278414047e-14       1.698435151202e-15       5.540227812316e-16      -7.263106865462e-17 
 1370       1.043462059864e-10       3.060504561862e-12      -8.169806235956e-12       1.104987677965e-14       1.693564169818e-15       5.553033312221e-16      -7.196547363145e-17 
 1371       1.045323517421e-10       3.036207612776e-12      -8.168423293453e-12       1.104700862728e-14       1.688710436572e-15       5.565429984048e-16      -7.129567062264e-17 
 1372       1.047177736191e-10       3.011850677616e-12      -8.165277826188e-12       1.104417784054e-14       1.683873870425e-15       5.577374482868e-16      -7.062177659925e-17 
 1373       1.049023186958e-10       2.987443442669e-12      -8.160370447079e-12       1.104138256464e-14       1.679054389294e-15       5.588823219124e-16      -6.994390926767e-17 
 1374       1.050858331764e-10       2.962995650797e-12      -8.153701805969e-12       1.103862093277e-14       1.674251910051e-15       5.599732358192e-16      -6.926218707097e-17 
 1375       1.052681623902e-10       2.938517101545e-12      -8.145272589712e-12       1.103589106609e-14       1.669466348525e-15       5.610057819940e-16      -6.857672919025e-17 
 1376       1.054491507892e-10       2.914017651241e-12      -8.135083522266e-12       1.103319107374e-14       1.664697619491e-15       5.619755278286e-16      -6.788765554601e-17 
 1377       1.056286419470e-10       2.889507213100e-12      -8.123135364774e-12       1.103051905277e-14       1.659945636678e-15       5.628780160762e-16      -6.719508679955e-17 
 1378       1.058064785570e-10       2.864995757325e-12      -8.109428915657e-12       1.102787308812e-14       1.655210312758e-15       5.637087648068e-16      -6.649914435426e-17 
 1379       1.059825024309e-10       2.840493311210e-12      -8.093965010695e-12       1.102525125265e-14       1.650491559349e-15       5.644632673637e-16      -6.579995035703e-17 
 1380       1.061565544973e-10       2.816009959244e-12      -8.076744523118e-12       1.102265160705e-14       1.645789287009e-15       5.651369923188e-16      -6.509762769963e-17 
 1381       1.063284747996e-10       2.791555843215e-12      -8.057768363697e-12       1.102007219987e-14       1.641103405238e-15       5.657253834292e-16      -6.439230002001e-17 
 1382       1.064981024951e-10       2.767141162307e-12      -8.037037480821e-12       1.101751106745e-14       1.636433822471e-15       5.662238595929e-16      -6.368409170372e-17 
 1383       1.066652758529e-10       2.742776173208e-12      -8.014552860594e-12       1.101496623394e-14       1.631780446079e-15       5.666278148045e-16      -6.297312788524e-17 
 1384       1.068298322524e-10       2.718471190213e-12      -7.990315526918e-12       1.101243571126e-14       1.627143182365e-15       5.669326181118e-16      -6.225953444937e-17 
 1385       1.069916224639e-10       2.694235922243e-12      -7.964329982928e-12       1.100991755766e-14       1.622521944833e-15       5.671347582772e-16      -6.154342982223e-17 
 1386       1.071505536565e-10       2.670077476049e-12      -7.936614574877e-12       1.100741005409e-14       1.617916679090e-15       5.672352910774e-16      -6.082490024680e-17 
 1387       1.073065468411e-10       2.646002332132e-12      -7.907191237849e-12       1.100491152966e-14       1.613327338201e-15       5.672364283140e-16      -6.010402424904e-17 
 1388       1.074595226289e-10       2.622017005970e-12      -7.876082064646e-12       1.100242030319e-14       1.608753874442e-15       5.671403964379e-16      -5.938088082540e-17 
 1389       1.076094012305e-10       2.598128048083e-12      -7.843309306086e-12       1.099993468319e-14       1.604196239298e-15       5.669494365761e-16      -5.865554944369e-17 
 1390       1.077561024556e-10       2.574342044085e-12      -7.808895371309e-12       1.099745296786e-14       1.599654383461e-15       5.666658045599e-16      -5.792811004389e-17 
 1391       1.078995457121e-10       2.550665614757e-12      -7.772862828077e-12       1.099497344505e-14       1.595128256827e-15       5.662917709519e-16      -5.719864303901e-17 
 1392       1.080396500054e-10       2.527105416099e-12      -7.735234403078e-12       1.099249439223e-14       1.590617808497e-15       5.658296210735e-16      -5.646722931596e-17 
 1393       1.081763339379e-10       2.503668139397e-12      -7.696032982227e-12       1.099001407651e-14       1.586122986772e-15       5.652816550331e-16      -5.573395023639e-17 
 1394       1.083095157080e-10       2.480360511281e-12      -7.655281610971e-12       1.098753075459e-14       1.581643739154e-15       5.646501877525e-16      -5.499888763753e-17 
 1395       1.084391131096e-10       2.457189293786e-12      -7.613003494587e-12       1.098504267274e-14       1.577180012343e-15       5.639375489956e-16      -5.426212383303e-17 
 1396       1.085650435317e-10       2.434161284417e-12      -7.569221998489e-12       1.098254806682e-14       1.572731752233e-15       5.631460833949e-16      -5.352374161384e-17 
 1397       1.086872239571e-10       2.411283316207e-12      -7.523960648526e-12       1.098004516220e-14       1.568298903915e-15       5.622781504798e-16      -5.278382424903e-17 
 1398       1.088055709621e-10       2.388562257779e-12      -7.477243131290e-12       1.097753217380e-14       1.563881411670e-15       5.613361247034e-16      -5.204245548667e-17 
 1399       1.089200007158e-10       2.366005013406e-12      -7.429093294412e-12       1.097500730601e-14       1.559479218973e-15       5.603223954709e-16      -5.129971955464e-17 
 1400       1.090304289795e-10       2.343618523076e-12      -7.379535146869e-12       1.097246875273e-14       1.555092268484e-15       5.592393671660e-16      -5.055570116152e-17 
 1401       1.091367711056e-10       2.321409762548e-12      -7.328592859284e-12       1.096991469732e-14       1.550720502052e-15       5.580894591795e-16      -4.981048549740e-17 
 1402       1.092389420373e-10       2.299385743419e-12      -7.276290764231e-12       1.096734331259e-14       1.546363860712e-15       5.568751059362e-16      -4.906415823476e-17 
 1403       1.093368563079e-10       2.277553513181e-12      -7.222653356534e-12       1.096475276077e-14       1.542022284681e-15       5.555987569222e-16      -4.831680552932e-17 
 1404       1.094304280398e-10       2.255920155283e-12      -7.167705293572e-12       1.096214119349e-14       1.537695713359e-15       5.542628767133e-16      -4.756851402085e-17 
 1405       1.095195709444e-10       2.234492789194e-12      -7.111471395580e-12       1.095950675179e-14       1.533384085324e-15       5.528699450017e-16      -4.681937083406e-17 
 1406       1.096041983207e-10       2.213278570462e-12      -7.053976645951e-12       1.095684756605e-14       1.529087338333e-15       5.514224566236e-16      -4.606946357944e-17 
 1407       1.096842230550e-10       2.192284690776e-12      -6.995246191542e-12       1.095416175604e-14       1.524805409320e-15       5.499229215873e-16      -4.531888035411e-17 
 1408       1.097595576203e-10       2.171518378031e-12      -6.935305342971e-12       1.095144743083e-14       1.520538234393e-15       5.483738650999e-16      -4.456770974263e-17 
 1409       1.098301140754e-10       2.150986896381e-12      -6.874179574923e-12       1.094870268881e-14       1.516285748831e-15       5.467778275956e-16      -4.381604081794e-17 
 1410       1.098958040644e-10       2.130697546308e-12      -6.811894526452e-12       1.094592561766e-14       1.512047887085e-15       5.451373647626e-16      -4.306396314210e-17 
 1411       1.099565388159e-10       2.110657664680e-12      -6.748476001281e-12       1.094311429435e-14       1.507824582777e-15       5.434550475708e-16      -4.231156676722e-17 
 1412       1.100122291421e-10       2.090874624813e-12      -6.683949968109e-12       1.094026678509e-14       1.503615768692e-15       5.417334622997e-16      -4.155894223628e-17 
 1413       1.100627854386e-10       2.071355836531e-12      -6.618342560908e-12       1.093738114532e-14       1.499421376784e-15       5.399752105653e-16      -4.080618058396e-17 
 1414       1.101081176833e-10       2.052108746227e-12      -6.551680079229e-12       1.093445541972e-14       1.495241338168e-15       5.381829093478e-16      -4.005337333754e-17 
 1415       1.101481354360e-10       2.033140836929e-12      -6.483988988504e-12       1.093148764215e-14       1.491075583122e-15       5.363591910196e-16      -3.930061251770e-17 
 1416       1.101827478375e-10       2.014459628354e-12      -6.415295920348e-12       1.092847583565e-14       1.486924041085e-15       5.345067033720e-16      -3.854799063939e-17 
 1417       1.102118636090e-10       1.996072676975e-12      -6.345627672859e-12       1.092541801241e-14       1.482786640651e-15       5.326281096435e-16      -3.779560071268e-17 
 1418       1.102353910514e-10       1.977987576079e-12      -6.275011210926e-12       1.092231217380e-14       1.478663309573e-15       5.307260885467e-16      -3.704353624360e-17 
 1419       1.102532380447e-10       1.960211955831e-12      -6.203473666525e-12       1.091915631025e-14       1.474553974758e-15       5.288033342961e-16      -3.629189123501e-17 
 1420       1.102653120471e-10       1.942753483330e-12      -6.131042339025e-12       1.091594840135e-14       1.470458562265e-15       5.268625566357e-16      -3.554076018743e-17 
 1421       1.102715200945e-10       1.925619862679e-12      -6.057744695492e-12       1.091268641574e-14       1.466376997305e-15       5.249064808662e-16      -3.479023809989e-17 
 1422       1.102717687999e-10       1.908818835037e-12      -5.983608370986e-12       1.090936831113e-14       1.462309204236e-15       5.229378478730e-16      -3.404042047077e-17 
 1423       1.102659643524e-10       1.892358178687e-12      -5.908661168869e-12       1.090599203427e-14       1.458255106566e-15       5.209594141532e-16      -3.329140329870e-17 
 1424       1.102540297328e-10       1.876244609170e-12      -5.832931172936e-12       1.090255573620e-14       1.454214633657e-15       5.189735703878e-16      -3.254327716221e-17 
 1425       1.102359565542e-10       1.860480467224e-12      -5.756447084471e-12       1.089905842037e-14       1.450187740943e-15       5.169811928167e-16      -3.179610939075e-17 
 1426       1.102117537526e-10       1.845066996951e-12      -5.679237889255e-12       1.089549930112e-14       1.446174389913e-15       5.149827801221e-16      -3.104996171225e-17 
 1427       1.101814304190e-10       1.830005442655e-12      -5.601332746359e-12       1.089187758903e-14       1.442174541429e-15       5.129788338185e-16      -3.030489615821e-17 
 1428       1.101449958002e-10       1.815297048834e-12      -5.522760988449e-12       1.088819249094e-14       1.438188155714e-15       5.109698582578e-16      -2.956097506415e-17 
 1429       1.101024592987e-10       1.800943060178e-12      -5.443552122098e-12       1.088444320988e-14       1.434215192358e-15       5.089563606338e-16      -2.881826107011e-17 
 1430       1.100538304737e-10       1.786944721565e-12      -5.363735828093e-12       1.088062894514e-14       1.430255610311e-15       5.069388509881e-16      -2.807681712116e-17 
 1431       1.099991190404e-10       1.773303278058e-12      -5.283341961746e-12       1.087674889219e-14       1.426309367885e-15       5.049178422138e-16      -2.733670646792e-17 
 1432       1.099383348715e-10       1.760019974900e-12      -5.202400553202e-12       1.087280224275e-14       1.422376422754e-15       5.028938500618e-16      -2.659799266699e-17 
 1433       1.098714879967e-10       1.747096057508e-12      -5.120941807749e-12       1.086878818470e-14       1.418456731948e-15       5.008673931445e-16      -2.586073958155e-17 
 1434       1.097985886032e-10       1.734532771476e-12      -5.038996106124e-12       1.086470590215e-14       1.414550251853e-15       4.988389929417e-16      -2.512501138176e-17 
 1435       1.097196470363e-10       1.722331362565e-12      -4.956594004825e-12       1.086055457538e-14       1.410656938214e-15       4.968091738050e-16      -2.439087254533e-17 
 1436       1.096346737996e-10       1.710493076699e-12      -4.873766236420e-12       1.085633338087e-14       1.406776746127e-15       4.947784629630e-16      -2.365838785800e-17 
 1437       1.095436795550e-10       1.699019159967e-12      -4.790543709853e-12       1.085204149127e-14       1.402909630042e-15       4.927473905264e-16      -2.292762241399e-17 
 1438       1.094466751237e-10       1.687910858614e-12      -4.706957510758e-12       1.084767807540e-14       1.399055543761e-15       4.907164894924e-16      -2.219864161659e-17 
 1439       1.093436714858e-10       1.677169419039e-12      -4.623038901764e-12       1.084324229825e-14       1.395214440435e-15       4.886862957503e-16      -2.147151117858e-17 
 1440       1.092346797813e-10       1.666796087790e-12      -4.538819322802e-12       1.083873332096e-14       1.391386272563e-15       4.866573480861e-16      -2.074629712277e-17 
 1441       1.091197113100e-10       1.656792111563e-12      -4.454330391423e-12       1.083415030082e-14       1.387570991991e-15       4.846301881874e-16      -2.002306578249e-17 
 1442       1.089987775317e-10       1.647158737196e-12      -4.369603903096e-12       1.082949239129e-14       1.383768549913e-15       4.826053606486e-16      -1.930188380208e-17 
 1443       1.088718900673e-10       1.637897211663e-12      -4.284671831525e-12       1.082475874194e-14       1.379978896864e-15       4.805834129759e-16      -1.858281813741e-17 
 1444       1.087390606981e-10       1.629008782078e-12      -4.199566328954e-12       1.081994849849e-14       1.376201982725e-15       4.785648955917e-16      -1.786593605635e-17 
 1445       1.086003013670e-10       1.620494695681e-12      -4.114319726477e-12       1.081506080278e-14       1.372437756715e-15       4.765503618402e-16      -1.715130513929e-17 
 1446       1.084556241783e-10       1.612356199841e-12      -4.028964534349e-12       1.081009479277e-14       1.368686167397e-15       4.745403679923e-16      -1.643899327964e-17 
 1447       1.083050413982e-10       1.604594542053e-12      -3.943533442291e-12       1.080504960254e-14       1.364947162668e-15       4.725354732499e-16      -1.572906868431e-17 
 1448       1.081485654553e-10       1.597210969928e-12      -3.858059319802e-12       1.079992436228e-14       1.361220689766e-15       4.705362397517e-16      -1.502159987424e-17 
 1449       1.079862089406e-10       1.590206731195e-12      -3.772575216467e-12       1.079471819825e-14       1.357506695263e-15       4.685432325776e-16      -1.431665568487e-17 
 1450       1.078179846081e-10       1.583583073694e-12      -3.687114362267e-12       1.078943023286e-14       1.353805125067e-15       4.665570197538e-16      -1.361430526665e-17 
 1451       1.076439053750e-10       1.577341245374e-12      -3.601710167887e-12       1.078405958455e-14       1.350115924415e-15       4.645781722581e-16      -1.291461808554e-17 
 1452       1.074639843220e-10       1.571482494288e-12      -3.516396225025e-12       1.077860536789e-14       1.346439037881e-15       4.626072640241e-16      -1.221766392352e-17 
 1453       1.072782346939e-10       1.566008068590e-12      -3.431206306700e-12       1.077306669349e-14       1.342774409365e-15       4.606448719469e-16      -1.152351287905e-17 
 1454       1.070866698996e-10       1.560919216532e-12      -3.346174367563e-12       1.076744266805e-14       1.339121982097e-15       4.586915758876e-16      -1.083223536762e-17 
 1455       1.068893035124e-10       1.556217186457e-12      -3.261334544208e-12       1.076173239433e-14       1.335481698635e-15       4.567479586785e-16      -1.014390212222e-17 
 1456       1.066861492709e-10       1.551903226799e-12      -3.176721155474e-12       1.075593497113e-14       1.331853500861e-15       4.548146061280e-16      -9.458584193853e-18 
 1457       1.064772210785e-10       1.547978586076e-12      -3.092368702761e-12       1.075004949333e-14       1.328237329984e-15       4.528921070254e-16      -8.776352952006e-18 
 1458       1.062625330045e-10       1.544444512890e-12      -3.008311870335e-12       1.074407505182e-14       1.324633126535e-15       4.509810531460e-16      -8.097280085184e-18 
 1459       1.060420992839e-10       1.541302255919e-12      -2.924585525639e-12       1.073801073355e-14       1.321040830366e-15       4.490820392563e-16      -7.421437601388e-18 
 1460       1.058159343179e-10       1.538553063916e-12      -2.841224719600e-12       1.073185562150e-14       1.317460380649e-15       4.471956631183e-16      -6.748897828623e-18 
 1461       1.055840526744e-10       1.536198185704e-12      -2.758264686942e-12       1.072560879466e-14       1.313891715876e-15       4.453225254950e-16      -6.079733415394e-18 
 1462       1.053464690881e-10       1.534238870173e-12      -2.675740846489e-12       1.071926932805e-14       1.310334773857e-15       4.434632301553e-16      -5.414017331204e-18 
 1463       1.051032089708e-10       1.532675495969e-12      -2.593686040341e-12       1.071283652256e-14       1.306789496989e-15       4.416180136200e-16      -4.751814905792e-18 
 1464       1.048543400567e-10       1.531504951057e-12      -2.512122220561e-12       1.070631059703e-14       1.303255848134e-15       4.397856303406e-16      -4.093159858784e-18 
 1465       1.045999410740e-10       1.530723226953e-12      -2.431068679994e-12       1.069969200308e-14       1.299733794898e-15       4.379644563858e-16      -3.438078031400e-18 
 1466       1.043400912648e-10       1.530326286600e-12      -2.350544806015e-12       1.069298119588e-14       1.296223304373e-15       4.361528586727e-16      -2.786595326030e-18 
 1467       1.040748703862e-10       1.530310064322e-12      -2.270570080686e-12       1.068617863418e-14       1.292724343136e-15       4.343491949515e-16      -2.138737706285e-18 
 1468       1.038043587107e-10       1.530670465764e-12      -2.191164080910e-12       1.067928478025e-14       1.289236877245e-15       4.325518137891e-16      -1.494531197049e-18 
 1469       1.035286370276e-10       1.531403367842e-12      -2.112346478583e-12       1.067230009998e-14       1.285760872241e-15       4.307590545541e-16      -8.540018845319e-19 
 1470       1.032477866436e-10       1.532504618693e-12      -2.034137040750e-12       1.066522506280e-14       1.282296293145e-15       4.289692474004e-16      -2.171759163263e-19 
 1471       1.029618893841e-10       1.533970037619e-12      -1.956555629761e-12       1.065806014174e-14       1.278843104458e-15       4.271807132516e-16       4.159204985443e-19 
 1472       1.026710275937e-10       1.535795415035e-12      -1.879622203423e-12       1.065080581344e-14       1.275401270160e-15       4.253917637853e-16       1.045261089570e-18 
 1473       1.023752841373e-10       1.537976512418e-12      -1.803356815153e-12       1.064346255810e-14       1.271970753707e-15       4.236007014172e-16       1.670819524700e-18 
 1474       1.020747424012e-10       1.540509062254e-12      -1.727779614136e-12       1.063603085955e-14       1.268551518034e-15       4.218058192852e-16       2.292569410295e-18 
 1475       1.017694862936e-10       1.543388767984e-12      -1.652910845477e-12       1.062851120523e-14       1.265143525547e-15       4.200054012341e-16       2.910484291067e-18 
 1476       1.014596002459e-10       1.546611303953e-12      -1.578770850357e-12       1.062090408617e-14       1.261746738130e-15       4.181977217992e-16       3.524537650032e-18 
 1477       1.011451692135e-10       1.550172315358e-12      -1.505380066184e-12       1.061320999706e-14       1.258361117137e-15       4.163810461907e-16       4.134702908453e-18 
 1478       1.008262786768e-10       1.554067418193e-12      -1.432759026751e-12       1.060542943620e-14       1.254986623395e-15       4.145536302783e-16       4.740953425791e-18 
 1479       1.005030146418e-10       1.558292199198e-12      -1.360928362389e-12       1.059756290553e-14       1.251623217203e-15       4.127137205749e-16       5.343262499646e-18 
 1480       1.001754636414e-10       1.562842215806e-12      -1.289908800118e-12       1.058961091063e-14       1.248270858328e-15       4.108595542210e-16       5.941603365711e-18 
 1481       9.984371273611e-11       1.567712996093e-12      -1.219721163808e-12       1.058157396073e-14       1.244929506004e-15       4.089893589691e-16       6.535949197715e-18 
 1482       9.950784951515e-11       1.572900038719e-12      -1.150386374329e-12       1.057345256872e-14       1.241599118936e-15       4.071013531675e-16       7.126273107369e-18 
 1483       9.916796209712e-11       1.578398812885e-12      -1.081925449705e-12       1.056524725115e-14       1.238279655292e-15       4.051937457449e-16       7.712548144316e-18 
 1484       9.882413913111e-11       1.584204758270e-12      -1.014359505268e-12       1.055695852825e-14       1.234971072706e-15       4.032647361945e-16       8.294747296074e-18 
 1485       9.847646979756e-11       1.590313284986e-12      -9.477097538175e-13       1.054858692389e-14       1.231673328277e-15       4.013125145580e-16       8.872843487989e-18 
 1486       9.812504380917e-11       1.596719773524e-12      -8.819975057674e-13       1.054013296567e-14       1.228386378566e-15       3.993352614101e-16       9.446809583175e-18 
 1487       9.776995141185e-11       1.603419574697e-12      -8.172441693053e-13       1.053159718484e-14       1.225110179596e-15       3.973311478427e-16       1.001661838247e-17 
 1488       9.741128338563e-11       1.610408009595e-12      -7.534712505451e-13       1.052298011637e-14       1.221844686851e-15       3.952983354488e-16       1.058224262436e-17 
 1489       9.704913104555e-11       1.617680369526e-12      -6.907003536815e-13       1.051428229891e-14       1.218589855272e-15       3.932349763070e-16       1.114365498497e-17 
 1490       9.668358624264e-11       1.625231915964e-12      -6.289531811445e-13       1.050550427484e-14       1.215345639262e-15       3.911392129656e-16       1.170082807797e-17 
 1491       9.631474136478e-11       1.633057880503e-12      -5.682515337534e-13       1.049664659023e-14       1.212111992680e-15       3.890091784271e-16       1.225373445453e-17 
 1492       9.594268933767e-11       1.641153464795e-12      -5.086173108714e-13       1.048770979489e-14       1.208888868840e-15       3.868429961317e-16       1.280234660328e-17 
 1493       9.556752362571e-11       1.649513840506e-12      -4.500725105596e-13       1.047869444235e-14       1.205676220512e-15       3.846387799423e-16       1.334663695025e-17 
 1494       9.518933823296e-11       1.658134149255e-12      -3.926392297317e-13       1.046960108987e-14       1.202473999920e-15       3.823946341282e-16       1.388657785882e-17 
 1495       9.480822770403e-11       1.667009502571e-12      -3.363396643081e-13       1.046043029847e-14       1.199282158740e-15       3.801086533497e-16       1.442214162965e-17 
 1496       9.442428712500e-11       1.676134981831e-12      -2.811961093701e-13       1.045118263288e-14       1.196100648102e-15       3.777789226420e-16       1.495330050067e-17 
 1497       9.403761212437e-11       1.685505638216e-12      -2.272309593143e-13       1.044185866162e-14       1.192929418583e-15       3.754035173993e-16       1.548002664696e-17 
 1498       9.364829887395e-11       1.695116492650e-12      -1.744667080070e-13       1.043245895695e-14       1.189768420211e-15       3.729805033595e-16       1.600229218076e-17 
 1499       9.325644408981e-11       1.704962535756e-12      -1.229259489386e-13       1.042298409490e-14       1.186617602465e-15       3.705079365880e-16       1.652006915139e-17 
 1500       9.286214503315e-11       1.715038727796e-12      -7.263137537750e-14       1.041343465527e-14       1.183476914267e-15       3.679838634622e-16       1.703332954519e-17 
 1501       9.246549951130e-11       1.725339998624e-12      -2.360578052479e-14       1.040381122166e-14       1.180346303989e-15       3.654063206553e-16       1.754204528549e-17 
 1502       9.206660512076e-11       1.735861053855e-12       2.413165518174e-14       1.039411449591e-14       1.177225723758e-15       3.627741011058e-16       1.804618999380e-17 
 1503       9.166555696675e-11       1.746595791423e-12       7.057654201476e-14       1.038434564294e-14       1.174115142451e-15       3.600890601157e-16       1.854574429247e-17 
 1504       9.126244992334e-11       1.757537879238e-12       1.157282115557e-13       1.037450594930e-14       1.171014532830e-15       3.573538316776e-16       1.904069055355e-17 
 1505       9.085737939006e-11       1.768680948385e-12       1.595860137655e-13       1.036459670900e-14       1.167923867234e-15       3.545710645532e-16       1.953101114229e-17 
 1506       9.045044129283e-11       1.780018593054e-12       2.021493170276e-13       1.035461922356e-14       1.164843117581e-15       3.517434222976e-16       2.001668841716e-17 
 1507       9.004173208485e-11       1.791544370487e-12       2.434175081911e-13       1.034457480199e-14       1.161772255370e-15       3.488735832848e-16       2.049770472990e-17 
 1508       8.963134874740e-11       1.803251800905e-12       2.833899926137e-13       1.033446476081e-14       1.158711251674e-15       3.459642407322e-16       2.097404242553e-17 
 1509       8.921938879083e-11       1.815134367454e-12       3.220661942048e-13       1.032429042406e-14       1.155660077144e-15       3.430181027257e-16       2.144568384244e-17 
 1510       8.880595025535e-11       1.827185516136e-12       3.594455554686e-13       1.031405312331e-14       1.152618702006e-15       3.400378922448e-16       2.191261131238e-17 
 1511       8.839113171196e-11       1.839398655750e-12       3.955275375470e-13       1.030375419771e-14       1.149587096060e-15       3.370263471871e-16       2.237480716054e-17 
 1512       8.797503226331e-11       1.851767157825e-12       4.303116202629e-13       1.029339499392e-14       1.146565228681e-15       3.339862203937e-16       2.283225370558e-17 
 1513       8.755775154459e-11       1.864284356563e-12       4.637973021630e-13       1.028297686622e-14       1.143553068815e-15       3.309202796737e-16       2.328493325963e-17 
 1514       8.713938972440e-11       1.876943548771e-12       4.959841005610e-13       1.027250117645e-14       1.140550584981e-15       3.278313078297e-16       2.373282812841e-17 
 1515       8.672004750566e-11       1.889737993799e-12       5.268715515806e-13       1.026196929405e-14       1.137557745269e-15       3.247221026819e-16       2.417592061121e-17 
 1516       8.629982612643e-11       1.902660913479e-12       5.564592101984e-13       1.025138259610e-14       1.134574517339e-15       3.215954770938e-16       2.461419300094e-17 
 1517       8.587882736086e-11       1.915705492063e-12       5.847466502873e-13       1.024074246725e-14       1.131600868419e-15       3.184542589967e-16       2.504762758417e-17 
 1518       8.545715352002e-11       1.928864876157e-12       6.117334646593e-13       1.023005029984e-14       1.128636765307e-15       3.153012914149e-16       2.547620664121e-17 
 1519       8.503490745282e-11       1.942132174658e-12       6.374192651086e-13       1.021930749383e-14       1.125682174367e-15       3.121394324903e-16       2.589991244609e-17 
 1520       8.461219254683e-11       1.955500458694e-12       6.618036824546e-13       1.020851545684e-14       1.122737061532e-15       3.089715555076e-16       2.631872726664e-17 
 1521       8.418911272924e-11       1.968962761562e-12       6.848863665850e-13       1.019767560418e-14       1.119801392297e-15       3.058005489191e-16       2.673263336453e-17 
 1522       8.376577246768e-11       1.982512078660e-12       7.066669864990e-13       1.018678935884e-14       1.116875131725e-15       3.026293163697e-16       2.714161299527e-17 
 1523       8.334227677112e-11       1.996141367428e-12       7.271452303500e-13       1.017585815151e-14       1.113958244440e-15       2.994607767218e-16       2.754564840832e-17 
 1524       8.291873119075e-11       2.009843547286e-12       7.463208054890e-13       1.016488342058e-14       1.111050694632e-15       2.962978640802e-16       2.794472184706e-17 
 1525       8.249524182088e-11       2.023611499565e-12       7.641934385074e-13       1.015386661217e-14       1.108152446051e-15       2.931435278171e-16       2.833881554888e-17 
 1526       8.207191529976e-11       2.037438067454e-12       7.807628752803e-13       1.014280918017e-14       1.105263462009e-15       2.900007325967e-16       2.872791174519e-17 
 1527       8.164885881055e-11       2.051316055929e-12       7.960288810093e-13       1.013171258616e-14       1.102383705379e-15       2.868724584009e-16       2.911199266150e-17 
 1528       8.122618008212e-11       2.065238231693e-12       8.099912402656e-13       1.012057829952e-14       1.099513138591e-15       2.837617005533e-16       2.949104051741e-17 
 1529       8.080398738997e-11       2.079197323113e-12       8.226497570332e-13       1.010940779741e-14       1.096651723636e-15       2.806714697448e-16       2.986503752667e-17 
 1530       8.038238955711e-11       2.093186020157e-12       8.340042547519e-13       1.009820256476e-14       1.093799422061e-15       2.776047920581e-16       3.023396589724e-17 
 1531       7.996149595492e-11       2.107196974332e-12       8.440545763601e-13       1.008696409430e-14       1.090956194973e-15       2.745647089931e-16       3.059780783132e-17 
 1532       7.954141650404e-11       2.121222798621e-12       8.528005843383e-13       1.007569388659e-14       1.088122003030e-15       2.715542774914e-16       3.095654552537e-17 
 1533       7.912226167529e-11       2.135256067418e-12       8.602421607517e-13       1.006439344998e-14       1.085296806448e-15       2.685765699612e-16       3.131016117017e-17 
 1534       7.870414249046e-11       2.149289316468e-12       8.663792072937e-13       1.005306430070e-14       1.082480564998e-15       2.656346743026e-16       3.165863695088e-17 
 1535       7.828717052329e-11       2.163315042803e-12       8.712116453284e-13       1.004170796280e-14       1.079673238001e-15       2.627316939323e-16       3.200195504702e-17 
 1536       7.787145790028e-11       2.177325704677e-12       8.747394159343e-13       1.003032596821e-14       1.076874784333e-15       2.598707478087e-16       3.234009763259e-17 
 1537       7.745711730161e-11       2.191313721508e-12       8.769624799466e-13       1.001891985673e-14       1.074085162421e-15       2.570549704564e-16       3.267304687603e-17 
 1538       7.704426196199e-11       2.205271473811e-12       8.778808180010e-13       1.000749117604e-14       1.071304330243e-15       2.542875119915e-16       3.300078494034e-17 
 1539       7.663300567156e-11       2.219191303137e-12       8.774944305763e-13       9.996041481726e-15       1.068532245324e-15       2.515715381467e-16       3.332329398303e-17 
 1540       7.622346277678e-11       2.233065512009e-12       8.758033380375e-13       9.984572337295e-15       1.065768864740e-15       2.489102302956e-16       3.364055615627e-17 
 1541       7.581573867127e-11       2.246886854719e-12       8.728100975653e-13       9.973085267857e-15       1.063014148618e-15       2.463059076771e-16       3.395255711401e-17 
 1542       7.540990116787e-11       2.260650014940e-12       8.685273799902e-13       9.961581620730e-15       1.060268070676e-15       2.437573849021e-16       3.425929657008e-17 
 1543       7.500600885664e-11       2.274350142014e-12       8.629704649662e-13       9.950062703548e-15       1.057530607778e-15       2.412625894128e-16       3.456077784042e-17 
 1544       7.460412059052e-11       2.287982361329e-12       8.561547307809e-13       9.938529830460e-15       1.054801736448e-15       2.388194369879e-16       3.485700434526e-17 
 1545       7.420429548583e-11       2.301541774279e-12       8.480956545262e-13       9.926984322144e-15       1.052081432859e-15       2.364258317236e-16       3.514797960926e-17 
 1546       7.380659292258e-11       2.315023458231e-12       8.388088122681e-13       9.915427505817e-15       1.049369672839e-15       2.340796660135e-16       3.543370726179e-17 
 1547       7.341107254493e-11       2.328422466479e-12       8.283098792170e-13       9.903860715242e-15       1.046666431869e-15       2.317788205302e-16       3.571419103715e-17 
 1548       7.301779426159e-11       2.341733828213e-12       8.166146298977e-13       9.892285290744e-15       1.043971685081e-15       2.295211642048e-16       3.598943477472e-17 
 1549       7.262681824616e-11       2.354952548477e-12       8.037389383199e-13       9.880702579212e-15       1.041285407258e-15       2.273045542084e-16       3.625944241927e-17 
 1550       7.223820493762e-11       2.368073608134e-12       7.896987781479e-13       9.869113934119e-15       1.038607572834e-15       2.251268359322e-16       3.652421802109e-17 
 1551       7.185201504064e-11       2.381091963823e-12       7.745102228711e-13       9.857520715523e-15       1.035938155891e-15       2.229858429682e-16       3.678376573629e-17 
 1552       7.146830952605e-11       2.394002547927e-12       7.581894459740e-13       9.845924290084e-15       1.033277130162e-15       2.208793970900e-16       3.703808982695e-17 
 1553       7.108714963121e-11       2.406800268529e-12       7.407527211064e-13       9.834326031072e-15       1.030624469027e-15       2.188053082330e-16       3.728719466137e-17 
 1554       7.070859686039e-11       2.419480009380e-12       7.222164222534e-13       9.822727318374e-15       1.027980145513e-15       2.167613744754e-16       3.753108471428e-17 
 1555       7.033271298522e-11       2.432036629856e-12       7.025970239059e-13       9.811129538511e-15       1.025344132296e-15       2.147453820186e-16       3.776976456707e-17 
 1556       6.995956004505e-11       2.444464964922e-12       6.819111012304e-13       9.799534084641e-15       1.022716401695e-15       2.127551051678e-16       3.800323890799e-17 
 1557       6.958920034736e-11       2.456759825093e-12       6.601753302394e-13       9.787942356576e-15       1.020096925677e-15       2.107883063126e-16       3.823151253237e-17 
 1558       6.922169646817e-11       2.468915996399e-12       6.374064879614e-13       9.776355760785e-15       1.017485675852e-15       2.088427359077e-16       3.845459034285e-17 
 1559       6.885711125244e-11       2.480928240341e-12       6.136214526111e-13       9.764775710412e-15       1.014882623474e-15       2.069161324535e-16       3.867247734961e-17 
 1560       6.849550781444e-11       2.492791293860e-12       5.888372037596e-13       9.753203625279e-15       1.012287739441e-15       2.050062224764e-16       3.888517867052e-17 
 1561       6.813694953820e-11       2.504499869293e-12       5.630708225044e-13       9.741640931903e-15       1.009700994293e-15       2.031107205097e-16       3.909269953146e-17 
 1562       6.778150007786e-11       2.516048654339e-12       5.363394916398e-13       9.730089063501e-15       1.007122358212e-15       2.012273290744e-16       3.929504526644e-17 
 1563       6.742922335811e-11       2.527432312017e-12       5.086604958270e-13       9.718549460000e-15       1.004551801022e-15       1.993537386591e-16       3.949222131789e-17 
 1564       6.708018357457e-11       2.538645480633e-12       4.800512217639e-13       9.707023568054e-15       1.001989292185e-15       1.974876277013e-16       3.968423323684e-17 
 1565       6.673444519419e-11       2.549682773738e-12       4.505291583558e-13       9.695512841046e-15       9.994348008049e-16       1.956266625677e-16       3.987108668315e-17 
 1566       6.639207295566e-11       2.560538780091e-12       4.201118968851e-13       9.684018739104e-15       9.968882956236e-16       1.937684975347e-16       4.005278742571e-17 
 1567       6.605313186979e-11       2.571208063620e-12       3.888171311817e-13       9.672542729106e-15       9.943497450214e-16       1.919107747691e-16       4.022934134268e-17 
 1568       6.571768721995e-11       2.581685163387e-12       3.566626577931e-13       9.661086284696e-15       9.918191170161e-16       1.900511243090e-16       4.040075442172e-17 
 1569       6.538580456241e-11       2.591964593547e-12       3.236663761546e-13       9.649650886292e-15       9.892963792624e-16       1.881871640437e-16       4.056703276016e-17 
 1570       6.505754972681e-11       2.602040843311e-12       2.898462887593e-13       9.638238021093e-15       9.867814990510e-16       1.863164996951e-16       4.072818256527e-17 
 1571       6.473298881649e-11       2.611908376907e-12       2.552205013285e-13       9.626849183095e-15       9.842744433081e-16       1.844367247978e-16       4.088421015441e-17 
 1572       6.441218820896e-11       2.621561633543e-12       2.198072229814e-13       9.615485873095e-15       9.817751785947e-16       1.825454206796e-16       4.103512195535e-17 
 1573       6.409521455624e-11       2.630995027370e-12       1.836247664060e-13       9.604149598708e-15       9.792836711055e-16       1.806401564426e-16       4.118092450639e-17 
 1574       6.378213478528e-11       2.640202947441e-12       1.466915480284e-13       9.592841874371e-15       9.767998866688e-16       1.787184889433e-16       4.132162445661e-17 
 1575       6.347301609839e-11       2.649179757675e-12       1.090260881836e-13       9.581564221357e-15       9.743237907452e-16       1.767779627736e-16       4.145722856613e-17 
 1576       6.316792597360e-11       2.657919796819e-12       7.064701128540e-14       9.570318167784e-15       9.718553484273e-16       1.748161102411e-16       4.158774370626e-17 
 1577       6.286693216507e-11       2.666417378408e-12       3.157304599655e-14       9.559105248626e-15       9.693945244388e-16       1.728304513498e-16       4.171317685976e-17 
 1578       6.257010270350e-11       2.674666790731e-12      -8.176974601091e-15       9.547927005723e-15       9.669412831338e-16       1.708184937807e-16       4.183353512104e-17 
 1579       6.227750589654e-11       2.682662296787e-12      -4.858411283635e-14       9.536784987789e-15       9.644955884963e-16       1.687777328725e-16       4.194882569640e-17 
 1580       6.198919865882e-11       2.690398941200e-12      -8.962914868208e-14       9.525680594047e-15       9.620574070140e-16       1.667063232722e-16       4.205905824165e-17 
 1581       6.170519138328e-11       2.697874979197e-12      -1.312920449968e-13       9.514614603525e-15       9.596267163325e-16       1.646051007279e-16       4.216425189830e-17 
 1582       6.142548274539e-11       2.705089470039e-12      -1.735524769933e-13       9.503587641417e-15       9.572034966798e-16       1.624755789765e-16       4.226442832295e-17 
 1583       6.115007134384e-11       2.712041472119e-12      -2.163900092069e-13       9.492600335075e-15       9.547877279986e-16       1.603192797851e-16       4.235960935613e-17 
 1584       6.087895570037e-11       2.718730042960e-12      -2.597840953174e-13       9.481653314010e-15       9.523793899452e-16       1.581377329643e-16       4.244981702262e-17 
 1585       6.061213425962e-11       2.725154239217e-12      -3.037140779699e-13       9.470747209893e-15       9.499784618893e-16       1.559324763805e-16       4.253507353173e-17 
 1586       6.034960538893e-11       2.731313116677e-12      -3.481591885961e-13       9.459882656560e-15       9.475849229134e-16       1.537050559692e-16       4.261540127772e-17 
 1587       6.009136737824e-11       2.737205730260e-12      -3.930985472359e-13       9.449060290011e-15       9.451987518120e-16       1.514570257477e-16       4.269082284007e-17 
 1588       5.983741843987e-11       2.742831134020e-12      -4.385111623588e-13       9.438280748418e-15       9.428199270911e-16       1.491899478280e-16       4.276136098380e-17 
 1589       5.958775670841e-11       2.748188381145e-12      -4.843759306848e-13       9.427544672123e-15       9.404484269678e-16       1.469053924294e-16       4.282703865985e-17 
 1590       5.934238024050e-11       2.753276523958e-12      -5.306716370057e-13       9.416852703645e-15       9.380842293697e-16       1.446049378919e-16       4.288787900537e-17 
 1591       5.910128701475e-11       2.758094613919e-12      -5.773769540072e-13       9.406205487679e-15       9.357273119339e-16       1.422901706887e-16       4.294390534408e-17 
 1592       5.886447493151e-11       2.762641701622e-12      -6.244704420891e-13       9.395603671099e-15       9.333776520072e-16       1.399626854389e-16       4.299514118655e-17 
 1593       5.863194181272e-11       2.766916836800e-12      -6.719305491874e-13       9.385047902964e-15       9.310352266448e-16       1.376240849209e-16       4.304161023060e-17 
 1594       5.840368540181e-11       2.770919068325e-12      -7.197356105955e-13       9.374538834518e-15       9.287000126102e-16       1.352759800848e-16       4.308333636156e-17 
 1595       5.817970336344e-11       2.774647444204e-12      -7.678638487851e-13       9.364077119192e-15       9.263719863743e-16       1.329199900655e-16       4.312034365266e-17 
 1596       5.795999328342e-11       2.778101011586e-12      -8.162933732281e-13       9.353663412611e-15       9.240511241150e-16       1.305577421954e-16       4.315265636532e-17 
 1597       5.774455266853e-11       2.781278816759e-12      -8.650021802174e-13       9.343298372591e-15       9.217374017168e-16       1.281908720175e-16       4.318029894948e-17 
 1598       5.753337894634e-11       2.784179905153e-12      -9.139681526887e-13       9.332982659146e-15       9.194307947699e-16       1.258210232981e-16       4.320329604398e-17 
 1599       5.732646946506e-11       2.786803321337e-12      -9.631690600411e-13       9.322716934488e-15       9.171312785696e-16       1.234498480394e-16       4.322167247680e-17 
 1600       5.712382149337e-11       2.789148109025e-12      -1.012582557959e-12       9.312501863032e-15       9.148388281163e-16       1.210790064931e-16       4.323545326550e-17 
 1601       5.692543222030e-11       2.791213311070e-12      -1.062186188235e-12       9.302338111399e-15       9.125534181141e-16       1.187101671725e-16       4.324466361745e-17 
 1602       5.673129875502e-11       2.792997969473e-12      -1.111957378585e-12       9.292226348415e-15       9.102750229709e-16       1.163450068658e-16       4.324932893022e-17 
 1603       5.654141812669e-11       2.794501125375e-12      -1.161873442480e-12       9.282167245116e-15       9.080036167976e-16       1.139852106490e-16       4.324947479188e-17 
 1604       5.635578728432e-11       2.795721819065e-12      -1.211911578956e-12       9.272161474754e-15       9.057391734073e-16       1.116324718982e-16       4.324512698138e-17 
 1605       5.617440309661e-11       2.796659089976e-12      -1.262048872445e-12       9.262209712794e-15       9.034816663150e-16       1.092884923033e-16       4.323631146879e-17 
 1606       5.599726235176e-11       2.797311976687e-12      -1.312262292588e-12       9.252312636919e-15       9.012310687372e-16       1.069549818803e-16       4.322305441571e-17 
 1607       5.582436175734e-11       2.797679516924e-12      -1.362528694065e-12       9.242470927036e-15       8.989873535907e-16       1.046336589842e-16       4.320538217559e-17 
 1608       5.565569794009e-11       2.797760747563e-12      -1.412824816407e-12       9.232685265272e-15       8.967504934928e-16       1.023262503222e-16       4.318332129400e-17 
 1609       5.549126744582e-11       2.797554704625e-12      -1.463127283826e-12       9.222956335984e-15       8.945204607600e-16       1.000344909661e-16       4.315689850905e-17 
 1610       5.533106673919e-11       2.797060423282e-12      -1.513412605029e-12       9.213284825755e-15       8.922972274080e-16       9.776012436560e-17       4.312614075162e-17 
 1611       5.517509220359e-11       2.796276937856e-12      -1.563657173045e-12       9.203671423404e-15       8.900807651508e-16       9.550490236084e-17       4.309107514580e-17 
 1612       5.502334014096e-11       2.795203281818e-12      -1.613837265043e-12       9.194116819980e-15       8.878710454003e-16       9.327058519547e-17       4.305172900911e-17 
 1613       5.487580677164e-11       2.793838487792e-12      -1.663929042155e-12       9.184621708773e-15       8.856680392656e-16       9.105894152944e-17       4.300812985292e-17 
 1614       5.473248823418e-11       2.792181587553e-12      -1.713908549294e-12       9.175186785311e-15       8.834717175526e-16       8.887174845185e-17       4.296030538273e-17 
 1615       5.459338058523e-11       2.790231612028e-12      -1.763751714982e-12       9.165812747368e-15       8.812820507630e-16       8.671079149382e-17       4.290828349850e-17 
 1616       5.445847979934e-11       2.787987591298e-12      -1.813434351164e-12       9.156500294959e-15       8.790990090943e-16       8.457786464141e-17       4.285209229500e-17 
 1617       5.432778176882e-11       2.785448554598e-12      -1.862932153033e-12       9.147250130351e-15       8.769225624391e-16       8.247477034841e-17       4.279176006216e-17 
 1618       5.420128230355e-11       2.782613530317e-12      -1.912220698853e-12       9.138062958061e-15       8.747526803840e-16       8.040331954924e-17       4.272731528532e-17 
 1619       5.407896982687e-11       2.779482190735e-12      -1.961277292867e-12       9.128939320872e-15       8.725893345804e-16       7.836499647292e-17       4.265878725726e-17 
 1620       5.396080339124e-11       2.776056792598e-12      -2.010086512622e-12       9.119879106258e-15       8.704325058782e-16       7.635994974653e-17       4.258620791925e-17 
 1621       5.384673446358e-11       2.772340254079e-12      -2.058634711416e-12       9.110882035504e-15       8.682821772554e-16       7.438799220077e-17       4.250961003729e-17 
 1622       5.373671421074e-11       2.768335511666e-12      -2.106908179662e-12       9.101947827286e-15       8.661383314524e-16       7.244893523902e-17       4.242902659229e-17 
 1623       5.363069349902e-11       2.764045520189e-12      -2.154893144798e-12       9.093076197662e-15       8.640009509715e-16       7.054258883482e-17       4.234449078050e-17 
 1624       5.352862289366e-11       2.759473252854e-12      -2.202575771187e-12       9.084266860073e-15       8.618700180770e-16       6.866876152947e-17       4.225603601383e-17 
 1625       5.343045265833e-11       2.754621701270e-12      -2.249942160025e-12       9.075519525334e-15       8.597455147939e-16       6.682726042950e-17       4.216369592023e-17 
 1626       5.333613275469e-11       2.749493875482e-12      -2.296978349248e-12       9.066833901631e-15       8.576274229083e-16       6.501789120423e-17       4.206750434401e-17 
 1627       5.324561284182e-11       2.744092803998e-12      -2.343670313434e-12       9.058209694516e-15       8.555157239662e-16       6.324045808328e-17       4.196749534624e-17 
 1628       5.315884227580e-11       2.738421533824e-12      -2.390003963715e-12       9.049646606900e-15       8.534103992736e-16       6.149476385413e-17       4.186370320510e-17 
 1629       5.307577010916e-11       2.732483130487e-12      -2.435965147673e-12       9.041144339052e-15       8.513114298956e-16       5.978060985959e-17       4.175616241621e-17 
 1630       5.299634509040e-11       2.726280678074e-12      -2.481539649255e-12       9.032702588592e-15       8.492187966563e-16       5.809779599540e-17       4.164490769303e-17 
 1631       5.292051566353e-11       2.719817279254e-12      -2.526713188675e-12       9.024321050486e-15       8.471324801380e-16       5.644612070772e-17       4.152997396718e-17 
 1632       5.284822996752e-11       2.713096055315e-12      -2.571471422317e-12       9.015999417044e-15       8.450524606811e-16       5.482538099064e-17       4.141139638882e-17 
 1633       5.277943583583e-11       2.706120146187e-12      -2.615799942645e-12       9.007737377910e-15       8.429787183833e-16       5.323537238377e-17       4.128921032698e-17 
 1634       5.271408079593e-11       2.698892710480e-12      -2.659684278105e-12       8.999534620062e-15       8.409112330993e-16       5.167588896970e-17       4.116345136999e-17 
 1635       5.265211206879e-11       2.691416925508e-12      -2.703109893035e-12       8.991390827805e-15       8.388499844402e-16       5.014672337157e-17       4.103415532573e-17 
 1636       5.259347656838e-11       2.683695987324e-12      -2.746062187566e-12       8.983305682767e-15       8.367949517735e-16       4.864766675061e-17       4.090135822208e-17 
 1637       5.253812090119e-11       2.675733110745e-12      -2.788526497531e-12       8.975278863895e-15       8.347461142219e-16       4.717850880362e-17       4.076509630724e-17 
 1638       5.248599136573e-11       2.667531529386e-12      -2.830488094367e-12       8.967310047447e-15       8.327034506635e-16       4.573903776053e-17       4.062540605007e-17 
 1639       5.243703395202e-11       2.659094495691e-12      -2.871932185025e-12       8.959398906991e-15       8.306669397308e-16       4.432904038195e-17       4.048232414051e-17 
 1640       5.239119434112e-11       2.650425280959e-12      -2.912843911874e-12       8.951545113398e-15       8.286365598108e-16       4.294830195666e-17       4.033588748986e-17 
 1641       5.234841790462e-11       2.641527175378e-12      -2.953208352605e-12       8.943748334837e-15       8.266122890439e-16       4.159660629914e-17       4.018613323118e-17 
 1642       5.230864970415e-11       2.632403488053e-12      -2.993010520137e-12       8.936008236774e-15       8.245941053241e-16       4.027373574714e-17       4.003309871967e-17 
 1643       5.227183449088e-11       2.623057547038e-12      -3.032235362526e-12       8.928324481961e-15       8.225819862979e-16       3.897947115917e-17       3.987682153297e-17 
 1644       5.223791670503e-11       2.613492699365e-12      -3.070867762867e-12       8.920696730436e-15       8.205759093643e-16       3.771359191204e-17       3.971733947156e-17 
 1645       5.220684047540e-11       2.603712311073e-12      -3.108892539200e-12       8.913124639517e-15       8.185758516743e-16       3.647587589838e-17       3.955469055912e-17 
 1646       5.217854961881e-11       2.593719767240e-12      -3.146294444418e-12       8.905607863797e-15       8.165817901300e-16       3.526609952420e-17       3.938891304285e-17 
 1647       5.215298763966e-11       2.583518472016e-12      -3.183058166169e-12       8.898146055138e-15       8.145937013847e-16       3.408403770638e-17       3.922004539388e-17 
 1648       5.213009772944e-11       2.573111848645e-12      -3.219168326766e-12       8.890738862668e-15       8.126115618421e-16       3.292946387022e-17       3.904812630759e-17 
 1649       5.210982276619e-11       2.562503339503e-12      -3.254609483088e-12       8.883385932776e-15       8.106353476559e-16       3.180214994698e-17       3.887319470396e-17 
 1650       5.209210531406e-11       2.551696406127e-12      -3.289366126491e-12       8.876086909108e-15       8.086650347295e-16       3.070186637137e-17       3.869528972798e-17 
 1651       5.207688762275e-11       2.540694529239e-12      -3.323422682708e-12       8.868841432558e-15       8.067005987151e-16       2.962838207913e-17       3.851445074994e-17 
 1652       5.206411162708e-11       2.529501208786e-12      -3.356763511759e-12       8.861649141270e-15       8.047420150139e-16       2.858146450450e-17       3.833071736587e-17 
 1653       5.205371894646e-11       2.518119963960e-12      -3.389372907854e-12       8.854509670626e-15       8.027892587749e-16       2.756087957781e-17       3.814412939780e-17 
 1654       5.204565088440e-11       2.506554333237e-12      -3.421235099299e-12       8.847422653247e-15       8.008423048951e-16       2.656639172296e-17       3.795472689420e-17 
 1655       5.203984842802e-11       2.494807874403e-12      -3.452334248403e-12       8.840387718986e-15       7.989011280186e-16       2.559776385499e-17       3.776255013030e-17 
 1656       5.203625224756e-11       2.482884164582e-12      -3.482654451384e-12       8.833404494921e-15       7.969657025363e-16       2.465475737756e-17       3.756763960844e-17 
 1657       5.203480269586e-11       2.470786800270e-12      -3.512179738272e-12       8.826472605356e-15       7.950360025855e-16       2.373713218053e-17       3.737003605847e-17 
 1658       5.203543987048e-11       2.458519554975e-12      -3.540896601033e-12       8.819591590487e-15       7.931120040196e-16       2.284464569849e-17       3.716977883807e-17 
 1659       5.203810380151e-11       2.446086853588e-12      -3.568801602523e-12       8.812760661654e-15       7.911936903390e-16       2.197705008237e-17       3.696690111767e-17 
 1660       5.204273426441e-11       2.433493302255e-12      -3.595893834487e-12       8.805978943919e-15       7.892810468116e-16       2.113409499797e-17       3.676143465380e-17 
 1661       5.204927071710e-11       2.420743531190e-12      -3.622172395455e-12       8.799245557192e-15       7.873740585071e-16       2.031552856011e-17       3.655341138546e-17 
 1662       5.205765229946e-11       2.407842194705e-12      -3.647636390758e-12       8.792559616217e-15       7.854727102964e-16       1.952109733019e-17       3.634286343443e-17 
 1663       5.206781783284e-11       2.394793971250e-12      -3.672284932539e-12       8.785920230565e-15       7.835769868512e-16       1.875054631361e-17       3.612982310560e-17 
 1664       5.207970581957e-11       2.381603563452e-12      -3.696117139776e-12       8.779326504627e-15       7.816868726438e-16       1.800361895730e-17       3.591432288718e-17 
 1665       5.209325444247e-11       2.368275698149e-12      -3.719132138292e-12       8.772777537604e-15       7.798023519465e-16       1.728005714719e-17       3.569639545105e-17 
 1666       5.210840156435e-11       2.354815126429e-12      -3.741329060776e-12       8.766272423500e-15       7.779234088315e-16       1.657960120569e-17       3.547607365302e-17 
 1667       5.212508472755e-11       2.341226623668e-12      -3.762707046793e-12       8.759810251113e-15       7.760500271702e-16       1.590198988920e-17       3.525339053312e-17 
 1668       5.214324115337e-11       2.327514989563e-12      -3.783265242807e-12       8.753390104026e-15       7.741821906331e-16       1.524696038559e-17       3.502837931591e-17 
 1669       5.216280774167e-11       2.313685048172e-12      -3.803002802191e-12       8.747011060601e-15       7.723198826892e-16       1.461424831167e-17       3.480107341073e-17 
 1670       5.218372107033e-11       2.299741647953e-12      -3.821918885245e-12       8.740672193968e-15       7.704630866058e-16       1.400358771072e-17       3.457150641202e-17 
 1671       5.220591739476e-11       2.285689661797e-12      -3.840012659213e-12       8.734372572017e-15       7.686117854481e-16       1.341471104990e-17       3.433971209961e-17 
 1672       5.222933264742e-11       2.271533987068e-12      -3.857283298298e-12       8.728111257393e-15       7.667659620787e-16       1.284734921785e-17       3.410572443896e-17 
 1673       5.225390243730e-11       2.257279545636e-12      -3.873729983677e-12       8.721887307483e-15       7.649255991572e-16       1.230123152208e-17       3.386957758153e-17 
 1674       5.227956204949e-11       2.242931283921e-12      -3.889351903520e-12       8.715699774410e-15       7.630906791400e-16       1.177608568650e-17       3.363130586499e-17 
 1675       5.230624644460e-11       2.228494172924e-12      -3.904148253002e-12       8.709547705026e-15       7.612611842801e-16       1.127163784891e-17       3.339094381355e-17 
 1676       5.233389025835e-11       2.213973208267e-12      -3.918118234321e-12       8.703430140901e-15       7.594370966260e-16       1.078761255846e-17       3.314852613824e-17 
 1677       5.236242780104e-11       2.199373410229e-12      -3.931261056715e-12       8.697346118315e-15       7.576183980220e-16       1.032373277319e-17       3.290408773719e-17 
 1678       5.239179305705e-11       2.184699823782e-12      -3.943575936476e-12       8.691294668252e-15       7.558050701078e-16       9.879719857461e-18       3.265766369593e-17 
 1679       5.242191968436e-11       2.169957518631e-12      -3.955062096965e-12       8.685274816391e-15       7.539970943175e-16       9.455293579479e-18       3.240928928767e-17 
 1680       5.245274101407e-11       2.155151589249e-12      -3.965718768632e-12       8.679285583094e-15       7.521944518801e-16       9.050172108771e-18       3.215899997360e-17 
 1681       5.248419004989e-11       2.140287154916e-12      -3.975545189029e-12       8.673325983403e-15       7.503971238184e-16       8.664072013671e-18       3.190683140316e-17 
 1682       5.251619946764e-11       2.125369359752e-12      -3.984540602825e-12       8.667395027029e-15       7.486050909489e-16       8.296708258813e-18       3.165281941433e-17 
 1683       5.254870161480e-11       2.110403372758e-12      -3.992704261826e-12       8.661491718342e-15       7.468183338815e-16       7.947794202618e-18       3.139700003394e-17 
 1684       5.258162850997e-11       2.095394387853e-12      -4.000035424985e-12       8.655615056368e-15       7.450368330191e-16       7.617041594779e-18       3.113940947795e-17 
 1685       5.261491184239e-11       2.080347623907e-12      -4.006533358424e-12       8.649764034773e-15       7.432605685569e-16       7.304160573751e-18       3.088008415171e-17 
 1686       5.264848297149e-11       2.065268324784e-12      -4.012197335445e-12       8.643937641862e-15       7.414895204827e-16       7.008859664240e-18       3.061906065028e-17 
 1687       5.268227292632e-11       2.050161759374e-12      -4.017026636552e-12       8.638134860568e-15       7.397236685757e-16       6.730845774689e-18       3.035637575871e-17 
 1688       5.271621240514e-11       2.035033221632e-12      -4.021020549457e-12       8.632354668440e-15       7.379629924068e-16       6.469824194765e-18       3.009206645233e-17 
 1689       5.275023177487e-11       2.019888030618e-12      -4.024178369108e-12       8.626596037642e-15       7.362074713379e-16       6.225498592851e-18       2.982616989703e-17 
 1690       5.278426107062e-11       2.004731530527e-12      -4.026499397696e-12       8.620857934937e-15       7.344570845213e-16       5.997571013530e-18       2.955872344954e-17 
 1691       5.281822999520e-11       1.989569090734e-12      -4.027982944673e-12       8.615139321686e-15       7.327118109001e-16       5.785741875074e-18       2.928976465776e-17 
 1692       5.285206791862e-11       1.974406105824e-12      -4.028628326771e-12       8.609439153832e-15       7.309716292069e-16       5.589709966935e-18       2.901933126099e-17 
 1693       5.288570387761e-11       1.959247995636e-12      -4.028434868015e-12       8.603756381899e-15       7.292365179639e-16       5.409172447226e-18       2.874746119026e-17 
 1694       5.291906657512e-11       1.944100205295e-12      -4.027401899740e-12       8.598089950978e-15       7.275064554828e-16       5.243824840217e-18       2.847419256861e-17 
 1695       5.295208437981e-11       1.928968205249e-12      -4.025528760605e-12       8.592438800723e-15       7.257814198636e-16       5.093361033818e-18       2.819956371136e-17 
 1696       5.298468532560e-11       1.913857491310e-12      -4.022814796613e-12       8.586801865340e-15       7.240613889951e-16       4.957473277067e-18       2.792361312643e-17 
 1697       5.301680299142e-11       1.898773257543e-12      -4.019261113487e-12       8.581178105461e-15       7.223463422013e-16       4.835847399156e-18       2.764637833510e-17 
 1698       5.304839419697e-11       1.883719411789e-12      -4.014875850304e-12       8.575566604087e-15       7.206362651993e-16       4.728148426476e-18       2.736789232276e-17 
 1699       5.307942145856e-11       1.868699551726e-12      -4.009668951363e-12       8.569966471459e-15       7.189311451836e-16       4.634034836562e-18       2.708818705814e-17 
 1700       5.310984712246e-11       1.853717291274e-12      -4.003650418036e-12       8.564376813237e-15       7.172309691822e-16       4.553163322590e-18       2.680729467026e-17 
 1701       5.313963336459e-11       1.838776260611e-12      -3.996830308857e-12       8.558796730500e-15       7.155357240566e-16       4.485188790667e-18       2.652524744871e-17 
 1702       5.316874219035e-11       1.823880106199e-12      -3.989218739613e-12       8.553225319736e-15       7.138453965010e-16       4.429764357123e-18       2.624207784385e-17 
 1703       5.319713543431e-11       1.809032490809e-12      -3.980825883429e-12       8.547661672834e-15       7.121599730425e-16       4.386541345794e-18       2.595781846705e-17 
 1704       5.322477476000e-11       1.794237093545e-12      -3.971661970861e-12       8.542104877078e-15       7.104794400404e-16       4.355169285317e-18       2.567250209096e-17 
 1705       5.325162165963e-11       1.779497609863e-12      -3.961737289983e-12       8.536554015141e-15       7.088037836862e-16       4.335295906412e-18       2.538616164972e-17 
 1706       5.327763745390e-11       1.764817751599e-12      -3.951062186474e-12       8.531008165076e-15       7.071329900029e-16       4.326567139180e-18       2.509883023919e-17 
 1707       5.330278329167e-11       1.750201246990e-12      -3.939647063712e-12       8.525466400312e-15       7.054670448451e-16       4.328627110383e-18       2.481054111724e-17 
 1708       5.332702014981e-11       1.735651840698e-12      -3.927502382858e-12       8.519927789643e-15       7.038059338986e-16       4.341118140738e-18       2.452132770392e-17 
 1709       5.335030883287e-11       1.721173293835e-12      -3.914638662945e-12       8.514391397225e-15       7.021496426798e-16       4.363680742206e-18       2.423122358177e-17 
 1710       5.337260997286e-11       1.706769383984e-12      -3.901066480973e-12       8.508856282565e-15       7.004981565357e-16       4.395953615279e-18       2.394026249599e-17 
 1711       5.339388402903e-11       1.692443905223e-12      -3.886796471990e-12       8.503321500517e-15       6.988514606435e-16       4.437573646269e-18       2.364847835475e-17 
 1712       5.341409128758e-11       1.678200668150e-12      -3.871839329186e-12       8.497786101276e-15       6.972095400104e-16       4.488175904598e-18       2.335590522935e-17 
 1713       5.343319186146e-11       1.664043499905e-12      -3.856205803981e-12       8.492249130366e-15       6.955723794728e-16       4.547393640087e-18       2.306257735454e-17 
 1714       5.345114569008e-11       1.649976244194e-12      -3.839906706111e-12       8.486709628638e-15       6.939399636968e-16       4.614858280244e-18       2.276852912869e-17 
 1715       5.346791253907e-11       1.636002761312e-12      -3.822952903721e-12       8.481166632261e-15       6.923122771772e-16       4.690199427553e-18       2.247379511408e-17 
 1716       5.348345200006e-11       1.622126928168e-12      -3.805355323452e-12       8.475619172715e-15       6.906893042375e-16       4.773044856765e-18       2.217841003710e-17 
 1717       5.349772349040e-11       1.608352638305e-12      -3.787124950531e-12       8.470066276784e-15       6.890710290295e-16       4.863020512183e-18       2.188240878853e-17 
 1718       5.351068625296e-11       1.594683801928e-12      -3.768272828857e-12       8.464506966548e-15       6.874574355332e-16       4.959750504956e-18       2.158582642373e-17 
 1719       5.352229935580e-11       1.581124345924e-12      -3.748810061092e-12       8.458940259380e-15       6.858485075561e-16       5.062857110362e-18       2.128869816292e-17 
 1720       5.353252169203e-11       1.567678213886e-12      -3.728747808752e-12       8.453365167933e-15       6.842442287333e-16       5.171960765102e-18       2.099105939141e-17 
 1721       5.354131197946e-11       1.554349366138e-12      -3.708097292292e-12       8.447780700139e-15       6.826445825268e-16       5.286680064588e-18       2.069294565981e-17 
 1722       5.354862876044e-11       1.541141779759e-12      -3.686869791197e-12       8.442185859196e-15       6.810495522256e-16       5.406631760228e-18       2.039439268433e-17 
 1723       5.355443040153e-11       1.528059448600e-12      -3.665076644071e-12       8.436579643568e-15       6.794591209449e-16       5.531430756721e-18       2.009543634694e-17 
 1724       5.355867509334e-11       1.515106383319e-12      -3.642729248724e-12       8.430961046971e-15       6.778732716265e-16       5.660690109341e-18       1.979611269568e-17 
 1725       5.356132085021e-11       1.502286611392e-12      -3.619839062265e-12       8.425329058370e-15       6.762919870376e-16       5.794021021228e-18       1.949645794486e-17 
 1726       5.356232551000e-11       1.489604177146e-12      -3.596417601186e-12       8.419682661971e-15       6.747152497713e-16       5.931032840676e-18       1.919650847530e-17 
 1727       5.356164673383e-11       1.477063141777e-12      -3.572476441454e-12       8.414020837216e-15       6.731430422458e-16       6.071333058426e-18       1.889630083458e-17 
 1728       5.355924200585e-11       1.464667583376e-12      -3.548027218600e-12       8.408342558772e-15       6.715753467042e-16       6.214527304947e-18       1.859587173730e-17 
 1729       5.355506863297e-11       1.452421596951e-12      -3.523081627806e-12       8.402646796528e-15       6.700121452143e-16       6.360219347733e-18       1.829525806527e-17 
 1730       5.354908374463e-11       1.440329294451e-12      -3.497651423994e-12       8.396932515583e-15       6.684534196683e-16       6.508011088587e-18       1.799449686777e-17 
 1731       5.354124429253e-11       1.428394804791e-12      -3.471748421919e-12       8.391198676246e-15       6.668991517822e-16       6.657502560911e-18       1.769362536182e-17 
 1732       5.353150705042e-11       1.416622273873e-12      -3.445384496253e-12       8.385444234023e-15       6.653493230959e-16       6.808291926997e-18       1.739268093237e-17 
 1733       5.351982861383e-11       1.405015864609e-12      -3.418571581674e-12       8.379668139613e-15       6.638039149725e-16       6.959975475312e-18       1.709170113257e-17 
 1734       5.350616539980e-11       1.393579756949e-12      -3.391321672960e-12       8.373869338900e-15       6.622629085983e-16       7.112147617791e-18       1.679072368401e-17 
 1735       5.349047364670e-11       1.382318147899e-12      -3.363646825072e-12       8.368046772946e-15       6.607262849825e-16       7.264400887124e-18       1.648978647693e-17 
 1736       5.347271681750e-11       1.371234682954e-12      -3.335559339043e-12       8.362199488865e-15       6.591940263457e-16       7.416428316962e-18       1.618892484632e-17 
 1737       5.345288787861e-11       1.360330745098e-12      -3.307072321166e-12       8.356326973487e-15       6.576661203007e-16       7.568331531585e-18       1.588816337452e-17 
 1738       5.343098720837e-11       1.349607151430e-12      -3.278199128695e-12       8.350428822492e-15       6.561425557062e-16       7.720315247606e-18       1.558752401998e-17 
 1739       5.340701521054e-11       1.339064720445e-12      -3.248953184573e-12       8.344504629779e-15       6.546233212812e-16       7.872585128116e-18       1.528702883530e-17 
 1740       5.338097231433e-11       1.328704272040e-12      -3.219347977526e-12       8.338553987473e-15       6.531084056045e-16       8.025347784048e-18       1.498669996737e-17 
 1741       5.335285897449e-11       1.318526627513e-12      -3.189397062165e-12       8.332576485910e-15       6.515977971143e-16       8.178810775543e-18       1.468655965749e-17 
 1742       5.332267567131e-11       1.308532609562e-12      -3.159114059076e-12       8.326571713644e-15       6.500914841081e-16       8.333182613308e-18       1.438663024151e-17 
 1743       5.329042291070e-11       1.298723042288e-12      -3.128512654920e-12       8.320539257441e-15       6.485894547424e-16       8.488672759984e-18       1.408693414995e-17 
 1744       5.325610122424e-11       1.289098751196e-12      -3.097606602529e-12       8.314478702274e-15       6.470916970325e-16       8.645491631508e-18       1.378749390812e-17 
 1745       5.321971116919e-11       1.279660563193e-12      -3.066409721000e-12       8.308389631325e-15       6.455981988522e-16       8.803850598475e-18       1.348833213628e-17 
 1746       5.318125332858e-11       1.270409306593e-12      -3.034935895795e-12       8.302271625978e-15       6.441089479335e-16       8.963961987501e-18       1.318947154976e-17 
 1747       5.314072831124e-11       1.261345811113e-12      -3.003199078833e-12       8.296124265822e-15       6.426239318663e-16       9.126039082590e-18       1.289093495907e-17 
 1748       5.309813675184e-11       1.252470907878e-12      -2.971213288590e-12       8.289947128641e-15       6.411431380986e-16       9.290296126493e-18       1.259274527007e-17 
 1749       5.305347931095e-11       1.243785429421e-12      -2.938992610195e-12       8.283739790418e-15       6.396665539354e-16       9.456948322074e-18       1.229492548405e-17 
 1750       5.300675667508e-11       1.235290209681e-12      -2.906551195522e-12       8.277501825329e-15       6.381941665394e-16       9.626211833671e-18       1.199749869792e-17 
 1751       5.295796955673e-11       1.226986084008e-12      -2.873903263292e-12       8.271232805742e-15       6.367259629300e-16       9.798303788463e-18       1.170048810428e-17 
 1752       5.290711869445e-11       1.218873889159e-12      -2.841063099168e-12       8.264932302212e-15       6.352619299833e-16       9.973442277827e-18       1.140391699159e-17 
 1753       5.285420485285e-11       1.210954463305e-12      -2.808045055846e-12       8.258599883482e-15       6.338020544320e-16       1.015184635871e-17       1.110780874430e-17 
 1754       5.279922882270e-11       1.203228646026e-12      -2.774863553158e-12       8.252235116477e-15       6.323463228651e-16       1.033373605498e-17       1.081218684297e-17 
 1755       5.274219142094e-11       1.195697278314e-12      -2.741533078167e-12       8.245837566304e-15       6.308947217274e-16       1.051933235881e-17       1.051707486438e-17 
 1756       5.268309349073e-11       1.188361202575e-12      -2.708068185259e-12       8.239406796247e-15       6.294472373195e-16       1.070885723202e-17       1.022249648170e-17 
 1757       5.262193590151e-11       1.181221262629e-12      -2.674483496246e-12       8.232942367768e-15       6.280038557972e-16       1.090253360744e-17       9.928475464612e-18 
 1758       5.255871954906e-11       1.174278303709e-12      -2.640793700455e-12       8.226443840499e-15       6.265645631720e-16       1.110058539029e-17       9.635035679407e-18 
 1759       5.249344535550e-11       1.167533172466e-12      -2.607013554830e-12       8.219910772246e-15       6.251293453100e-16       1.130323745955e-17       9.342201089156e-18 
 1760       5.242611426940e-11       1.160986716966e-12      -2.573157884026e-12       8.213342718980e-15       6.236981879320e-16       1.151071566928e-17       9.049995753822e-18 
 1761       5.235672726577e-11       1.154639786690e-12      -2.539241580506e-12       8.206739234839e-15       6.222710766134e-16       1.172324685002e-17       8.758443830392e-18 
 1762       5.228528534615e-11       1.148493232541e-12      -2.505279604636e-12       8.200099872124e-15       6.208479967837e-16       1.194105881017e-17       8.467569573011e-18 
 1763       5.221178953864e-11       1.142547906838e-12      -2.471286984783e-12       8.193424181295e-15       6.194289337263e-16       1.216438033729e-17       8.177397333108e-18 
 1764       5.213624089793e-11       1.136804663320e-12      -2.437278817411e-12       8.186711710972e-15       6.180138725783e-16       1.239344119953e-17       7.887951559531e-18 
 1765       5.205864050538e-11       1.131264357148e-12      -2.403270267175e-12       8.179962007927e-15       6.166027983303e-16       1.262847214694e-17       7.599256798676e-18 
 1766       5.197898946907e-11       1.125927844901e-12      -2.369276567020e-12       8.173174617087e-15       6.151956958260e-16       1.286970491289e-17       7.311337694616e-18 
 1767       5.189728892380e-11       1.120795984584e-12      -2.335313018278e-12       8.166349081527e-15       6.137925497621e-16       1.311737221537e-17       7.024218989235e-18 
 1768       5.181354003118e-11       1.115869635621e-12      -2.301394990761e-12       8.159484942471e-15       6.123933446879e-16       1.337170775841e-17       6.737925522356e-18 
 1769       5.172774397968e-11       1.111149658863e-12      -2.267537922859e-12       8.152581739287e-15       6.109980650051e-16       1.363294623340e-17       6.452482231872e-18 
 1770       5.163990198464e-11       1.106636916583e-12      -2.233757321638e-12       8.145639009484e-15       6.096066949675e-16       1.390132332047e-17       6.167914153877e-18 
 1771       5.155001528836e-11       1.102332272482e-12      -2.200068762934e-12       8.138656288713e-15       6.082192186810e-16       1.417707568988e-17       5.884246422799e-18 
 1772       5.145808516013e-11       1.098236591684e-12      -2.166487891448e-12       8.131633110760e-15       6.068356201031e-16       1.446044100332e-17       5.601504271524e-18 
 1773       5.136411289626e-11       1.094350740743e-12      -2.133030420848e-12       8.124569007547e-15       6.054558830424e-16       1.475165791535e-17       5.319713031536e-18 
 1774       5.126809982015e-11       1.090675587638e-12      -2.099712133859e-12       8.117463509125e-15       6.040799911591e-16       1.505096607469e-17       5.038898133038e-18 
 1775       5.117005197825e-11       1.087211538669e-12      -2.066547701100e-12       8.110316260929e-15       6.027079291662e-16       1.535854241444e-17       4.759083385699e-18 
 1776       5.106999427015e-11       1.083957144945e-12      -2.033547126747e-12       8.103127376578e-15       6.013396864468e-16       1.567430944554e-17       4.480285805112e-18 
 1777       5.096795643507e-11       1.080910484411e-12      -2.000719273756e-12       8.095897087976e-15       5.999752534667e-16       1.599812538559e-17       4.202520743942e-18 
 1778       5.086396836674e-11       1.078069623890e-12      -1.968073042525e-12       8.088625628323e-15       5.986146205741e-16       1.632984772558e-17       3.925803607513e-18 
 1779       5.075806011363e-11       1.075432619074e-12      -1.935617370940e-12       8.081313232123e-15       5.972577779997e-16       1.666933322877e-17       3.650149853873e-18 
 1780       5.065026187918e-11       1.072997514504e-12      -1.903361234427e-12       8.073960135179e-15       5.959047158568e-16       1.701643792965e-17       3.375574993858e-18 
 1781       5.054060402199e-11       1.070762343553e-12      -1.871313646004e-12       8.066566574600e-15       5.945554241404e-16       1.737101713290e-17       3.102094591158e-18 
 1782       5.042911705613e-11       1.068725128410e-12      -1.839483656332e-12       8.059132788800e-15       5.932098927275e-16       1.773292541230e-17       2.829724262383e-18 
 1783       5.031583165127e-11       1.066883880062e-12      -1.807880353769e-12       8.051659017501e-15       5.918681113770e-16       1.810201660968e-17       2.558479677125e-18 
 1784       5.020077863297e-11       1.065236598280e-12      -1.776512864416e-12       8.044145501736e-15       5.905300697289e-16       1.847814383386e-17       2.288376558028e-18 
 1785       5.008398898289e-11       1.063781271598e-12      -1.745390352173e-12       8.036592483847e-15       5.891957573045e-16       1.886115945958e-17       2.019430680848e-18 
 1786       4.996549383899e-11       1.062515877300e-12      -1.714522018788e-12       8.029000207493e-15       5.878651635065e-16       1.925091512644e-17       1.751657874522e-18 
 1787       4.984532449580e-11       1.061438381400e-12      -1.683917103909e-12       8.021368917644e-15       5.865382776179e-16       1.964726173785e-17       1.485074021231e-18 
 1788       4.972351240462e-11       1.060546738629e-12      -1.653584885136e-12       8.013698860592e-15       5.852150888028e-16       2.005004945995e-17       1.219695056469e-18 
 1789       4.960008917375e-11       1.059838892414e-12      -1.623534678072e-12       8.005990283945e-15       5.838955861053e-16       2.045912772056e-17       9.555369691021e-19 
 1790       4.947508656872e-11       1.059312774865e-12      -1.593775836373e-12       7.998243436633e-15       5.825797584500e-16       2.087434520810e-17       6.926158014375e-19 
 1791       4.934853651251e-11       1.058966306754e-12      -1.564317751800e-12       7.990458568909e-15       5.812675946414e-16       2.129554987058e-17       4.309476492888e-19 
 1792       4.922047108579e-11       1.058797397504e-12      -1.535169854273e-12       7.982635932349e-15       5.799590833638e-16       2.172258891445e-17       1.705486620400e-19 
 1793       4.909092252712e-11       1.058803945166e-12      -1.506341611917e-12       7.974775779858e-15       5.786542131810e-16       2.215530880363e-17      -8.856495728903e-20 
 1794       4.895992323320e-11       1.058983836405e-12      -1.477842531119e-12       7.966878365670e-15       5.773529725363e-16       2.259355525839e-17      -3.463769519769e-19 
 1795       4.882750575911e-11       1.059334946486e-12      -1.449682156576e-12       7.958943945346e-15       5.760553497522e-16       2.303717325431e-17      -6.028710115362e-19 
 1796       4.869370281848e-11       1.059855139251e-12      -1.421870071346e-12       7.950972775783e-15       5.747613330299e-16       2.348600702120e-17      -8.580307716478e-19 
 1797       4.855854728378e-11       1.060542267108e-12      -1.394415896903e-12       7.942965115210e-15       5.734709104495e-16       2.393990004207e-17      -1.111839814096e-18 
 1798       4.842207218651e-11       1.061394171010e-12      -1.367329293182e-12       7.934921223193e-15       5.721840699699e-16       2.439869505203e-17      -1.364281666703e-18 
 1799       4.828431071742e-11       1.062408680442e-12      -1.340619958638e-12       7.926841360635e-15       5.709007994278e-16       2.486223403725e-17      -1.615339803264e-18 
 1800       4.814529622677e-11       1.063583613399e-12      -1.314297630292e-12       7.918725789779e-15       5.696210865385e-16       2.533035823392e-17      -1.864997643482e-18 
 1801       4.800506222453e-11       1.064916776376e-12      -1.288372083782e-12       7.910574774212e-15       5.683449188950e-16       2.580290812714e-17      -2.113238552902e-18 
 1802       4.786364238062e-11       1.066405964346e-12      -1.262853133420e-12       7.902388578860e-15       5.670722839681e-16       2.627972344987e-17      -2.360045842849e-18 
 1803       4.772107052512e-11       1.068048960743e-12      -1.237750632235e-12       7.894167469999e-15       5.658031691059e-16       2.676064318191e-17      -2.605402770355e-18 
 1804       4.757738064850e-11       1.069843537450e-12      -1.213074472033e-12       7.885911715249e-15       5.645375615340e-16       2.724550554879e-17      -2.849292538105e-18 
 1805       4.743260690188e-11       1.071787454778e-12      -1.188834583442e-12       7.877621583582e-15       5.632754483550e-16       2.773414802071e-17      -3.091698294362e-18 
 1806       4.728678359719e-11       1.073878461449e-12      -1.165040935966e-12       7.869297345319e-15       5.620168165485e-16       2.822640731153e-17      -3.332603132906e-18 
 1807       4.713994520747e-11       1.076114294582e-12      -1.141703538035e-12       7.860939272134e-15       5.607616529706e-16       2.872211937764e-17      -3.571990092969e-18 
 1808       4.699212636704e-11       1.078492679674e-12      -1.118832437060e-12       7.852547637058e-15       5.595099443539e-16       2.922111941695e-17      -3.809842159171e-18 
 1809       4.684336187176e-11       1.081011330585e-12      -1.096437719477e-12       7.844122714476e-15       5.582616773073e-16       2.972324186779e-17      -4.046142261450e-18 
 1810       4.669368667924e-11       1.083667949518e-12      -1.074529510808e-12       7.835664780134e-15       5.570168383157e-16       3.022832040788e-17      -4.280873275003e-18 
 1811       4.654313590905e-11       1.086460227007e-12      -1.053117975703e-12       7.827174111136e-15       5.557754137400e-16       3.073618795324e-17      -4.514018020214e-18 
 1812       4.639174484301e-11       1.089385841896e-12      -1.032213317999e-12       7.818650985951e-15       5.545373898164e-16       3.124667665715e-17      -4.745559262597e-18 
 1813       4.623954892533e-11       1.092442461323e-12      -1.011825780766e-12       7.810095684409e-15       5.533027526568e-16       3.175961790908e-17      -4.975479712724e-18 
 1814       4.608658381132e-11       1.095627610385e-12      -9.919639919499e-13       7.801508546723e-15       5.520714892000e-16       3.227487383917e-17      -5.203763102611e-18 
 1815       4.593288551334e-11       1.098938280010e-12      -9.726299866031e-13       7.792890151039e-15       5.508435900745e-16       3.279243211168e-17      -5.430397424504e-18 
 1816       4.577849025644e-11       1.102371315887e-12      -9.538241446000e-13       7.784241137321e-15       5.496190467587e-16       3.331231189411e-17      -5.655371718089e-18 
 1817       4.562343443030e-11       1.105923548478e-12      -9.355468413937e-13       7.775562148468e-15       5.483978506307e-16       3.383453242119e-17      -5.878674996392e-18 
 1818       4.546775458945e-11       1.109591792995e-12      -9.177984480073e-13       7.766853830319e-15       5.471799929681e-16       3.435911299493e-17      -6.100296245750e-18 
 1819       4.531148745349e-11       1.113372849380e-12      -9.005793310249e-13       7.758116831658e-15       5.459654649482e-16       3.488607298475e-17      -6.320224425788e-18 
 1820       4.515466990735e-11       1.117263502282e-12      -8.838898525823e-13       7.749351804217e-15       5.447542576474e-16       3.541543182752e-17      -6.538448469391e-18 
 1821       4.499733900146e-11       1.121260521036e-12      -8.677303703584e-13       7.740559402681e-15       5.435463620415e-16       3.594720902769e-17      -6.754957282679e-18 
 1822       4.483953195204e-11       1.125360659644e-12      -8.521012375661e-13       7.731740284690e-15       5.423417690049e-16       3.648142415734e-17      -6.969739744979e-18 
 1823       4.468128614130e-11       1.129560656749e-12      -8.370028029434e-13       7.722895110847e-15       5.411404693110e-16       3.701809685628e-17      -7.182784708802e-18 
 1824       4.452263911764e-11       1.133857235616e-12      -8.224354107443e-13       7.714024544717e-15       5.399424536318e-16       3.755724683214e-17      -7.394080999817e-18 
 1825       4.436362859593e-11       1.138247104110e-12      -8.083994007300e-13       7.705129252834e-15       5.387477125377e-16       3.809889386047e-17      -7.603617416822e-18 
 1826       4.420429245771e-11       1.142726954674e-12      -7.948951081600e-13       7.696209904706e-15       5.375562364973e-16       3.864305778478e-17      -7.811382731720e-18 
 1827       4.404466875143e-11       1.147293464308e-12      -7.819228637829e-13       7.687267172817e-15       5.363680158774e-16       3.918975851668e-17      -8.017365689494e-18 
 1828       4.388479569265e-11       1.151943294550e-12      -7.694829938277e-13       7.678301732630e-15       5.351830409426e-16       3.973901603594e-17      -8.221555008179e-18 
 1829       4.372471166431e-11       1.156673091447e-12      -7.575758199946e-13       7.669314262596e-15       5.340013018553e-16       4.029085039057e-17      -8.423939378838e-18 
 1830       4.356445521692e-11       1.161479485543e-12      -7.462016594462e-13       7.660305444150e-15       5.328227886755e-16       4.084528169693e-17      -8.624507465533e-18 
 1831       4.340406506882e-11       1.166359091848e-12      -7.353608247986e-13       7.651275961724e-15       5.316474913604e-16       4.140233013978e-17      -8.823247905304e-18 
 1832       4.324358010637e-11       1.171308509826e-12      -7.250536241124e-13       7.642226502745e-15       5.304753997647e-16       4.196201597241e-17      -9.020149308138e-18 
 1833       4.308303938424e-11       1.176324323364e-12      -7.152803608835e-13       7.633157757640e-15       5.293065036400e-16       4.252435951670e-17      -9.215200256947e-18 
 1834       4.292248212555e-11       1.181403100759e-12      -7.060413340345e-13       7.624070419843e-15       5.281407926347e-16       4.308938116319e-17      -9.408389307539e-18 
 1835       4.276194772219e-11       1.186541394689e-12      -6.973368379057e-13       7.614965185795e-15       5.269782562940e-16       4.365710137123e-17      -9.599704988594e-18 
 1836       4.260147573497e-11       1.191735742197e-12      -6.891671622457e-13       7.605842754950e-15       5.258188840597e-16       4.422754066898e-17      -9.789135801636e-18 
 1837       4.244110589391e-11       1.196982664667e-12      -6.815325922032e-13       7.596703829779e-15       5.246626652698e-16       4.480071965356e-17      -9.976670221011e-18 
 1838       4.228087809844e-11       1.202278667803e-12      -6.744334083173e-13       7.587549115775e-15       5.235095891585e-16       4.537665899112e-17      -1.016229669386e-17 
 1839       4.212083241760e-11       1.207620241606e-12      -6.678698865091e-13       7.578379321455e-15       5.223596448561e-16       4.595537941692e-17      -1.034600364008e-17 
 1840       4.196100909032e-11       1.213003860355e-12      -6.618422980722e-13       7.569195158365e-15       5.212128213885e-16       4.653690173541e-17      -1.052777945233e-17 
 1841       4.180144852564e-11       1.218425982583e-12      -6.563509096646e-13       7.559997341084e-15       5.200691076777e-16       4.712124682034e-17      -1.070761249596e-17 
 1842       4.164219130289e-11       1.223883051058e-12      -6.513959832986e-13       7.550786587229e-15       5.189284925408e-16       4.770843561481e-17      -1.088549110903e-17 
 1843       4.148327817197e-11       1.229371492759e-12      -6.469777763329e-13       7.541563617456e-15       5.177909646902e-16       4.829848913141e-17      -1.106140360226e-17 
 1844       4.132475005357e-11       1.234887718856e-12      -6.430965414629e-13       7.532329155469e-15       5.166565127338e-16       4.889142845225e-17      -1.123533825900e-17 
 1845       4.116664803935e-11       1.240428124686e-12      -6.397525267124e-13       7.523083928018e-15       5.155251251740e-16       4.948727472908e-17      -1.140728333521e-17 
 1846       4.100901339225e-11       1.245989089737e-12      -6.369459754238e-13       7.513828664909e-15       5.143967904084e-16       5.008604918336e-17      -1.157722705946e-17 
 1847       4.085188754664e-11       1.251566977619e-12      -6.346771262500e-13       7.504564099003e-15       5.132714967290e-16       5.068777310636e-17      -1.174515763285e-17 
 1848       4.069531210861e-11       1.257158136049e-12      -6.329462131450e-13       7.495290966223e-15       5.121492323222e-16       5.129246785924e-17      -1.191106322902e-17 
 1849       4.053932885615e-11       1.262758896826e-12      -6.317534653549e-13       7.486010005559e-15       5.110299852688e-16       5.190015487314e-17      -1.207493199413e-17 
 1850       4.038397973940e-11       1.268365575808e-12      -6.310991074092e-13       7.476721959067e-15       5.099137435438e-16       5.251085564924e-17      -1.223675204683e-17 
 1851       4.022930688088e-11       1.273974472896e-12      -6.309833591116e-13       7.467427571879e-15       5.088004950158e-16       5.312459175891e-17      -1.239651147819e-17 
 1852       4.007535257572e-11       1.279581872007e-12      -6.314064355312e-13       7.458127592203e-15       5.076902274473e-16       5.374138484371e-17      -1.255419835175e-17 
 1853       3.992215570181e-11       1.285184252973e-12      -6.323673962499e-13       7.448822750684e-15       5.065829293511e-16       5.436121847722e-17      -1.270980110700e-17 
 1854       3.976974091889e-11       1.290778929105e-12      -6.338606831863e-13       7.439513698292e-15       5.054785925662e-16       5.498392342074e-17      -1.286330977357e-17 
 1855       3.961812938463e-11       1.296363414623e-12      -6.358795554110e-13       7.430201067953e-15       5.043772097018e-16       5.560929146151e-17      -1.301471476658e-17 
 1856       3.946734233704e-11       1.301935213177e-12      -6.384172373590e-13       7.420885495149e-15       5.032787732824e-16       5.623711346757e-17      -1.316400648398e-17 
 1857       3.931740109457e-11       1.307491817834e-12      -6.414669187809e-13       7.411567617924e-15       5.021832757476e-16       5.686717938650e-17      -1.331117530648e-17 
 1858       3.916832705625e-11       1.313030711066e-12      -6.450217546932e-13       7.402248076885e-15       5.010907094521e-16       5.749927824415e-17      -1.345621159759e-17 
 1859       3.902014170171e-11       1.318549364733e-12      -6.490748653294e-13       7.392927515208e-15       5.000010666653e-16       5.813319814344e-17      -1.359910570358e-17 
 1860       3.887286659138e-11       1.324045240072e-12      -6.536193360910e-13       7.383606578638e-15       4.989143395715e-16       5.876872626306e-17      -1.373984795345e-17 
 1861       3.872652336653e-11       1.329515787678e-12      -6.586482174982e-13       7.374285915497e-15       4.978305202694e-16       5.940564885628e-17      -1.387842865896e-17 
 1862       3.858113374940e-11       1.334958447496e-12      -6.641545251406e-13       7.364966176682e-15       4.967496007722e-16       6.004375124967e-17      -1.401483811462e-17 
 1863       3.843671954326e-11       1.340370648800e-12      -6.701312396283e-13       7.355648015673e-15       4.956715730073e-16       6.068281784185e-17      -1.414906659760e-17 
 1864       3.829330263259e-11       1.345749810185e-12      -6.765713065428e-13       7.346332088532e-15       4.945964288164e-16       6.132263210226e-17      -1.428110436784e-17 
 1865       3.815090498312e-11       1.351093339551e-12      -6.834676363875e-13       7.337019053910e-15       4.935241599550e-16       6.196297656993e-17      -1.441094166793e-17 
 1866       3.800954864193e-11       1.356398634085e-12      -6.908131045388e-13       7.327709573047e-15       4.924547580927e-16       6.260363285219e-17      -1.453856872315e-17 
 1867       3.786925573761e-11       1.361663080253e-12      -6.986005511970e-13       7.318404309780e-15       4.913882148125e-16       6.324438162345e-17      -1.466397574147e-17 
 1868       3.773004848030e-11       1.366884053782e-12      -7.068227813369e-13       7.309103930541e-15       4.903245216112e-16       6.388500262397e-17      -1.478715291349e-17 
 1869       3.759194916183e-11       1.372058919645e-12      -7.154725646589e-13       7.299809104363e-15       4.892636698990e-16       6.452527465859e-17      -1.490809041247e-17 
 1870       3.745498015581e-11       1.377185032051e-12      -7.245426355398e-13       7.290520502884e-15       4.882056509992e-16       6.516497559547e-17      -1.502677839431e-17 
 1871       3.731916391772e-11       1.382259734428e-12      -7.340256929835e-13       7.281238800349e-15       4.871504561485e-16       6.580388236490e-17      -1.514320699751e-17 
 1872       3.718452298505e-11       1.387280359407e-12      -7.439144005720e-13       7.271964673612e-15       4.860980764963e-16       6.644177095799e-17      -1.525736634322e-17 
 1873       3.705107997737e-11       1.392244228813e-12      -7.542013864162e-13       7.262698802143e-15       4.850485031051e-16       6.707841642547e-17      -1.536924653515e-17 
 1874       3.691885759643e-11       1.397148653645e-12      -7.648792431066e-13       7.253441868029e-15       4.840017269500e-16       6.771359287642e-17      -1.547883765961e-17 
 1875       3.678787862630e-11       1.401990934069e-12      -7.759405276647e-13       7.244194555976e-15       4.829577389186e-16       6.834707347704e-17      -1.558612978550e-17 
 1876       3.665816593342e-11       1.406768359394e-12      -7.873777614929e-13       7.234957553316e-15       4.819165298110e-16       6.897863044939e-17      -1.569111296425e-17 
 1877       3.652974246675e-11       1.411478208069e-12      -7.991834303264e-13       7.225731550006e-15       4.808780903396e-16       6.960803507015e-17      -1.579377722988e-17 
 1878       3.640263125784e-11       1.416117747660e-12      -8.113499841831e-13       7.216517238636e-15       4.798424111288e-16       7.023505766937e-17      -1.589411259893e-17 
 1879       3.627685542095e-11       1.420684234839e-12      -8.238698373153e-13       7.207315314426e-15       4.788094827152e-16       7.085946762924e-17      -1.599210907045e-17 
 1880       3.615243815315e-11       1.425174915372e-12      -8.367353681599e-13       7.198126475238e-15       4.777792955469e-16       7.148103338283e-17      -1.608775662604e-17 
 1881       3.602940273443e-11       1.429587024102e-12      -8.499389192895e-13       7.188951421570e-15       4.767518399841e-16       7.209952241283e-17      -1.618104522979e-17 
 1882       3.590777252777e-11       1.433917784936e-12      -8.634727973633e-13       7.179790856567e-15       4.757271062983e-16       7.271470125035e-17      -1.627196482827e-17 
 1883       3.578757097928e-11       1.438164410828e-12      -8.773292730780e-13       7.170645486018e-15       4.747050846724e-16       7.332633547363e-17      -1.636050535055e-17 
 1884       3.566882161829e-11       1.442324103772e-12      -8.915005811183e-13       7.161516018365e-15       4.736857652008e-16       7.393418970679e-17      -1.644665670815e-17 
 1885       3.555154805745e-11       1.446394054780e-12      -9.059789201081e-13       7.152403164702e-15       4.726691378887e-16       7.453802761865e-17      -1.653040879506e-17 
 1886       3.543577399283e-11       1.450371443872e-12      -9.207564525613e-13       7.143307638781e-15       4.716551926527e-16       7.513761192139e-17      -1.661175148772e-17 
 1887       3.532152320403e-11       1.454253440060e-12      -9.358253048326e-13       7.134230157014e-15       4.706439193198e-16       7.573270436939e-17      -1.669067464497e-17 
 1888       3.520881955429e-11       1.458037201337e-12      -9.511775670682e-13       7.125171438475e-15       4.696353076279e-16       7.632306575791e-17      -1.676716810812e-17 
 1889       3.509768699055e-11       1.461719874658e-12      -9.668052931568e-13       7.116132204908e-15       4.686293472256e-16       7.690845592192e-17      -1.684122170084e-17 
 1890       3.498814954362e-11       1.465298595931e-12      -9.827005006806e-13       7.107113180724e-15       4.676260276716e-16       7.748863373479e-17      -1.691282522923e-17 
 1891       3.488023132823e-11       1.468770489998e-12      -9.988551708659e-13       7.098115093009e-15       4.666253384350e-16       7.806335710706e-17      -1.698196848178e-17 
 1892       3.477395201266e-11       1.472133050813e-12      -1.015261121043e-12       7.089138597741e-15       4.656272696170e-16       7.863243216495e-17      -1.704864317016e-17 
 1893       3.466931318906e-11       1.475385285197e-12      -1.031909621047e-12       7.080184057810e-15       4.646318141217e-16       7.919586120419e-17      -1.711284876822e-17 
 1894       3.456631189791e-11       1.478526577902e-12      -1.048791773752e-12       7.071251763289e-15       4.636389655018e-16       7.975369587811e-17      -1.717458671818e-17 
 1895       3.446494514889e-11       1.481556312223e-12      -1.065898642238e-12       7.062342005060e-15       4.626487172380e-16       8.030598812225e-17      -1.723385849391e-17 
 1896       3.436520992081e-11       1.484473869994e-12      -1.083221249741e-12       7.053455074819e-15       4.616610627390e-16       8.085279015473e-17      -1.729066560099e-17 
 1897       3.426710316159e-11       1.487278631592e-12      -1.100750579596e-12       7.044591265074e-15       4.606759953410e-16       8.139415447668e-17      -1.734500957681e-17 
 1898       3.417062178821e-11       1.489969975931e-12      -1.118477575185e-12       7.035750869147e-15       4.596935083083e-16       8.193013387261e-17      -1.739689199055e-17 
 1899       3.407576268664e-11       1.492547280461e-12      -1.136393139883e-12       7.026934181175e-15       4.587135948325e-16       8.246078141084e-17      -1.744631444330e-17 
 1900       3.398252271179e-11       1.495009921172e-12      -1.154488137006e-12       7.018141496111e-15       4.577362480326e-16       8.298615044390e-17      -1.749327856806e-17 
 1901       3.389089868750e-11       1.497357272583e-12      -1.172753389757e-12       7.009373109723e-15       4.567614609551e-16       8.350629460889e-17      -1.753778602985e-17 
 1902       3.380088740644e-11       1.499588707751e-12      -1.191179681169e-12       7.000629318597e-15       4.557892265736e-16       8.402126782796e-17      -1.757983852569e-17 
 1903       3.371248563009e-11       1.501703598261e-12      -1.209757754060e-12       6.991910420138e-15       4.548195377889e-16       8.453112430862e-17      -1.761943778473e-17 
 1904       3.362569008869e-11       1.503701314231e-12      -1.228478310969e-12       6.983216712567e-15       4.538523874285e-16       8.503591854422e-17      -1.765658556824e-17 
 1905       3.354049748117e-11       1.505581224304e-12      -1.247332014113e-12       6.974548494928e-15       4.528877682469e-16       8.553570531432e-17      -1.769128366970e-17 
 1906       3.345690447515e-11       1.507342695654e-12      -1.266309485324e-12       6.965906067084e-15       4.519256729255e-16       8.603053968507e-17      -1.772353391485e-17 
 1907       3.337490770682e-11       1.508985093979e-12      -1.285401306003e-12       6.957289729718e-15       4.509660940721e-16       8.652047700966e-17      -1.775333816173e-17 
 1908       3.329450378094e-11       1.510507783502e-12      -1.304598017062e-12       6.948699784338e-15       4.500090242210e-16       8.700557292868e-17      -1.778069830074e-17 
 1909       3.321568927080e-11       1.511910126969e-12      -1.323890118874e-12       6.940136533274e-15       4.490544558328e-16       8.748588337054e-17      -1.780561625469e-17 
 1910       3.313846071813e-11       1.513191485648e-12      -1.343268071216e-12       6.931600279679e-15       4.481023812946e-16       8.796146455188e-17      -1.782809397886e-17 
 1911       3.306281463306e-11       1.514351219327e-12      -1.362722293219e-12       6.923091327531e-15       4.471527929194e-16       8.843237297795e-17      -1.784813346105e-17 
 1912       3.298874749411e-11       1.515388686313e-12      -1.382243163312e-12       6.914609981635e-15       4.462056829463e-16       8.889866544304e-17      -1.786573672163e-17 
 1913       3.291625574810e-11       1.516303243430e-12      -1.401821019169e-12       6.906156547620e-15       4.452610435403e-16       8.936039903084e-17      -1.788090581359e-17 
 1914       3.284533581010e-11       1.517094246019e-12      -1.421446157658e-12       6.897731331945e-15       4.443188667921e-16       8.981763111490e-17      -1.789364282261e-17 
 1915       3.277598406341e-11       1.517761047933e-12      -1.441108834784e-12       6.889334641894e-15       4.433791447181e-16       9.027041935897e-17      -1.790394986710e-17 
 1916       3.270819685950e-11       1.518303001542e-12      -1.460799265638e-12       6.880966785583e-15       4.424418692603e-16       9.071882171745e-17      -1.791182909823e-17 
 1917       3.264197051795e-11       1.518719457725e-12      -1.480507624343e-12       6.872628071955e-15       4.415070322860e-16       9.116289643578e-17      -1.791728270005e-17 
 1918       3.257730132639e-11       1.519009765873e-12      -1.500224044000e-12       6.864318810787e-15       4.405746255878e-16       9.160270205082e-17      -1.792031288948e-17 
 1919       3.251418554049e-11       1.519173273884e-12      -1.519938616635e-12       6.856039312683e-15       4.396446408836e-16       9.203829739127e-17      -1.792092191637e-17 
 1920       3.245261938389e-11       1.519209328166e-12      -1.539641393147e-12       6.847789889082e-15       4.387170698163e-16       9.246974157808e-17      -1.791911206359e-17 
 1921       3.239259904813e-11       1.519117273630e-12      -1.559322383250e-12       6.839570852257e-15       4.377919039536e-16       9.289709402483e-17      -1.791488564706e-17 
 1922       3.233412069264e-11       1.518896453695e-12      -1.578971555427e-12       6.831382515312e-15       4.368691347881e-16       9.332041443815e-17      -1.790824501579e-17 
 1923       3.227718044466e-11       1.518546210282e-12      -1.598578836869e-12       6.823225192189e-15       4.359487537373e-16       9.373976281811e-17      -1.789919255196e-17 
 1924       3.222177439921e-11       1.518065883812e-12      -1.618134113426e-12       6.815099197663e-15       4.350307521429e-16       9.415519945864e-17      -1.788773067095e-17 
 1925       3.216789861901e-11       1.517454813209e-12      -1.637627229552e-12       6.807004847346e-15       4.341151212714e-16       9.456678494791e-17      -1.787386182141e-17 
 1926       3.211554913450e-11       1.516712335896e-12      -1.657047988254e-12       6.798942457689e-15       4.332018523135e-16       9.497458016874e-17      -1.785758848531e-17 
 1927       3.206472194370e-11       1.515837787791e-12      -1.676386151034e-12       6.790912345978e-15       4.322909363841e-16       9.537864629901e-17      -1.783891317798e-17 
 1928       3.201541301222e-11       1.514830503312e-12      -1.695631437841e-12       6.782914830342e-15       4.313823645223e-16       9.577904481205e-17      -1.781783844818e-17 
 1929       3.196761827321e-11       1.513689815368e-12      -1.714773527011e-12       6.774950229746e-15       4.304761276909e-16       9.617583747705e-17      -1.779436687814e-17 
 1930       3.192133362728e-11       1.512415055365e-12      -1.733802055222e-12       6.767018863999e-15       4.295722167770e-16       9.656908635946e-17      -1.776850108363e-17 
 1931       3.187655213649e-11       1.511005869690e-12      -1.752707387954e-12       6.759120977507e-15       4.286706232048e-16       9.695882185469e-17      -1.774024461198e-17 
 1932       3.183325558306e-11       1.509463171819e-12      -1.771482937396e-12       6.751256509933e-15       4.277713407820e-16       9.734494652359e-17      -1.770960464353e-17 
 1933       3.179142284660e-11       1.507788197424e-12      -1.790122862001e-12       6.743425323802e-15       4.268743638676e-16       9.772733052892e-17      -1.767658931077e-17 
 1934       3.175103270408e-11       1.505982188549e-12      -1.808621297536e-12       6.735627280585e-15       4.259796867590e-16       9.810584353525e-17      -1.764120680229e-17 
 1935       3.171206382978e-11       1.504046393612e-12      -1.826972357051e-12       6.727862240697e-15       4.250873036924e-16       9.848035470834e-17      -1.760346536286e-17 
 1936       3.167449479509e-11       1.501982067422e-12      -1.845170130850e-12       6.720130063494e-15       4.241972088425e-16       9.885073271451e-17      -1.756337329354e-17 
 1937       3.163830406836e-11       1.499790471180e-12      -1.863208686462e-12       6.712430607275e-15       4.233093963221e-16       9.921684572001e-17      -1.752093895172e-17 
 1938       3.160347001483e-11       1.497472872494e-12      -1.881082068615e-12       6.704763729276e-15       4.224238601826e-16       9.957856139040e-17      -1.747617075122e-17 
 1939       3.156997089642e-11       1.495030545382e-12      -1.898784299205e-12       6.697129285670e-15       4.215405944133e-16       9.993574688992e-17      -1.742907716240e-17 
 1940       3.153778487162e-11       1.492464770288e-12      -1.916309377266e-12       6.689527131567e-15       4.206595929417e-16       1.002882688809e-16      -1.737966671220e-17 
 1941       3.150688999536e-11       1.489776834083e-12      -1.933651278945e-12       6.681957121012e-15       4.197808496333e-16       1.006359935230e-16      -1.732794798423e-17 
 1942       3.147726421884e-11       1.486968030078e-12      -1.950803957472e-12       6.674419106980e-15       4.189043582915e-16       1.009787864727e-16      -1.727392961888e-17 
 1943       3.144888538945e-11       1.484039658034e-12      -1.967761343130e-12       6.666912941377e-15       4.180301126572e-16       1.013165128829e-16      -1.721762031336e-17 
 1944       3.142173125054e-11       1.480993024167e-12      -1.984517343228e-12       6.659438475042e-15       4.171581064093e-16       1.016490374017e-16      -1.715902882183e-17 
 1945       3.139577944136e-11       1.477829441160e-12      -2.001065842070e-12       6.651995557737e-15       4.162883331642e-16       1.019762241723e-16      -1.709816395544e-17 
 1946       3.137100749690e-11       1.474550228168e-12      -2.017400700930e-12       6.644584038152e-15       4.154207864756e-16       1.022979368322e-16      -1.703503458244e-17 
 1947       3.134739284770e-11       1.471156710833e-12      -2.033515758022e-12       6.637203763902e-15       4.145554598348e-16       1.026140385126e-16      -1.696964962824e-17 
 1948       3.132491281981e-11       1.467650221285e-12      -2.049404828467e-12       6.629854581524e-15       4.136923466702e-16       1.029243918375e-16      -1.690201807551e-17 
 1949       3.130354463456e-11       1.464032098158e-12      -2.065061704273e-12       6.622536336476e-15       4.128314403475e-16       1.032288589237e-16      -1.683214896426e-17 
 1950       3.128326540844e-11       1.460303686593e-12      -2.080480154298e-12       6.615248873137e-15       4.119727341694e-16       1.035273013796e-16      -1.676005139190e-17 
 1951       3.126405215302e-11       1.456466338250e-12      -2.095653924227e-12       6.607992034802e-15       4.111162213756e-16       1.038195803046e-16      -1.668573451335e-17 
 1952       3.124588177472e-11       1.452521411318e-12      -2.110576736539e-12       6.600765663683e-15       4.102618951428e-16       1.041055562890e-16      -1.660920754113e-17 
 1953       3.122873107475e-11       1.448470270518e-12      -2.125242290483e-12       6.593569600908e-15       4.094097485842e-16       1.043850894127e-16      -1.653047974539e-17 
 1954       3.121257674892e-11       1.444314287119e-12      -2.139644262045e-12       6.586403686516e-15       4.085597747499e-16       1.046580392450e-16      -1.644956045404e-17 
 1955       3.119739538751e-11       1.440054838941e-12      -2.153776303923e-12       6.579267759460e-15       4.077119666265e-16       1.049242648439e-16      -1.636645905282e-17 
 1956       3.118316347516e-11       1.435693310367e-12      -2.167632045496e-12       6.572161657599e-15       4.068663171372e-16       1.051836247554e-16      -1.628118498538e-17 
 1957       3.116985739068e-11       1.431231092352e-12      -2.181205092795e-12       6.565085217705e-15       4.060228191413e-16       1.054359770130e-16      -1.619374775337e-17 
 1958       3.115745340698e-11       1.426669582428e-12      -2.194489028476e-12       6.558038275453e-15       4.051814654347e-16       1.056811791367e-16      -1.610415691649e-17 
 1959       3.114592769084e-11       1.422010184717e-12      -2.207477411793e-12       6.551020665425e-15       4.043422487493e-16       1.059190881331e-16      -1.601242209262e-17 
 1960       3.113525630287e-11       1.417254309938e-12      -2.220163778563e-12       6.544032221105e-15       4.035051617531e-16       1.061495604938e-16      -1.591855295785e-17 
 1961       3.112541519727e-11       1.412403375417e-12      -2.232541641145e-12       6.537072774881e-15       4.026701970502e-16       1.063724521958e-16      -1.582255924663e-17 
 1962       3.111638022179e-11       1.407458805091e-12      -2.244604488406e-12       6.530142158038e-15       4.018373471803e-16       1.065876187001e-16      -1.572445075178e-17 
 1963       3.110812711751e-11       1.402422029526e-12      -2.256345785694e-12       6.523240200763e-15       4.010066046193e-16       1.067949149513e-16      -1.562423732461e-17 
 1964       3.110063151875e-11       1.397294485914e-12      -2.267758974812e-12       6.516366732137e-15       4.001779617783e-16       1.069941953773e-16      -1.552192887500e-17 
 1965       3.109386895290e-11       1.392077618093e-12      -2.278837473985e-12       6.509521580139e-15       3.993514110044e-16       1.071853138881e-16      -1.541753537149e-17 
 1966       3.108781484029e-11       1.386772876548e-12      -2.289574677832e-12       6.502704571639e-15       3.985269445800e-16       1.073681238757e-16      -1.531106684132e-17 
 1967       3.108244449409e-11       1.381381718424e-12      -2.299963957341e-12       6.495915532400e-15       3.977045547229e-16       1.075424782131e-16      -1.520253337057e-17 
 1968       3.107773312009e-11       1.375905607532e-12      -2.309998659838e-12       6.489154287078e-15       3.968842335861e-16       1.077082292538e-16      -1.509194510421e-17 
 1969       3.107365581663e-11       1.370346014360e-12      -2.319672108956e-12       6.482420659214e-15       3.960659732581e-16       1.078652288314e-16      -1.497931224618e-17 
 1970       3.107018768455e-11       1.364704515073e-12      -2.328978690491e-12       6.475714434034e-15       3.952497663084e-16       1.080133769707e-16      -1.486465941066e-17 
 1971       3.106730415820e-11       1.358983089313e-12      -2.337917118825e-12       6.469035246520e-15       3.944356074323e-16       1.081527684190e-16      -1.474806879225e-17 
 1972       3.106498067666e-11       1.353183824629e-12      -2.346487194712e-12       6.462382692503e-15       3.936234918183e-16       1.082835472026e-16      -1.462963731669e-17 
 1973       3.106319257361e-11       1.347308817698e-12      -2.354688721604e-12       6.455756365789e-15       3.928134146031e-16       1.084058580142e-16      -1.450946231933e-17 
 1974       3.106191507728e-11       1.341360174334e-12      -2.362521505659e-12       6.449155858153e-15       3.920053708714e-16       1.085198462135e-16      -1.438764154562e-17 
 1975       3.106112331029e-11       1.335340009506e-12      -2.369985355746e-12       6.442580759341e-15       3.911993556561e-16       1.086256578286e-16      -1.426427315169e-17 
 1976       3.106079228948e-11       1.329250447344e-12      -2.377080083445e-12       6.436030657064e-15       3.903953639376e-16       1.087234395566e-16      -1.413945570482e-17 
 1977       3.106089692582e-11       1.323093621151e-12      -2.383805503059e-12       6.429505136996e-15       3.895933906444e-16       1.088133387643e-16      -1.401328818401e-17 
 1978       3.106141202426e-11       1.316871673420e-12      -2.390161431613e-12       6.423003782772e-15       3.887934306526e-16       1.088955034896e-16      -1.388586998048e-17 
 1979       3.106231228358e-11       1.310586755838e-12      -2.396147688863e-12       6.416526175983e-15       3.879954787858e-16       1.089700824417e-16      -1.375730089820e-17 
 1980       3.106357229627e-11       1.304241029307e-12      -2.401764097299e-12       6.410071896178e-15       3.871995298155e-16       1.090372250028e-16      -1.362768115441e-17 
 1981       3.106516654838e-11       1.297836663947e-12      -2.407010482148e-12       6.403640520856e-15       3.864055784604e-16       1.090970812280e-16      -1.349711138018e-17 
 1982       3.106706941940e-11       1.291375839115e-12      -2.411886671383e-12       6.397231625465e-15       3.856136193865e-16       1.091498018472e-16      -1.336569262088e-17 
 1983       3.106925518211e-11       1.284860743411e-12      -2.416392495727e-12       6.390844783402e-15       3.848236472073e-16       1.091955382651e-16      -1.323352633676e-17 
 1984       3.107169800245e-11       1.278293574694e-12      -2.420527788654e-12       6.384479566005e-15       3.840356564835e-16       1.092344425626e-16      -1.310071440344e-17 
 1985       3.107437193940e-11       1.271676540092e-12      -2.424292386399e-12       6.378135542554e-15       3.832496417228e-16       1.092666674976e-16      -1.296735911243e-17 
 1986       3.107725094480e-11       1.265011856015e-12      -2.427686127961e-12       6.371812280269e-15       3.824655973801e-16       1.092923665058e-16      -1.283356317170e-17 
 1987       3.108030886326e-11       1.258301748163e-12      -2.430708855106e-12       6.365509344304e-15       3.816835178571e-16       1.093116937014e-16      -1.269942970615e-17 
 1988       3.108351943201e-11       1.251548451544e-12      -2.433360412374e-12       6.359226297745e-15       3.809033975026e-16       1.093248038785e-16      -1.256506225820e-17 
 1989       3.108685628075e-11       1.244754210481e-12      -2.435640647085e-12       6.352962701610e-15       3.801252306121e-16       1.093318525115e-16      -1.243056478824e-17 
 1990       3.109029293152e-11       1.237921278627e-12      -2.437549409341e-12       6.346718114843e-15       3.793490114278e-16       1.093329957560e-16      -1.229604167521e-17 
 1991       3.109380279858e-11       1.231051918972e-12      -2.439086552032e-12       6.340492094313e-15       3.785747341385e-16       1.093283904499e-16      -1.216159771710e-17 
 1992       3.109735918826e-11       1.224148403862e-12      -2.440251930844e-12       6.334284194811e-15       3.778023928796e-16       1.093181941145e-16      -1.202733813152e-17 
 1993       3.110093529882e-11       1.217213015005e-12      -2.441045404258e-12       6.328093969045e-15       3.770319817331e-16       1.093025649545e-16      -1.189336855614e-17 
 1994       3.110450422031e-11       1.210248043484e-12      -2.441466833559e-12       6.321920967642e-15       3.762634947271e-16       1.092816618600e-16      -1.175979504931e-17 
 1995       3.110803893448e-11       1.203255789771e-12      -2.441516082841e-12       6.315764739141e-15       3.754969258364e-16       1.092556444064e-16      -1.162672409051e-17 
 1996       3.111151231457e-11       1.196238563737e-12      -2.441193019010e-12       6.309624829991e-15       3.747322689816e-16       1.092246728560e-16      -1.149426258092e-17 
 1997       3.111489712524e-11       1.189198684663e-12      -2.440497511791e-12       6.303500784551e-15       3.739695180298e-16       1.091889081585e-16      -1.136251784395e-17 
 1998       3.111816602238e-11       1.182138481255e-12      -2.439429433731e-12       6.297392145084e-15       3.732086667939e-16       1.091485119519e-16      -1.123159762572e-17 
 1999       3.112129155301e-11       1.175060291652e-12      -2.437988660204e-12       6.291298451753e-15       3.724497090330e-16       1.091036465636e-16      -1.110161009563e-17 
 2000       3.112424615516e-11       1.167966463441e-12      -2.436175069419e-12       6.285219242625e-15       3.716926384520e-16       1.090544750108e-16      -1.097266384687e-17 
 2001       3.112700215766e-11       1.160859353668e-12      -2.433988542419e-12       6.279154053661e-15       3.709374487014e-16       1.090011610022e-16      -1.084486789693e-17 
 2002       3.112953178010e-11       1.153741328846e-12      -2.431428963094e-12       6.273102418717e-15       3.701841333779e-16       1.089438689380e-16      -1.071833168817e-17 
 2003       3.113180713261e-11       1.146614764975e-12      -2.428496218176e-12       6.267063869540e-15       3.694326860234e-16       1.088827639112e-16      -1.059316508830e-17 
 2004       3.113380021579e-11       1.139482047545e-12      -2.425190197255e-12       6.261037935766e-15       3.686831001255e-16       1.088180117087e-16      -1.046947839091e-17 
 2005       3.113548292051e-11       1.132345571555e-12      -2.421510792774e-12       6.255024144915e-15       3.679353691175e-16       1.087497788117e-16      -1.034738231602e-17 
 2006       3.113682702784e-11       1.125207741518e-12      -2.417457900041e-12       6.249022022393e-15       3.671894863778e-16       1.086782323967e-16      -1.022698801061e-17 
 2007       3.113780420886e-11       1.118070971479e-12      -2.413031417228e-12       6.243031091483e-15       3.664454452302e-16       1.086035403368e-16      -1.010840704910e-17 
 2008       3.113838602457e-11       1.110937685025e-12      -2.408231245382e-12       6.237050873350e-15       3.657032389439e-16       1.085258712020e-16      -9.991751433918e-18 
 2009       3.113854635432e-11       1.103810186462e-12      -2.403058059612e-12       6.231080900822e-15       3.649628612113e-16       1.084453324593e-16      -9.877096119662e-18 
 2010       3.113826870087e-11       1.096690273314e-12      -2.397515628791e-12       6.225120759889e-15       3.642243075864e-16       1.083617845775e-16      -9.764366286088e-18 
 2011       3.113753893831e-11       1.089579621024e-12      -2.391608512767e-12       6.219170048504e-15       3.634875740570e-16       1.082750255697e-16      -9.653449244885e-18 
 2012       3.113634288820e-11       1.082479911543e-12      -2.385341292737e-12       6.213228362818e-15       3.627526565673e-16       1.081848526706e-16      -9.544231840876e-18 
 2013       3.113466631954e-11       1.075392833333e-12      -2.378718571274e-12       6.207295297175e-15       3.620195510176e-16       1.080910623352e-16      -9.436600451432e-18 
 2014       3.113249494864e-11       1.068320081379e-12      -2.371744972356e-12       6.201370444112e-15       3.612882532645e-16       1.079934502385e-16      -9.330440985880e-18 
 2015       3.112981443913e-11       1.061263357193e-12      -2.364425141397e-12       6.195453394355e-15       3.605587591208e-16       1.078918112738e-16      -9.225638884919e-18 
 2016       3.112661040185e-11       1.054224368827e-12      -2.356763745267e-12       6.189543736816e-15       3.598310643552e-16       1.077859395523e-16      -9.122079120030e-18 
 2017       3.112286839481e-11       1.047204830874e-12      -2.348765472327e-12       6.183641058595e-15       3.591051646926e-16       1.076756284018e-16      -9.019646192887e-18 
 2018       3.111857392310e-11       1.040206464485e-12      -2.340435032455e-12       6.177744944970e-15       3.583810558139e-16       1.075606703660e-16      -8.918224134771e-18 
 2019       3.111371243886e-11       1.033230997368e-12      -2.331777157072e-12       6.171854979403e-15       3.576587333555e-16       1.074408572033e-16      -8.817696505980e-18 
 2020       3.110826934119e-11       1.026280163802e-12      -2.322796599171e-12       6.165970743532e-15       3.569381929100e-16       1.073159798861e-16      -8.717946395244e-18 
 2021       3.110222997608e-11       1.019355704642e-12      -2.313498133346e-12       6.160091817170e-15       3.562194300255e-16       1.071858285995e-16      -8.618856419131e-18 
 2022       3.109557963639e-11       1.012459367331e-12      -2.303886555817e-12       6.154217778305e-15       3.555024402058e-16       1.070501927408e-16      -8.520308721467e-18 
 2023       3.108830356174e-11       1.005592905901e-12      -2.293966684461e-12       6.148348203092e-15       3.547872189104e-16       1.069088609181e-16      -8.422184972738e-18 
 2024       3.108038693846e-11       9.987580809880e-13      -2.283743358837e-12       6.142482665858e-15       3.540737615543e-16       1.067616209496e-16      -8.324366369513e-18 
 2025       3.107181489954e-11       9.919566598358e-13      -2.273221440218e-12       6.136620739094e-15       3.533620635079e-16       1.066082598626e-16      -8.226733633847e-18 
 2026       3.106257252455e-11       9.851904163057e-13      -2.262405811612e-12       6.130761993456e-15       3.526521200969e-16       1.064485638925e-16      -8.129167012697e-18 
 2027       3.105264483958e-11       9.784611308840e-13      -2.251301377797e-12       6.124905997760e-15       3.519439266025e-16       1.062823184817e-16      -8.031546277333e-18 
 2028       3.104201681718e-11       9.717705906900e-13      -2.239913065346e-12       6.119052318980e-15       3.512374782611e-16       1.061093082791e-16      -7.933750722749e-18 
 2029       3.103067337629e-11       9.651205894842e-13      -2.228245822651e-12       6.113200522250e-15       3.505327702643e-16       1.059293171387e-16      -7.835659167078e-18 
 2030       3.101859938220e-11       9.585129276760e-13      -2.216304619958e-12       6.107350170854e-15       3.498297977588e-16       1.057421281188e-16      -7.737149950999e-18 
 2031       3.100577964643e-11       9.519494123320e-13      -2.204094449391e-12       6.101500826230e-15       3.491285558463e-16       1.055475234809e-16      -7.638100937156e-18 
 2032       3.099219892674e-11       9.454318571839e-13      -2.191620324977e-12       6.095652047967e-15       3.484290395835e-16       1.053452846890e-16      -7.538389509560e-18 
 2033       3.097784192700e-11       9.389620826361e-13      -2.178887282681e-12       6.089803393798e-15       3.477312439821e-16       1.051351924087e-16      -7.437892573011e-18 
 2034       3.096269329718e-11       9.325419157746e-13      -2.165900380427e-12       6.083954419602e-15       3.470351640085e-16       1.049170265056e-16      -7.336486552503e-18 
 2035       3.094673763324e-11       9.261731903740e-13      -2.152664698129e-12       6.078104679401e-15       3.463407945840e-16       1.046905660453e-16      -7.234047392639e-18 
 2036       3.092995947710e-11       9.198577469062e-13      -2.139185337720e-12       6.072253725357e-15       3.456481305846e-16       1.044555892915e-16      -7.130450557043e-18 
 2037       3.091234331656e-11       9.135974325479e-13      -2.125467423177e-12       6.066401107768e-15       3.449571668408e-16       1.042118737059e-16      -7.025571027768e-18 
 2038       3.089387358524e-11       9.073941011891e-13      -2.111516100549e-12       6.060546375070e-15       3.442678981379e-16       1.039591959464e-16      -6.919283304715e-18 
 2039       3.087453466251e-11       9.012496134406e-13      -2.097336537989e-12       6.054689073830e-15       3.435803192154e-16       1.036973318670e-16      -6.811461405038e-18 
 2040       3.085431087344e-11       8.951658366425e-13      -2.082933925776e-12       6.048828748747e-15       3.428944247676e-16       1.034260565161e-16      -6.701978862561e-18 
 2041       3.083318648872e-11       8.891446448717e-13      -2.068313476347e-12       6.042964942646e-15       3.422102094428e-16       1.031451441361e-16      -6.590708727185e-18 
 2042       3.081114572463e-11       8.831879189501e-13      -2.053480424323e-12       6.037097196481e-15       3.415276678439e-16       1.028543681619e-16      -6.477523564304e-18 
 2043       3.078817274292e-11       8.772975464528e-13      -2.038440026537e-12       6.031225049327e-15       3.408467945278e-16       1.025535012205e-16      -6.362295454216e-18 
 2044       3.076425165078e-11       8.714754217158e-13      -2.023197562065e-12       6.025348038381e-15       3.401675840057e-16       1.022423151297e-16      -6.244895991534e-18 
 2045       3.073936650079e-11       8.657234458441e-13      -2.007758332246e-12       6.019465698961e-15       3.394900307429e-16       1.019205808971e-16      -6.125196284597e-18 
 2046       3.071350129083e-11       8.600435267198e-13      -1.992127660719e-12       6.013577564497e-15       3.388141291586e-16       1.015880687196e-16      -6.003066954885e-18 
 2047       3.068663996402e-11       8.544375790099e-13      -1.976310893444e-12       6.007683166537e-15       3.381398736260e-16       1.012445479818e-16      -5.878378136428e-18 
 2048       3.065876941995e-11       8.489072782612e-13      -1.960313500468e-12       6.001782082744e-15       3.374672587789e-16       1.008898899238e-16      -5.751041507152e-18 
 2049       3.062988857198e-11       8.434533212474e-13      -1.944141381943e-12       5.995874081283e-15       3.367962804341e-16       1.005243764475e-16      -5.621136712462e-18 
 2050       3.059999935452e-11       8.380761603515e-13      -1.927800564348e-12       5.989958977462e-15       3.361269346753e-16       1.001483935153e-16      -5.488785844052e-18 
 2051       3.056910371769e-11       8.327762489998e-13      -1.911297098988e-12       5.984036585821e-15       3.354592175471e-16       9.976232868414e-17      -5.354111490623e-18 
 2052       3.053720362728e-11       8.275540416635e-13      -1.894637062020e-12       5.978106720130e-15       3.347931250550e-16       9.936657110765e-17      -5.217236738493e-18 
 2053       3.050430106486e-11       8.224099938590e-13      -1.877826554486e-12       5.972169193392e-15       3.341286531651e-16       9.896151153790e-17      -5.078285172213e-18 
 2054       3.047039802773e-11       8.173445621493e-13      -1.860871702345e-12       5.966223817834e-15       3.334657978045e-16       9.854754232754e-17      -4.937380875180e-18 
 2055       3.043549652897e-11       8.123582041448e-13      -1.843778656501e-12       5.960270404915e-15       3.328045548605e-16       9.812505743168e-17      -4.794648430252e-18 
 2056       3.039959859746e-11       8.074513785041e-13      -1.826553592835e-12       5.954308765319e-15       3.321449201815e-16       9.769445240993e-17      -4.650212920361e-18 
 2057       3.036270627790e-11       8.026245449354e-13      -1.809202712239e-12       5.948338708954e-15       3.314868895760e-16       9.725612442834e-17      -4.504199929126e-18 
 2058       3.032482163083e-11       7.978781641970e-13      -1.791732240640e-12       5.942360044957e-15       3.308304588132e-16       9.681047226139e-17      -4.356735541468e-18 
 2059       3.028594673267e-11       7.932126980986e-13      -1.774148429037e-12       5.936372581685e-15       3.301756236226e-16       9.635789629399e-17      -4.207946344225e-18 
 2060       3.024608367571e-11       7.886286095020e-13      -1.756457553527e-12       5.930376126721e-15       3.295223796940e-16       9.589879852342e-17      -4.057959426763e-18 
 2061       3.020523456816e-11       7.841263623224e-13      -1.738665915340e-12       5.924370486868e-15       3.288707226777e-16       9.543358256135e-17      -3.906902381593e-18 
 2062       3.016340153417e-11       7.797064215289e-13      -1.720779840867e-12       5.918355468151e-15       3.282206481839e-16       9.496265363577e-17      -3.754903304980e-18 
 2063       3.012058671384e-11       7.753692531460e-13      -1.702805681690e-12       5.912330875813e-15       3.275721517833e-16       9.448641859304e-17      -3.602090797564e-18 
 2064       3.007679226323e-11       7.711153242540e-13      -1.684749814616e-12       5.906296514318e-15       3.269252290065e-16       9.400528589977e-17      -3.448593964968e-18 
 2065       3.003202035443e-11       7.669451029905e-13      -1.666618641706e-12       5.900252187348e-15       3.262798753442e-16       9.351966564490e-17      -3.294542418414e-18 
 2066       2.998627317552e-11       7.628590585510e-13      -1.648418590305e-12       5.894197697802e-15       3.256360862471e-16       9.302996954161e-17      -3.140066275335e-18 
 2067       2.993955293066e-11       7.588576611901e-13      -1.630156113073e-12       5.888132847792e-15       3.249938571258e-16       9.253661092931e-17      -2.985296159994e-18 
 2068       2.989186184005e-11       7.549413822221e-13      -1.611837688016e-12       5.882057438650e-15       3.243531833508e-16       9.204000477565e-17      -2.830363204092e-18 
 2069       2.984320213999e-11       7.511106940224e-13      -1.593469818519e-12       5.875971270918e-15       3.237140602523e-16       9.154056767848e-17      -2.675399047384e-18 
 2070       2.979357608288e-11       7.473660700283e-13      -1.575059033372e-12       5.869874144354e-15       3.230764831205e-16       9.103871786779e-17      -2.520535838295e-18 
 2071       2.974298593728e-11       7.437079847398e-13      -1.556611886805e-12       5.863765857925e-15       3.224404472049e-16       9.053487520778e-17      -2.365906234529e-18 
 2072       2.969143398787e-11       7.401369137209e-13      -1.538134958517e-12       5.857646209812e-15       3.218059477150e-16       9.002946119873e-17      -2.211643403688e-18 
 2073       2.963892253553e-11       7.366533336001e-13      -1.519634853707e-12       5.851514997404e-15       3.211729798197e-16       8.952289897906e-17      -2.057881023884e-18 
 2074       2.958545389734e-11       7.332577220719e-13      -1.501118203104e-12       5.845372017301e-15       3.205415386475e-16       8.901561332728e-17      -1.904753284350e-18 
 2075       2.953103040659e-11       7.299505578974e-13      -1.482591662998e-12       5.839217065311e-15       3.199116192861e-16       8.850803066396e-17      -1.752394886059e-18 
 2076       2.947565441284e-11       7.267323209053e-13      -1.464061915274e-12       5.833049936447e-15       3.192832167829e-16       8.800057905372e-17      -1.600941042333e-18 
 2077       2.941932828190e-11       7.236034919929e-13      -1.445535667436e-12       5.826870424930e-15       3.186563261445e-16       8.749368820721e-17      -1.450527479462e-18 
 2078       2.936205439586e-11       7.205645531272e-13      -1.427019652645e-12       5.820678324186e-15       3.180309423367e-16       8.698778948308e-17      -1.301290437311e-18 
 2079       2.930383515314e-11       7.176159873458e-13      -1.408520629743e-12       5.814473426846e-15       3.174070602846e-16       8.648331588996e-17      -1.153366669941e-18 
 2080       2.924467296849e-11       7.147582787576e-13      -1.390045383291e-12       5.808255524742e-15       3.167846748725e-16       8.598070208846e-17      -1.006893446218e-18 
 2081       2.918457027301e-11       7.119919125442e-13      -1.371600723592e-12       5.802024408910e-15       3.161637809437e-16       8.548038439309e-17      -8.620085504287e-19 
 2082       2.912352951418e-11       7.093173749605e-13      -1.353193486730e-12       5.795779869588e-15       3.155443733005e-16       8.498280077432e-17      -7.188502828949e-19 
 2083       2.906155315590e-11       7.067351533359e-13      -1.334830534591e-12       5.789521696213e-15       3.149264467043e-16       8.448839086051e-17      -5.775574605856e-19 
 2084       2.899864367846e-11       7.042457360752e-13      -1.316518754905e-12       5.783249677421e-15       3.143099958753e-16       8.399759593987e-17      -4.382694177324e-19 
 2085       2.893480357862e-11       7.018496126594e-13      -1.298265061266e-12       5.776963601046e-15       3.136950154925e-16       8.351085896249e-17      -3.011260064427e-19 
 2086       2.887003536960e-11       6.995472736469e-13      -1.280076393171e-12       5.770663254123e-15       3.130815001940e-16       8.302862454228e-17      -1.662675973135e-19 
 2087       2.880434346401e-11       6.973389987523e-13      -1.261959229491e-12       5.764348474365e-15       3.124694449343e-16       8.255123335137e-17      -3.380677267152e-20 
 2088       2.873773983693e-11       6.952242194557e-13      -1.243918125116e-12       5.758019305025e-15       3.118588460612e-16       8.207860448970e-17       9.625681195334e-20 
 2089       2.867023840261e-11       6.932021519252e-13      -1.225957164108e-12       5.751675841123e-15       3.112497002469e-16       8.161055089154e-17       2.239518852261e-19 
 2090       2.860185313522e-11       6.912720085273e-13      -1.208080445343e-12       5.745318178058e-15       3.106420041301e-16       8.114688472992e-17       3.493073070140e-19 
 2091       2.853259806895e-11       6.894329978227e-13      -1.190292082528e-12       5.738946411610e-15       3.100357543165e-16       8.068741741570e-17       4.723520685521e-19 
 2092       2.846248729806e-11       6.876843245613e-13      -1.172596204220e-12       5.732560637937e-15       3.094309473783e-16       8.023195959662e-17       5.931152926088e-19 
 2093       2.839153497698e-11       6.860251896772e-13      -1.154996953837e-12       5.726160953581e-15       3.088275798545e-16       7.978032115639e-17       7.116262336521e-19 
 2094       2.831975532036e-11       6.844547902839e-13      -1.137498489683e-12       5.719747455464e-15       3.082256482506e-16       7.933231121376e-17       8.279142780144e-19 
 2095       2.824716260317e-11       6.829723196694e-13      -1.120104984962e-12       5.713320240888e-15       3.076251490387e-16       7.888773812156e-17       9.420089440589e-19 
 2096       2.817377116076e-11       6.815769672914e-13      -1.102820627794e-12       5.706879407541e-15       3.070260786575e-16       7.844640946581e-17       1.053939882345e-18 
 2097       2.809959538892e-11       6.802679187723e-13      -1.085649621234e-12       5.700425053490e-15       3.064284335119e-16       7.800813206478e-17       1.163736875794e-18 
 2098       2.802464974397e-11       6.790443558946e-13      -1.068596183291e-12       5.693957277187e-15       3.058322099735e-16       7.757271196804e-17       1.271429839854e-18 
 2099       2.794894874286e-11       6.779054565957e-13      -1.051664546942e-12       5.687476177467e-15       3.052374043800e-16       7.713995445556e-17       1.377048822667e-18 
 2100       2.787250696317e-11       6.768503949631e-13      -1.034858960151e-12       5.680981853549e-15       3.046440130356e-16       7.670966403676e-17       1.480624005234e-18 
 2101       2.779533904328e-11       6.758783412296e-13      -1.018183685886e-12       5.674474405037e-15       3.040520322107e-16       7.628164444956e-17       1.582185701580e-18 
 2102       2.771745968235e-11       6.749884617687e-13      -1.001643002136e-12       5.667953931919e-15       3.034614581417e-16       7.585569865952e-17       1.681764358921e-18 
 2103       2.763888364048e-11       6.741799190891e-13      -9.852412019312e-13       5.661420534568e-15       3.028722870316e-16       7.543162885884e-17       1.779390557828e-18 
 2104       2.755962573872e-11       6.734518718304e-13      -9.689825933559e-13       5.654874313743e-15       3.022845150490e-16       7.500923646545e-17       1.875095012393e-18 
 2105       2.747970085917e-11       6.728034747580e-13      -9.528714995687e-13       5.648315370590e-15       3.016981383289e-16       7.458832212211e-17       1.968908570396e-18 
 2106       2.739912394505e-11       6.722338787580e-13      -9.369122588192e-13       5.641743806640e-15       3.011131529722e-16       7.416868569544e-17       2.060862213471e-18 
 2107       2.731791000079e-11       6.717422308328e-13      -9.211092244651e-13       5.635159723813e-15       3.005295550457e-16       7.375012627501e-17       2.150987057268e-18 
 2108       2.723607409207e-11       6.713276740960e-13      -9.054667649899e-13       5.628563224414e-15       2.999473405822e-16       7.333244217242e-17       2.239314351623e-18 
 2109       2.715363134593e-11       6.709893477675e-13      -8.899892640200e-13       5.621954411138e-15       2.993665055804e-16       7.291543092034e-17       2.325875480721e-18 
 2110       2.707059695083e-11       6.707263871685e-13      -8.746811203422e-13       5.615333387067e-15       2.987870460045e-16       7.249888927160e-17       2.410701963263e-18 
 2111       2.698698615669e-11       6.705379237169e-13      -8.595467479210e-13       5.608700255671e-15       2.982089577849e-16       7.208261319829e-17       2.493825452631e-18 
 2112       2.690281427505e-11       6.704230849224e-13      -8.445905759159e-13       5.602055120813e-15       2.976322368174e-16       7.166639789076e-17       2.575277737054e-18 
 2113       2.681809667904e-11       6.703809943813e-13      -8.298170486987e-13       5.595398086740e-15       2.970568789635e-16       7.125003775674e-17       2.655090739772e-18 
 2114       2.673284880354e-11       6.704107717721e-13      -8.152306258712e-13       5.588729258094e-15       2.964828800504e-16       7.083332642042e-17       2.733296519206e-18 
 2115       2.664708614520e-11       6.705115328503e-13      -8.008357822820e-13       5.582048739904e-15       2.959102358708e-16       7.041605672148e-17       2.809927269119e-18 
 2116       2.656082426254e-11       6.706823894435e-13      -7.866370080443e-13       5.575356637592e-15       2.953389421828e-16       6.999802071419e-17       2.885015318782e-18 
 2117       2.647407877602e-11       6.709224494469e-13      -7.726388085530e-13       5.568653056970e-15       2.947689947103e-16       6.957900966646e-17       2.958593133146e-18 
 2118       2.638686536811e-11       6.712308168180e-13      -7.588457045022e-13       5.561938104244e-15       2.942003891423e-16       6.915881405894e-17       3.030693312997e-18 
 2119       2.629919978336e-11       6.716065915719e-13      -7.452622319024e-13       5.555211886009e-15       2.936331211331e-16       6.873722358406e-17       3.101348595131e-18 
 2120       2.621109782848e-11       6.720488697765e-13      -7.318929420980e-13       5.548474509254e-15       2.930671863026e-16       6.831402714511e-17       3.170591852516e-18 
 2121       2.612257537242e-11       6.725567435477e-13      -7.187424017846e-13       5.541726081363e-15       2.925025802357e-16       6.788901285532e-17       3.238456094458e-18 
 2122       2.603364834644e-11       6.731293010440e-13      -7.058151930263e-13       5.534966710111e-15       2.919392984827e-16       6.746196803691e-17       3.304974466763e-18 
 2123       2.594433274417e-11       6.737656264624e-13      -6.931159132730e-13       5.528196503668e-15       2.913773365590e-16       6.703267922020e-17       3.370180251912e-18 
 2124       2.585464462171e-11       6.744648000330e-13      -6.806491753779e-13       5.521415570598e-15       2.908166899449e-16       6.660093214262e-17       3.434106869215e-18 
 2125       2.576460009769e-11       6.752258980143e-13      -6.684196076149e-13       5.514624019861e-15       2.902573540862e-16       6.616651174784e-17       3.496787874987e-18 
 2126       2.567421534832e-11       6.760479191841e-13      -6.564311420776e-13       5.507821988722e-15       2.896993246882e-16       6.572926307735e-17       3.558257661337e-18 
 2127       2.558350659244e-11       6.769295637694e-13      -6.446848744882e-13       5.501009726705e-15       2.891425986038e-16       6.528927440545e-17       3.618553557482e-18 
 2128       2.549249010653e-11       6.778694529844e-13      -6.331811896870e-13       5.494187512218e-15       2.885871729515e-16       6.484669536339e-17       3.677713743236e-18 
 2129       2.540118222979e-11       6.788662023902e-13      -6.219204719115e-13       5.487355624699e-15       2.880330448215e-16       6.440167616198e-17       3.735776551875e-18 
 2130       2.530959936419e-11       6.799184218876e-13      -6.109031047944e-13       5.480514344614e-15       2.874802112757e-16       6.395436759227e-17       3.792780470321e-18 
 2131       2.521775797458e-11       6.810247157101e-13      -6.001294713623e-13       5.473663953458e-15       2.869286693471e-16       6.350492102627e-17       3.848764139326e-18 
 2132       2.512567458873e-11       6.821836824179e-13      -5.895999540342e-13       5.466804733759e-15       2.863784160403e-16       6.305348841759e-17       3.903766353659e-18 
 2133       2.503336579744e-11       6.833939148900e-13      -5.793149346196e-13       5.459936969076e-15       2.858294483313e-16       6.260022230219e-17       3.957826062288e-18 
 2134       2.494084825458e-11       6.846540003181e-13      -5.692747943175e-13       5.453060944004e-15       2.852817631672e-16       6.214527579898e-17       4.010982368563e-18 
 2135       2.484813867717e-11       6.859625201998e-13      -5.594799137143e-13       5.446176944171e-15       2.847353574665e-16       6.168880261059e-17       4.063274530404e-18 
 2136       2.475525384549e-11       6.873180503311e-13      -5.499306727828e-13       5.439285256241e-15       2.841902281192e-16       6.123095702400e-17       4.114741960481e-18 
 2137       2.466221060310e-11       6.887191608004e-13      -5.406274508804e-13       5.432386167916e-15       2.836463719860e-16       6.077189391125e-17       4.165424226401e-18 
 2138       2.456902585694e-11       6.901644159813e-13      -5.315706267474e-13       5.425479967936e-15       2.831037858992e-16       6.031176873012e-17       4.215361050890e-18 
 2139       2.447571657742e-11       6.916523745255e-13      -5.227605785059e-13       5.418566946081e-15       2.825624666619e-16       5.985073752484e-17       4.264592311982e-18 
 2140       2.438229979847e-11       6.931815893566e-13      -5.141976836579e-13       5.411647393171e-15       2.820224110484e-16       5.938895692672e-17       4.313158043196e-18 
 2141       2.428879261763e-11       6.947506076627e-13      -5.058823190837e-13       5.404721601067e-15       2.814836158041e-16       5.892658415489e-17       4.361098433727e-18 
 2142       2.419521219610e-11       6.963579708900e-13      -4.978148610408e-13       5.397789862677e-15       2.809460776453e-16       5.846377701698e-17       4.408453828623e-18 
 2143       2.410157575884e-11       6.980022147358e-13      -4.899956851621e-13       5.390852471949e-15       2.804097932592e-16       5.800069390976e-17       4.455264728978e-18 
 2144       2.400790059463e-11       6.996818691415e-13      -4.824251664542e-13       5.383909723878e-15       2.798747593039e-16       5.753749381989e-17       4.501571792109e-18 
 2145       2.391420405616e-11       7.013954582862e-13      -4.751036792961e-13       5.376961914506e-15       2.793409724085e-16       5.707433632456e-17       4.547415831743e-18 
 2146       2.382050356008e-11       7.031415005793e-13      -4.680315974378e-13       5.370009340923e-15       2.788084291729e-16       5.661138159220e-17       4.592837818202e-18 
 2147       2.372681658709e-11       7.049185086545e-13      -4.612092939983e-13       5.363052301267e-15       2.782771261676e-16       5.614879038315e-17       4.637878878585e-18 
 2148       2.363316068200e-11       7.067249893621e-13      -4.546371414644e-13       5.356091094727e-15       2.777470599339e-16       5.568672405037e-17       4.682580296955e-18 
 2149       2.353955345384e-11       7.085594437626e-13      -4.483155116892e-13       5.349126021542e-15       2.772182269839e-16       5.522534454010e-17       4.726983514518e-18 
 2150       2.344601257588e-11       7.104203671201e-13      -4.422447758904e-13       5.342157383006e-15       2.766906238004e-16       5.476481439255e-17       4.771130129816e-18 
 2151       2.335255578575e-11       7.123062488949e-13      -4.364253046488e-13       5.335185481463e-15       2.761642468365e-16       5.430529674260e-17       4.815061898902e-18 
 2152       2.325920088548e-11       7.142155727373e-13      -4.308574679068e-13       5.328210620316e-15       2.756390925162e-16       5.384695532050e-17       4.858820735529e-18 
 2153       2.316596574162e-11       7.161468164804e-13      -4.255416349670e-13       5.321233104021e-15       2.751151572338e-16       5.338995445250e-17       4.902448711335e-18 
 2154       2.307286828525e-11       7.180984521331e-13      -4.204781744902e-13       5.314253238092e-15       2.745924373542e-16       5.293445906160e-17       4.945988056024e-18 
 2155       2.297992651210e-11       7.200689458739e-13      -4.156674544946e-13       5.307271329102e-15       2.740709292127e-16       5.248063466820e-17       4.989481157553e-18 
 2156       2.288715848263e-11       7.220567580436e-13      -4.111098423535e-13       5.300287684684e-15       2.735506291150e-16       5.202864739079e-17       5.032970562314e-18 
 2157       2.279458232207e-11       7.240603431384e-13      -4.068057047943e-13       5.293302613529e-15       2.730315333372e-16       5.157866394664e-17       5.076498975319e-18 
 2158       2.270221622050e-11       7.260781498036e-13      -4.027554078968e-13       5.286316425393e-15       2.725136381257e-16       5.113085165251e-17       5.120109260386e-18 
 2159       2.261007843295e-11       7.281086208261e-13      -3.989593170914e-13       5.279329431094e-15       2.719969396970e-16       5.068537842527e-17       5.163844440321e-18 
 2160       2.251818727946e-11       7.301501931283e-13      -3.954177971582e-13       5.272341942514e-15       2.714814342382e-16       5.024241278268e-17       5.207747697102e-18 
 2161       2.242656114515e-11       7.322012977605e-13      -3.921312122247e-13       5.265354272600e-15       2.709671179063e-16       4.980212384399e-17       5.251862372064e-18 
 2162       2.233521848029e-11       7.342603598949e-13      -3.890999257650e-13       5.258366735366e-15       2.704539868284e-16       4.936468133068e-17       5.296231966085e-18 
 2163       2.224417780038e-11       7.363257988180e-13      -3.863243005975e-13       5.251379645896e-15       2.699420371020e-16       4.893025556711e-17       5.340900139767e-18 
 2164       2.215345768623e-11       7.383960279243e-13      -3.838046988842e-13       5.244393320338e-15       2.694312647943e-16       4.849901748126e-17       5.385910713622e-18 
 2165       2.206307529998e-11       7.404695321304e-13      -3.815409673502e-13       5.237408069612e-15       2.689216662298e-16       4.807110029798e-17       5.431296930727e-18 
 2166       2.197304192200e-11       7.425451007035e-13      -3.795308891440e-13       5.230424180441e-15       2.684132388527e-16       4.764648433459e-17       5.477049164969e-18 
 2167       2.188336738400e-11       7.446215959934e-13      -3.777717215065e-13       5.223441934193e-15       2.679059803698e-16       4.722511142769e-17       5.523146994822e-18 
 2168       2.179406155029e-11       7.466978761499e-13      -3.762607095840e-13       5.216461613167e-15       2.673998884644e-16       4.680692316955e-17       5.569569920960e-18 
 2169       2.170513431787e-11       7.487727951178e-13      -3.749950864138e-13       5.209483500596e-15       2.668949607959e-16       4.639186090779e-17       5.616297366169e-18 
 2170       2.161659561649e-11       7.508452026318e-13      -3.739720729091e-13       5.202507880652e-15       2.663911949998e-16       4.597986574509e-17       5.663308675256e-18 
 2171       2.152845540860e-11       7.529139442121e-13      -3.731888778445e-13       5.195535038442e-15       2.658885886879e-16       4.557087853888e-17       5.710583114954e-18 
 2172       2.144072368948e-11       7.549778611594e-13      -3.726426978413e-13       5.188565260008e-15       2.653871394482e-16       4.516483990110e-17       5.758099873838e-18 
 2173       2.135341048722e-11       7.570357905497e-13      -3.723307173527e-13       5.181598832336e-15       2.648868448447e-16       4.476169019784e-17       5.805838062230e-18 
 2174       2.126652586277e-11       7.590865652302e-13      -3.722501086492e-13       5.174636043347e-15       2.643877024174e-16       4.436136954908e-17       5.853776712110e-18 
 2175       2.118007990998e-11       7.611290138137e-13      -3.723980318038e-13       5.167677181906e-15       2.638897096824e-16       4.396381782839e-17       5.901894777025e-18 
 2176       2.109408275562e-11       7.631619606742e-13      -3.727716346774e-13       5.160722537819e-15       2.633928641317e-16       4.356897466264e-17       5.950171131999e-18 
 2177       2.100854455944e-11       7.651842259420e-13      -3.733680529038e-13       5.153772401833e-15       2.628971632335e-16       4.317677943172e-17       5.998584573442e-18 
 2178       2.092347551420e-11       7.671946254988e-13      -3.741844098755e-13       5.146827065641e-15       2.624026044315e-16       4.278717126819e-17       6.047113819059e-18 
 2179       2.083888584570e-11       7.691919709727e-13      -3.752178167284e-13       5.139886821880e-15       2.619091851458e-16       4.240008905706e-17       6.095737507760e-18 
 2180       2.075478581280e-11       7.711750697337e-13      -3.764653723277e-13       5.132951964133e-15       2.614169027719e-16       4.201547143545e-17       6.144434199570e-18 
 2181       2.067118570750e-11       7.731427248888e-13      -3.779241632528e-13       5.126022786929e-15       2.609257546815e-16       4.163325679229e-17       6.193182375537e-18 
 2182       2.058809585491e-11       7.750937352767e-13      -3.795912637824e-13       5.119099585748e-15       2.604357382217e-16       4.125338326806e-17       6.241960437643e-18 
 2183       2.050552661337e-11       7.770268954635e-13      -3.814637358805e-13       5.112182657014e-15       2.599468507155e-16       4.087578875449e-17       6.290746708711e-18 
 2184       2.042348837441e-11       7.789409957377e-13      -3.835386291809e-13       5.105272298105e-15       2.594590894619e-16       4.050041089422e-17       6.339519432319e-18 
 2185       2.034199156282e-11       7.808348221053e-13      -3.858129809731e-13       5.098368807349e-15       2.589724517351e-16       4.012718708058e-17       6.388256772704e-18 
 2186       2.026104663671e-11       7.827071562850e-13      -3.882838161872e-13       5.091472484023e-15       2.584869347853e-16       3.975605445722e-17       6.436936814675e-18 
 2187       2.018066408748e-11       7.845567757031e-13      -3.909481473794e-13       5.084583628362e-15       2.580025358381e-16       3.938694991788e-17       6.485537563521e-18 
 2188       2.010085443993e-11       7.863824534893e-13      -3.938029747172e-13       5.077702541551e-15       2.575192520948e-16       3.901981010606e-17       6.534036944921e-18 
 2189       2.002162825223e-11       7.881829584711e-13      -3.968452859647e-13       5.070829525731e-15       2.570370807322e-16       3.865457141473e-17       6.582412804854e-18 
 2190       1.994299611601e-11       7.899570551696e-13      -4.000720564680e-13       5.063964884000e-15       2.565560189026e-16       3.829116998604e-17       6.630642909506e-18 
 2191       1.986496865637e-11       7.917035037941e-13      -4.034802491403e-13       5.057108920412e-15       2.560760637338e-16       3.792954171104e-17       6.678704945182e-18 
 2192       1.978755653191e-11       7.934210602377e-13      -4.070668144473e-13       5.050261939980e-15       2.555972123290e-16       3.756962222936e-17       6.726576518216e-18 
 2193       1.971077043478e-11       7.951084760724e-13      -4.108286903927e-13       5.043424248675e-15       2.551194617668e-16       3.721134692892e-17       6.774235154877e-18 
 2194       1.963462109072e-11       7.967644985439e-13      -4.147628025030e-13       5.036596153428e-15       2.546428091011e-16       3.685465094567e-17       6.821658301281e-18 
 2195       1.955911925907e-11       7.983878705671e-13      -4.188660638131e-13       5.029777962132e-15       2.541672513614e-16       3.649946916325e-17       6.868823323301e-18 
 2196       1.948427573285e-11       7.999773307213e-13      -4.231353748518e-13       5.022969983642e-15       2.536927855521e-16       3.614573621273e-17       6.915707506472e-18 
 2197       1.941010133873e-11       8.015316132452e-13      -4.275676236265e-13       5.016172527776e-15       2.532194086532e-16       3.579338647229e-17       6.962288055909e-18 
 2198       1.933660693715e-11       8.030494480318e-13      -4.321596856093e-13       5.009385905314e-15       2.527471176199e-16       3.544235406694e-17       7.008542096206e-18 
 2199       1.926380342227e-11       8.045295606243e-13      -4.369084237213e-13       5.002610428006e-15       2.522759093823e-16       3.509257286824e-17       7.054446671355e-18 
 2200       1.919170172209e-11       8.059706722104e-13      -4.418106883189e-13       4.995846408562e-15       2.518057808459e-16       3.474397649396e-17       7.099978744647e-18 
 2201       1.912031279840e-11       8.073714996182e-13      -4.468633171784e-13       4.989094160665e-15       2.513367288914e-16       3.439649830786e-17       7.145115198589e-18 
 2202       1.904964764690e-11       8.087307553108e-13      -4.520631354814e-13       4.982353998962e-15       2.508687503743e-16       3.405007141931e-17       7.189832834807e-18 
 2203       1.897971729716e-11       8.100471473817e-13      -4.574069558006e-13       4.975626239072e-15       2.504018421255e-16       3.370462868306e-17       7.234108373961e-18 
 2204       1.891053093765e-11       8.113195380631e-13      -4.628914801714e-13       4.968911166622e-15       2.499360010754e-16       3.336012743901e-17       7.277914505077e-18 
 2205       1.884209027686e-11       8.125474204113e-13      -4.685130056284e-13       4.962208944150e-15       2.494712246287e-16       3.301662391177e-17       7.321208005064e-18 
 2206       1.877439514478e-11       8.137304447778e-13      -4.742677166842e-13       4.955519703589e-15       2.490075102924e-16       3.267419930471e-17       7.363941540108e-18 
 2207       1.870744536455e-11       8.148682605825e-13      -4.801517830474e-13       4.948843577169e-15       2.485448555512e-16       3.233293510501e-17       7.406067608885e-18 
 2208       1.864124075243e-11       8.159605163135e-13      -4.861613596056e-13       4.942180697418e-15       2.480832578673e-16       3.199291308404e-17       7.447538542382e-18 
 2209       1.857578111784e-11       8.170068595254e-13      -4.922925864081e-13       4.935531197163e-15       2.476227146803e-16       3.165421529763e-17       7.488306503702e-18 
 2210       1.851106626329e-11       8.180069368390e-13      -4.985415886491e-13       4.928895209528e-15       2.471632234077e-16       3.131692408640e-17       7.528323487880e-18 
 2211       1.844709598441e-11       8.189603939398e-13      -5.049044766502e-13       4.922272867939e-15       2.467047814442e-16       3.098112207609e-17       7.567541321692e-18 
 2212       1.838387006991e-11       8.198668755775e-13      -5.113773458437e-13       4.915664306119e-15       2.462473861622e-16       3.064689217785e-17       7.605911663467e-18 
 2213       1.832138830162e-11       8.207260255649e-13      -5.179562767549e-13       4.909069658091e-15       2.457910349113e-16       3.031431758859e-17       7.643386002904e-18 
 2214       1.825965045442e-11       8.215374867771e-13      -5.246373349856e-13       4.902489058178e-15       2.453357250188e-16       2.998348179128e-17       7.679915660874e-18 
 2215       1.819865629626e-11       8.223009011504e-13      -5.314165711964e-13       4.895922641001e-15       2.448814537892e-16       2.965446855525e-17       7.715451789244e-18 
 2216       1.813840558816e-11       8.230159096814e-13      -5.382900210902e-13       4.889370541485e-15       2.444282185044e-16       2.932736193653e-17       7.749945370678e-18 
 2217       1.807889808417e-11       8.236821524261e-13      -5.452537053944e-13       4.882832894852e-15       2.439760164236e-16       2.900224627817e-17       7.783347218455e-18 
 2218       1.802013353138e-11       8.242992684992e-13      -5.523036298443e-13       4.876309836625e-15       2.435248447834e-16       2.867920621053e-17       7.815607976281e-18 
 2219       1.796211166991e-11       8.248668960728e-13      -5.594357851656e-13       4.869801502631e-15       2.430747007974e-16       2.835832665163e-17       7.846678118096e-18 
 2220       1.790483223289e-11       8.253846723756e-13      -5.666461470577e-13       4.863308028994e-15       2.426255816568e-16       2.803969280745e-17       7.876507947892e-18 
 2221       1.784829494647e-11       8.258522336921e-13      -5.739306761760e-13       4.856829552143e-15       2.421774845296e-16       2.772339017223e-17       7.905047599520e-18 
 2222       1.779249952977e-11       8.262692153617e-13      -5.812853181154e-13       4.850366208806e-15       2.417304065613e-16       2.740950452884e-17       7.932247036507e-18 
 2223       1.773744569491e-11       8.266352517773e-13      -5.887060033926e-13       4.843918136015e-15       2.412843448743e-16       2.709812194901e-17       7.958056051862e-18 
 2224       1.768313314699e-11       8.269499763852e-13      -5.961886474295e-13       4.837485471103e-15       2.408392965681e-16       2.678932879375e-17       7.982424267891e-18 
 2225       1.762956158405e-11       8.272130216834e-13      -6.037291505357e-13       4.831068351706e-15       2.403952587196e-16       2.648321171358e-17       8.005301136009e-18 
 2226       1.757673069710e-11       8.274240192211e-13      -6.113233978914e-13       4.824666915761e-15       2.399522283822e-16       2.617985764891e-17       8.026635936554e-18 
 2227       1.752464017011e-11       8.275825995974e-13      -6.189672595305e-13       4.818281301511e-15       2.395102025868e-16       2.587935383030e-17       8.046377778591e-18 
 2228       1.747328967994e-11       8.276883924611e-13      -6.266565903233e-13       4.811911647500e-15       2.390691783411e-16       2.558178777882e-17       8.064475599735e-18 
 2229       1.742267889642e-11       8.277410265090e-13      -6.343872299594e-13       4.805558092576e-15       2.386291526295e-16       2.528724730636e-17       8.080878165953e-18 
 2230       1.737280748225e-11       8.277401294851e-13      -6.421550029305e-13       4.799220775891e-15       2.381901224137e-16       2.499582051593e-17       8.095534071382e-18 
 2231       1.732367509307e-11       8.276853281803e-13      -6.499557185137e-13       4.792899836900e-15       2.377520846320e-16       2.470759580199e-17       8.108391738139e-18 
 2232       1.727528137739e-11       8.275762484306e-13      -6.577851707536e-13       4.786595415363e-15       2.373150361997e-16       2.442266185076e-17       8.119399416131e-18 
 2233       1.722762597660e-11       8.274125151169e-13      -6.656391384459e-13       4.780307651344e-15       2.368789740089e-16       2.414110764055e-17       8.128505182872e-18 
 2234       1.718070852498e-11       8.271937521635e-13      -6.735133851199e-13       4.774036685213e-15       2.364438949284e-16       2.386302244205e-17       8.135656943288e-18 
 2235       1.713452864964e-11       8.269195825377e-13      -6.814036590213e-13       4.767782657643e-15       2.360097958038e-16       2.358849581868e-17       8.140802429536e-18 
 2236       1.708908597058e-11       8.265896282484e-13      -6.893056930956e-13       4.761545709613e-15       2.355766734575e-16       2.331761762689e-17       8.143889200808e-18 
 2237       1.704438010062e-11       8.262035103454e-13      -6.972152049702e-13       4.755325982408e-15       2.351445246884e-16       2.305047801646e-17       8.144864643152e-18 
 2238       1.700041064539e-11       8.257608489187e-13      -7.051278969381e-13       4.749123617619e-15       2.347133462723e-16       2.278716743086e-17       8.143675969275e-18 
 2239       1.695717720339e-11       8.252612630970e-13      -7.130394559399e-13       4.742938757140e-15       2.342831349613e-16       2.252777660752e-17       8.140270218362e-18 
 2240       1.691467936589e-11       8.247043710472e-13      -7.209455535475e-13       4.736771543176e-15       2.338538874846e-16       2.227239657818e-17       8.134594255885e-18 
 2241       1.687291671696e-11       8.240897899737e-13      -7.288418459464e-13       4.730622118234e-15       2.334256005474e-16       2.202111866920e-17       8.126594773411e-18 
 2242       1.683188883349e-11       8.234171361166e-13      -7.367239739189e-13       4.724490625130e-15       2.329982708318e-16       2.177403450186e-17       8.116218288422e-18 
 2243       1.679159405352e-11       8.226861652819e-13      -7.445878471757e-13       4.718377173524e-15       2.325718951996e-16       2.153121081625e-17       8.103429582528e-18 
 2244       1.675202577272e-11       8.218971954329e-13      -7.524304994146e-13       4.712281739300e-15       2.321464713037e-16       2.129261376271e-17       8.088267148026e-18 
 2245       1.671317612372e-11       8.210506868550e-13      -7.602492388085e-13       4.706204264527e-15       2.317219969809e-16       2.105818411688e-17       8.070788102865e-18 
 2246       1.667503720552e-11       8.201471018779e-13      -7.680413641530e-13       4.700144690867e-15       2.312984700484e-16       2.082786241098e-17       8.051049785346e-18 
 2247       1.663760108343e-11       8.191869048785e-13      -7.758041648563e-13       4.694102959571e-15       2.308758883046e-16       2.060158893352e-17       8.029109754377e-18 
 2248       1.660085978903e-11       8.181705622829e-13      -7.835349209284e-13       4.688079011480e-15       2.304542495283e-16       2.037930372906e-17       8.005025789721e-18 
 2249       1.656480532013e-11       8.170985425693e-13      -7.912309029710e-13       4.682072787023e-15       2.300335514791e-16       2.016094659787e-17       7.978855892252e-18 
 2250       1.652942964074e-11       8.159713162699e-13      -7.988893721672e-13       4.676084226219e-15       2.296137918971e-16       1.994645709567e-17       7.950658284202e-18 
 2251       1.649472468100e-11       8.147893559737e-13      -8.065075802710e-13       4.670113268672e-15       2.291949685033e-16       1.973577453338e-17       7.920491409414e-18 
 2252       1.646068233721e-11       8.135531363289e-13      -8.140827695971e-13       4.664159853577e-15       2.287770789991e-16       1.952883797677e-17       7.888413933594e-18 
 2253       1.642729447169e-11       8.122631340451e-13      -8.216121730104e-13       4.658223919711e-15       2.283601210665e-16       1.932558624623e-17       7.854484744564e-18 
 2254       1.639455291283e-11       8.109198278959e-13      -8.290930139158e-13       4.652305405442e-15       2.279440923682e-16       1.912595791647e-17       7.818762952510e-18 
 2255       1.636244945500e-11       8.095236987212e-13      -8.365225062478e-13       4.646404248720e-15       2.275289905472e-16       1.892989131623e-17       7.781307890237e-18 
 2256       1.633097585854e-11       8.080752294298e-13      -8.438978544600e-13       4.640520387081e-15       2.271148132272e-16       1.873732452801e-17       7.742179113415e-18 
 2257       1.630012384968e-11       8.065749050017e-13      -8.512162535150e-13       4.634653757647e-15       2.267015580122e-16       1.854819538776e-17       7.701436400839e-18 
 2258       1.626988512056e-11       8.050232124906e-13      -8.584748888741e-13       4.628804297121e-15       2.262892224867e-16       1.836244148464e-17       7.659139754672e-18 
 2259       1.624025132911e-11       8.034206410261e-13      -8.656709364866e-13       4.622971941792e-15       2.258778042157e-16       1.818000016069e-17       7.615349400703e-18 
 2260       1.621121409910e-11       8.017676818165e-13      -8.728015627796e-13       4.617156627531e-15       2.254673007446e-16       1.800080851059e-17       7.570125788594e-18 
 2261       1.618276502004e-11       8.000648281508e-13      -8.798639246480e-13       4.611358289791e-15       2.250577095989e-16       1.782480338134e-17       7.523529592132e-18 
 2262       1.615489564715e-11       7.983125754016e-13      -8.868551694435e-13       4.605576863607e-15       2.246490282848e-16       1.765192137199e-17       7.475621709485e-18 
 2263       1.612759750133e-11       7.965114210271e-13      -8.937724349649e-13       4.599812283594e-15       2.242412542885e-16       1.748209883337e-17       7.426463263448e-18 
 2264       1.610086206914e-11       7.946618645737e-13      -9.006128494474e-13       4.594064483951e-15       2.238343850768e-16       1.731527186780e-17       7.376115601695e-18 
 2265       1.607468080271e-11       7.927644076783e-13      -9.073735315522e-13       4.588333398452e-15       2.234284180964e-16       1.715137632878e-17       7.324640297036e-18 
 2266       1.604904511975e-11       7.908195540712e-13      -9.140515903564e-13       4.582618960456e-15       2.230233507745e-16       1.699034782074e-17       7.272099147661e-18 
 2267       1.602394640346e-11       7.888278095778e-13      -9.206441253425e-13       4.576921102898e-15       2.226191805184e-16       1.683212169876e-17       7.218554177398e-18 
 2268       1.599937600255e-11       7.867896821215e-13      -9.271482263881e-13       4.571239758290e-15       2.222159047157e-16       1.667663306824e-17       7.164067635958e-18 
 2269       1.597532523116e-11       7.847056817260e-13      -9.335609737555e-13       4.565574858726e-15       2.218135207338e-16       1.652381678468e-17       7.108701999193e-18 
 2270       1.595178536883e-11       7.825763205178e-13      -9.398794380814e-13       4.559926335874e-15       2.214120259206e-16       1.637360745335e-17       7.052519969343e-18 
 2271       1.592874766045e-11       7.804021127284e-13      -9.461006803665e-13       4.554294120980e-15       2.210114176040e-16       1.622593942902e-17       6.995584475290e-18 
 2272       1.590620331625e-11       7.781835746971e-13      -9.522217519653e-13       4.548678144866e-15       2.206116930919e-16       1.608074681567e-17       6.937958672807e-18 
 2273       1.588414351173e-11       7.759212248731e-13      -9.582396945756e-13       4.543078337931e-15       2.202128496722e-16       1.593796346625e-17       6.879705944813e-18 
 2274       1.586255938763e-11       7.736155838178e-13      -9.641515402281e-13       4.537494630147e-15       2.198148846130e-16       1.579752298232e-17       6.820889901620e-18 
 2275       1.584144204989e-11       7.712671742077e-13      -9.699543112763e-13       4.531926951062e-15       2.194177951622e-16       1.565935871383e-17       6.761574381189e-18 
 2276       1.582078256963e-11       7.688765208367e-13      -9.756450203860e-13       4.526375229799e-15       2.190215785478e-16       1.552340375882e-17       6.701823449377e-18 
 2277       1.580057198308e-11       7.664441506180e-13      -9.812206705249e-13       4.520839395052e-15       2.186262319776e-16       1.538959096311e-17       6.641701400193e-18 
 2278       1.578080129155e-11       7.639705925872e-13      -9.866782549523e-13       4.515319375090e-15       2.182317526395e-16       1.525785292006e-17       6.581272756047e-18 
 2279       1.576146146140e-11       7.614563779043e-13      -9.920147572088e-13       4.509815097753e-15       2.178381377011e-16       1.512812197025e-17       6.520602268001e-18 
 2280       1.574254342400e-11       7.589020398565e-13      -9.972271511060e-13       4.504326490454e-15       2.174453843099e-16       1.500033020122e-17       6.459754916022e-18 
 2281       1.572403807566e-11       7.563081138601e-13      -1.002312400716e-12       4.498853480178e-15       2.170534895934e-16       1.487440944717e-17       6.398795909232e-18 
 2282       1.570593616188e-11       7.536751913330e-13      -1.007267894802e-12       4.493395977106e-15       2.166624509002e-16       1.475030874788e-17       6.337785163959e-18 
 2283       1.568822792920e-11       7.510040816842e-13      -1.012092753181e-12       4.487953825387e-15       2.162722665271e-16       1.462804684835e-17       6.276760698664e-18 
 2284       1.567090347101e-11       7.482956513681e-13      -1.016786528718e-12       4.482526852049e-15       2.158829349970e-16       1.450766003540e-17       6.215755132984e-18 
 2285       1.565395284307e-11       7.455507701131e-13      -1.021348773652e-12       4.477114883346e-15       2.154944548173e-16       1.438918470918e-17       6.154801200386e-18 
 2286       1.563736606346e-11       7.427703109253e-13      -1.025779039594e-12       4.471717744754e-15       2.151068244804e-16       1.427265738331e-17       6.093931748287e-18 
 2287       1.562113311255e-11       7.399551500919e-13      -1.030076877524e-12       4.466335260973e-15       2.147200424636e-16       1.415811468498e-17       6.033179738184e-18 
 2288       1.560524393295e-11       7.371061671851e-13      -1.034241837791e-12       4.460967255922e-15       2.143341072286e-16       1.404559335505e-17       5.972578245774e-18 
 2289       1.558968842945e-11       7.342242450656e-13      -1.038273470116e-12       4.455613552744e-15       2.139490172222e-16       1.393513024824e-17       5.912160461080e-18 
 2290       1.557445646903e-11       7.313102698864e-13      -1.042171323590e-12       4.450273973798e-15       2.135647708756e-16       1.382676233316e-17       5.851959688576e-18 
 2291       1.555953788076e-11       7.283651310965e-13      -1.045934946672e-12       4.444948340664e-15       2.131813666048e-16       1.372052669248e-17       5.792009347308e-18 
 2292       1.554492245578e-11       7.253897214444e-13      -1.049563887190e-12       4.439636474139e-15       2.127988028106e-16       1.361646052305e-17       5.732342971023e-18 
 2293       1.553059994727e-11       7.223849369817e-13      -1.053057692340e-12       4.434338194237e-15       2.124170778783e-16       1.351460113600e-17       5.672994208290e-18 
 2294       1.551656007038e-11       7.193516770671e-13      -1.056415908689e-12       4.429053320189e-15       2.120361901777e-16       1.341498595686e-17       5.613996822625e-18 
 2295       1.550279250223e-11       7.162908443699e-13      -1.059638082169e-12       4.423781670438e-15       2.116561380636e-16       1.331765252570e-17       5.555384692617e-18 
 2296       1.548928688183e-11       7.132033448734e-13      -1.062723758081e-12       4.418523062644e-15       2.112769198749e-16       1.322263849722e-17       5.497191812048e-18 
 2297       1.547603281003e-11       7.100900878790e-13      -1.065672481093e-12       4.413277313679e-15       2.108985339355e-16       1.312998164088e-17       5.439452290022e-18 
 2298       1.546301984953e-11       7.069519860095e-13      -1.068483795239e-12       4.408044239628e-15       2.105209785534e-16       1.303971984103e-17       5.382200351087e-18 
 2299       1.545023752479e-11       7.037899552132e-13      -1.071157243921e-12       4.402823655785e-15       2.101442520216e-16       1.295189109703e-17       5.325470335360e-18 
 2300       1.543767532200e-11       7.006049147669e-13      -1.073692369906e-12       4.397615376658e-15       2.097683526171e-16       1.286653352334e-17       5.269296698650e-18 
 2301       1.542532268904e-11       6.973977872803e-13      -1.076088715329e-12       4.392419215961e-15       2.093932786018e-16       1.278368534967e-17       5.213714012585e-18 
 2302       1.541316903545e-11       6.941694986991e-13      -1.078345821687e-12       4.387234986618e-15       2.090190282218e-16       1.270338492107e-17       5.158756964731e-18 
 2303       1.540120373236e-11       6.909209783091e-13      -1.080463229845e-12       4.382062500762e-15       2.086455997077e-16       1.262567069809e-17       5.104460358723e-18 
 2304       1.538941611249e-11       6.876531587393e-13      -1.082440480032e-12       4.376901569729e-15       2.082729912745e-16       1.255058125685e-17       5.050859114386e-18 
 2305       1.537779547004e-11       6.843669759663e-13      -1.084277111842e-12       4.371752004065e-15       2.079012011217e-16       1.247815528919e-17       4.997988267857e-18 
 2306       1.536633106074e-11       6.810633693173e-13      -1.085972664232e-12       4.366613613518e-15       2.075302274330e-16       1.240843160280e-17       4.945882971713e-18 
 2307       1.535501210170e-11       6.777432814741e-13      -1.087526675524e-12       4.361486207041e-15       2.071600683766e-16       1.234144912130e-17       4.894578495095e-18 
 2308       1.534382777148e-11       6.744076584769e-13      -1.088938683403e-12       4.356369592790e-15       2.067907221049e-16       1.227724688438e-17       4.844110223830e-18 
 2309       1.533276720996e-11       6.710574497274e-13      -1.090208224917e-12       4.351263578122e-15       2.064221867546e-16       1.221586404793e-17       4.794513660556e-18 
 2310       1.532181951833e-11       6.676936079932e-13      -1.091334836478e-12       4.346167969596e-15       2.060544604468e-16       1.215733988412e-17       4.745824424847e-18 
 2311       1.531097375907e-11       6.643170894109e-13      -1.092318053858e-12       4.341082572971e-15       2.056875412869e-16       1.210171378159e-17       4.698078253338e-18 
 2312       1.530021895585e-11       6.609288534900e-13      -1.093157412194e-12       4.336007193206e-15       2.053214273643e-16       1.204902524548e-17       4.651310999849e-18 
 2313       1.528954409356e-11       6.575298631164e-13      -1.093852445982e-12       4.330941634458e-15       2.049561167529e-16       1.199931389761e-17       4.605558635505e-18 
 2314       1.527893811820e-11       6.541210845565e-13      -1.094402689083e-12       4.325885700080e-15       2.045916075106e-16       1.195261947660e-17       4.560857248868e-18 
 2315       1.526838993690e-11       6.507034874603e-13      -1.094807674715e-12       4.320839192623e-15       2.042278976796e-16       1.190898183794e-17       4.517243046055e-18 
 2316       1.525788841782e-11       6.472780448654e-13      -1.095066935460e-12       4.315801913834e-15       2.038649852861e-16       1.186844095416e-17       4.474752350866e-18 
 2317       1.524742239014e-11       6.438457332005e-13      -1.095180003259e-12       4.310773664653e-15       2.035028683407e-16       1.183103691492e-17       4.433421604904e-18 
 2318       1.523698064402e-11       6.404075322893e-13      -1.095146409414e-12       4.305754245216e-15       2.031415448379e-16       1.179680992714e-17       4.393287367706e-18 
 2319       1.522655193055e-11       6.369644253539e-13      -1.094965684584e-12       4.300743454848e-15       2.027810127564e-16       1.176580031511e-17       4.354386316859e-18 
 2320       1.521612496170e-11       6.335173990185e-13      -1.094637358792e-12       4.295741092071e-15       2.024212700588e-16       1.173804852062e-17       4.316755248133e-18 
 2321       1.520568923220e-11       6.300674012744e-13      -1.094161292907e-12       4.290746960581e-15       2.020623147392e-16       1.171357666278e-17       4.280412975700e-18 
 2322       1.519523749097e-11       6.266152150761e-13      -1.093538675408e-12       4.285760887254e-15       2.017041449645e-16       1.169233309021e-17       4.245305907804e-18 
 2323       1.518476328519e-11       6.231615839549e-13      -1.092771031910e-12       4.280782704259e-15       2.013467589338e-16       1.167424747930e-17       4.211362128033e-18 
 2324       1.517426013978e-11       6.197072539884e-13      -1.091859894252e-12       4.275812243072e-15       2.009901548309e-16       1.165924924250e-17       4.178509463770e-18 
 2325       1.516372155740e-11       6.162529738029e-13      -1.090806800503e-12       4.270849334485e-15       2.006343308248e-16       1.164726752800e-17       4.146675485909e-18 
 2326       1.515314101838e-11       6.127994945762e-13      -1.089613294972e-12       4.265893808599e-15       2.002792850694e-16       1.163823121943e-17       4.115787508581e-18 
 2327       1.514251198072e-11       6.093475700407e-13      -1.088280928211e-12       4.260945494823e-15       1.999250157035e-16       1.163206893559e-17       4.085772588871e-18 
 2328       1.513182788007e-11       6.058979564856e-13      -1.086811257024e-12       4.256004221878e-15       1.995715208506e-16       1.162870903016e-17       4.056557526544e-18 
 2329       1.512108212972e-11       6.024514127598e-13      -1.085205844477e-12       4.251069817791e-15       1.992187986194e-16       1.162807959136e-17       4.028068863761e-18 
 2330       1.511026812053e-11       5.990087002750e-13      -1.083466259899e-12       4.246142109898e-15       1.988668471031e-16       1.163010844175e-17       4.000232884805e-18 
 2331       1.509937922095e-11       5.955705830079e-13      -1.081594078893e-12       4.241220924840e-15       1.985156643799e-16       1.163472313783e-17       3.972975615799e-18 
 2332       1.508840877698e-11       5.921378275031e-13      -1.079590883342e-12       4.236306088566e-15       1.981652485129e-16       1.164185096984e-17       3.946222824429e-18 
 2333       1.507735011213e-11       5.887112028761e-13      -1.077458261418e-12       4.231397426328e-15       1.978155975497e-16       1.165141896142e-17       3.919900019664e-18 
 2334       1.506619652742e-11       5.852914808155e-13      -1.075197807585e-12       4.226494762683e-15       1.974667095231e-16       1.166335386930e-17       3.893932451478e-18 
 2335       1.505494130137e-11       5.818794355864e-13      -1.072811122609e-12       4.221597921493e-15       1.971185824501e-16       1.167758218308e-17       3.868245110574e-18 
 2336       1.504357768991e-11       5.784758440324e-13      -1.070299813565e-12       4.216706725919e-15       1.967712143329e-16       1.169403012486e-17       3.842762728097e-18 
 2337       1.503209892644e-11       5.750814855791e-13      -1.067665493843e-12       4.211820998428e-15       1.964246031581e-16       1.171262364900e-17       3.817409775367e-18 
 2338       1.502049822175e-11       5.716971422359e-13      -1.064909783155e-12       4.206940560786e-15       1.960787468972e-16       1.173328844181e-17       3.792110463590e-18 
 2339       1.500876876401e-11       5.683235985998e-13      -1.062034307543e-12       4.202065234059e-15       1.957336435063e-16       1.175594992125e-17       3.766788743584e-18 
 2340       1.499690371874e-11       5.649616418571e-13      -1.059040699386e-12       4.197194838614e-15       1.953892909259e-16       1.178053323666e-17       3.741368305501e-18 
 2341       1.498489622881e-11       5.616120617869e-13      -1.055930597406e-12       4.192329194115e-15       1.950456870816e-16       1.180696326844e-17       3.715772578546e-18 
 2342       1.497273941439e-11       5.582756507635e-13      -1.052705646676e-12       4.187468119526e-15       1.947028298831e-16       1.183516462779e-17       3.689924730699e-18 
 2343       1.496042637295e-11       5.549532037590e-13      -1.049367498625e-12       4.182611433106e-15       1.943607172251e-16       1.186506165638e-17       3.663747668437e-18 
 2344       1.494795017920e-11       5.516455183464e-13      -1.045917811048e-12       4.177758952412e-15       1.940193469866e-16       1.189657842610e-17       3.637164036454e-18 
 2345       1.493530388509e-11       5.483533947019e-13      -1.042358248113e-12       4.172910494295e-15       1.936787170313e-16       1.192963873875e-17       3.610096217383e-18 
 2346       1.492248051981e-11       5.450776356080e-13      -1.038690480365e-12       4.168065874903e-15       1.933388252073e-16       1.196416612571e-17       3.582466331519e-18 
 2347       1.490947308972e-11       5.418190464562e-13      -1.034916184735e-12       4.163224909676e-15       1.929996693472e-16       1.200008384774e-17       3.554196236536e-18 
 2348       1.489627457833e-11       5.385784352492e-13      -1.031037044548e-12       4.158387413348e-15       1.926612472684e-16       1.203731489459e-17       3.525207527213e-18 
 2349       1.488287794633e-11       5.353566126043e-13      -1.027054749527e-12       4.153553199945e-15       1.923235567722e-16       1.207578198476e-17       3.495421535152e-18 
 2350       1.486927613150e-11       5.321543917560e-13      -1.022970995803e-12       4.148722082785e-15       1.919865956449e-16       1.211540756521e-17       3.464759328499e-18 
 2351       1.485546204873e-11       5.289725885582e-13      -1.018787485922e-12       4.143893874478e-15       1.916503616568e-16       1.215611381105e-17       3.433141711669e-18 
 2352       1.484142858995e-11       5.258120214877e-13      -1.014505928849e-12       4.139068386921e-15       1.913148525630e-16       1.219782262525e-17       3.400489225065e-18 
 2353       1.482716862418e-11       5.226735116463e-13      -1.010128039978e-12       4.134245431303e-15       1.909800661026e-16       1.224045563837e-17       3.366722144796e-18 
 2354       1.481267499743e-11       5.195578827638e-13      -1.005655541139e-12       4.129424818100e-15       1.906459999992e-16       1.228393420823e-17       3.331760482406e-18 
 2355       1.479794053272e-11       5.164659612008e-13      -1.001090160603e-12       4.124606357077e-15       1.903126519609e-16       1.232817941966e-17       3.295523984586e-18 
 2356       1.478295803004e-11       5.133985759513e-13      -9.964336330908e-13       4.119789857284e-15       1.899800196800e-16       1.237311208417e-17       3.257932132903e-18 
 2357       1.476772026632e-11       5.103565586453e-13      -9.916876997784e-13       4.114975127059e-15       1.896481008330e-16       1.241865273969e-17       3.218904143517e-18 
 2358       1.475221999545e-11       5.073407435519e-13      -9.868541083060e-13       4.110161974023e-15       1.893168930808e-16       1.246472165026e-17       3.178358966906e-18 
 2359       1.473644994819e-11       5.043519675818e-13      -9.819346127840e-13       4.105350205085e-15       1.889863940687e-16       1.251123880573e-17       3.136215287580e-18 
 2360       1.472040398313e-11       5.013909759123e-13      -9.769310595941e-13       4.100539645756e-15       1.886566015539e-16       1.255814218869e-17       3.092413050354e-18 
 2361       1.470408054730e-11       4.984581382180e-13      -9.718456453598e-13       4.095730198261e-15       1.883275137906e-16       1.260544269947e-17       3.046978185633e-18 
 2362       1.468747923700e-11       4.955537306851e-13      -9.666806605907e-13       4.090921783784e-15       1.879991291474e-16       1.265316957130e-17       2.999958285116e-18 
 2363       1.467059964875e-11       4.926780302300e-13      -9.614384040423e-13       4.086114323190e-15       1.876714459799e-16       1.270135213413e-17       2.951401111901e-18 
 2364       1.465344137933e-11       4.898313144999e-13      -9.561211827248e-13       4.081307737015e-15       1.873444626303e-16       1.275001981478e-17       2.901354600670e-18 
 2365       1.463600402579e-11       4.870138618737e-13      -9.507313119126e-13       4.076501945470e-15       1.870181774275e-16       1.279920213699e-17       2.849866857872e-18 
 2366       1.461828718540e-11       4.842259514622e-13      -9.452711151524e-13       4.071696868440e-15       1.866925886873e-16       1.284892872157e-17       2.796986161913e-18 
 2367       1.460029045570e-11       4.814678631095e-13      -9.397429242728e-13       4.066892425484e-15       1.863676947121e-16       1.289922928645e-17       2.742760963334e-18 
 2368       1.458201343450e-11       4.787398773929e-13      -9.341490793927e-13       4.062088535832e-15       1.860434937912e-16       1.295013364684e-17       2.687239885001e-18 
 2369       1.456345571983e-11       4.760422756244e-13      -9.284919289303e-13       4.057285118390e-15       1.857199842003e-16       1.300167171528e-17       2.630471722289e-18 
 2370       1.454461691000e-11       4.733753398508e-13      -9.227738296122e-13       4.052482091733e-15       1.853971642020e-16       1.305387350177e-17       2.572505443263e-18 
 2371       1.452549660357e-11       4.707393528546e-13      -9.169971464820e-13       4.047679374110e-15       1.850750320453e-16       1.310676911387e-17       2.513390188869e-18 
 2372       1.450609439935e-11       4.681345981548e-13      -9.111642529093e-13       4.042876883440e-15       1.847535859662e-16       1.316038875679e-17       2.453175273115e-18 
 2373       1.448640989642e-11       4.655613600074e-13      -9.052775305988e-13       4.038074537315e-15       1.844328241870e-16       1.321476273349e-17       2.391910183255e-18 
 2374       1.446644269411e-11       4.630199234063e-13      -8.993393695989e-13       4.033272252997e-15       1.841127449166e-16       1.326992144482e-17       2.329644579978e-18 
 2375       1.444619239202e-11       4.605105740837e-13      -8.933521683105e-13       4.028469947418e-15       1.837933463508e-16       1.332589538954e-17       2.266428297589e-18 
 2376       1.442565859000e-11       4.580335985112e-13      -8.873183334964e-13       4.023667537180e-15       1.834746266717e-16       1.338271516453e-17       2.202311344195e-18 
 2377       1.440484088815e-11       4.555892839001e-13      -8.812402802896e-13       4.018864938555e-15       1.831565840478e-16       1.344041146479e-17       2.137343901891e-18 
 2378       1.438373888686e-11       4.531779182024e-13      -8.751204322027e-13       4.014062067485e-15       1.828392166346e-16       1.349901508360e-17       2.071576326944e-18 
 2379       1.436235218676e-11       4.507997901113e-13      -8.689612211362e-13       4.009258839580e-15       1.825225225737e-16       1.355855691262e-17       2.005059149978e-18 
 2380       1.434068038876e-11       4.484551890619e-13      -8.627650873880e-13       4.004455170119e-15       1.822064999933e-16       1.361906794197e-17       1.937843076158e-18 
 2381       1.431872309401e-11       4.461444052321e-13      -8.565344796621e-13       3.999650974049e-15       1.818911470082e-16       1.368057926034e-17       1.869978985377e-18 
 2382       1.429647990395e-11       4.438677295432e-13      -8.502718550770e-13       3.994846165984e-15       1.815764617196e-16       1.374312205507e-17       1.801517932438e-18 
 2383       1.427395042028e-11       4.416254536603e-13      -8.439796791754e-13       3.990040660207e-15       1.812624422150e-16       1.380672761233e-17       1.732511147241e-18 
 2384       1.425113424496e-11       4.394178699935e-13      -8.376604259326e-13       3.985234370668e-15       1.809490865685e-16       1.387142731710e-17       1.663010034968e-18 
 2385       1.422803098021e-11       4.372452716981e-13      -8.313165777652e-13       3.980427210981e-15       1.806363928405e-16       1.393725265338e-17       1.593066176267e-18 
 2386       1.420464022854e-11       4.351079526758e-13      -8.249506255407e-13       3.975619094430e-15       1.803243590779e-16       1.400423520425e-17       1.522731327436e-18 
 2387       1.418096159272e-11       4.330062075750e-13      -8.185650685856e-13       3.970809933963e-15       1.800129833139e-16       1.407240665193e-17       1.452057420610e-18 
 2388       1.415699467577e-11       4.309403317916e-13      -8.121624146948e-13       3.965999642193e-15       1.797022635681e-16       1.414179877797e-17       1.381096563945e-18 
 2389       1.413273908101e-11       4.289106214698e-13      -8.057451801403e-13       3.961188131399e-15       1.793921978464e-16       1.421244346328e-17       1.309901041802e-18 
 2390       1.410819441202e-11       4.269173735027e-13      -7.993158896800e-13       3.956375313525e-15       1.790827841410e-16       1.428437268824e-17       1.238523314932e-18 
 2391       1.408336027265e-11       4.249608855330e-13      -7.928770765671e-13       3.951561100180e-15       1.787740204304e-16       1.435761853285e-17       1.167016020663e-18 
 2392       1.405823626702e-11       4.230414559536e-13      -7.864312825580e-13       3.946745402635e-15       1.784659046795e-16       1.443221317678e-17       1.095431973083e-18 
 2393       1.403282199952e-11       4.211593839088e-13      -7.799810579223e-13       3.941928131826e-15       1.781584348394e-16       1.450818889948e-17       1.023824163224e-18 
 2394       1.400711707484e-11       4.193149692940e-13      -7.735289614509e-13       3.937109198353e-15       1.778516088474e-16       1.458557808032e-17       9.522457592485e-19 
 2395       1.398112109792e-11       4.175085127576e-13      -7.670775604653e-13       3.932288512478e-15       1.775454246270e-16       1.466441319863e-17       8.807501066351e-19 
 2396       1.395483367398e-11       4.157403157008e-13      -7.606294308261e-13       3.927465984124e-15       1.772398800882e-16       1.474472683386e-17       8.093907283610e-19 
 2397       1.392825440852e-11       4.140106802785e-13      -7.541871569426e-13       3.922641522881e-15       1.769349731268e-16       1.482655166565e-17       7.382213250885e-19 
 2398       1.390138290733e-11       4.123199094002e-13      -7.477533317807e-13       3.917815037995e-15       1.766307016250e-16       1.490992047393e-17       6.672957753495e-19 
 2399       1.387421957827e-11       4.106682162640e-13      -7.413303932510e-13       3.912986458116e-15       1.763270636372e-16       1.499484554234e-17       5.966658662413e-19 
 2400       1.384676804216e-11       4.090554523533e-13      -7.349201322604e-13       3.908155790647e-15       1.760240579481e-16       1.508125673096e-17       5.263744700080e-19 
 2401       1.381903273659e-11       4.074813777812e-13      -7.285241816754e-13       3.903323062750e-15       1.757216835181e-16       1.516906302582e-17       4.564623261832e-19 
 2402       1.379101811554e-11       4.059457516056e-13      -7.221441796768e-13       3.898488301645e-15       1.754199392974e-16       1.525817310093e-17       3.869703074343e-19 
 2403       1.376272864933e-11       4.044483318275e-13      -7.157817697648e-13       3.893651534607e-15       1.751188242260e-16       1.534849531800e-17       3.179394197006e-19 
 2404       1.373416882466e-11       4.029888753903e-13      -7.094386007646e-13       3.888812788969e-15       1.748183372337e-16       1.543993772606e-17       2.494108023309e-19 
 2405       1.370534314465e-11       4.015671381780e-13      -7.031163268321e-13       3.883972092116e-15       1.745184772401e-16       1.553240806116e-17       1.814257282206e-19 
 2406       1.367625612882e-11       4.001828750148e-13      -6.968166074592e-13       3.879129471492e-15       1.742192431546e-16       1.562581374605e-17       1.140256039497e-19 
 2407       1.364691231313e-11       3.988358396632e-13      -6.905411074792e-13       3.874284954597e-15       1.739206338762e-16       1.572006188983e-17       4.725196992013e-20 
 2408       1.361731624999e-11       3.975257848233e-13      -6.842914970725e-13       3.869438568986e-15       1.736226482940e-16       1.581505928762e-17      -1.885349950638e-20 
 2409       1.358747250829e-11       3.962524621313e-13      -6.780694517720e-13       3.864590342271e-15       1.733252852866e-16       1.591071242027e-17      -8.424899587105e-20 
 2410       1.355738567339e-11       3.950156221583e-13      -6.718766524683e-13       3.859740302118e-15       1.730285437224e-16       1.600692745398e-17      -1.488925764803e-19 
 2411       1.352706034718e-11       3.938150144096e-13      -6.657147854156e-13       3.854888476251e-15       1.727324224594e-16       1.610361024002e-17      -2.127421642682e-19 
 2412       1.349650114805e-11       3.926503873228e-13      -6.595855422370e-13       3.850034892451e-15       1.724369203456e-16       1.620066631437e-17      -2.757555476590e-19 
 2413       1.346571271094e-11       3.915214882671e-13      -6.534906199299e-13       3.845179578553e-15       1.721420362182e-16       1.629800089740e-17      -3.378903804292e-19 
 2414       1.343469968735e-11       3.904280635419e-13      -6.474317208717e-13       3.840322562451e-15       1.718477689047e-16       1.639551889356e-17      -3.991041815706e-19 
 2415       1.340346674535e-11       3.893698583757e-13      -6.414105528248e-13       3.835463872092e-15       1.715541172217e-16       1.649312489102e-17      -4.593543351521e-19 
 2416       1.337201856959e-11       3.883466169250e-13      -6.354288289428e-13       3.830603535482e-15       1.712610799757e-16       1.659072316137e-17      -5.185980901824e-19 
 2417       1.334035986137e-11       3.873580822728e-13      -6.294882677754e-13       3.825741580682e-15       1.709686559630e-16       1.668821765929e-17      -5.767925604726e-19 
 2418       1.330849533856e-11       3.864039964277e-13      -6.235905932740e-13       3.820878035809e-15       1.706768439692e-16       1.678551202219e-17      -6.338947244981e-19 
 2419       1.327642973574e-11       3.854841003227e-13      -6.177375347974e-13       3.816012929040e-15       1.703856427696e-16       1.688250956995e-17      -6.898614252617e-19 
 2420       1.324416780409e-11       3.845981338137e-13      -6.119308271169e-13       3.811146288603e-15       1.700950511293e-16       1.697911330450e-17      -7.446493701554e-19 
 2421       1.321171431152e-11       3.837458356788e-13      -6.061722104224e-13       3.806278142787e-15       1.698050678027e-16       1.707522590958e-17      -7.982151308234e-19 
 2422       1.317907404260e-11       3.829269436166e-13      -6.004634303270e-13       3.801408519935e-15       1.695156915339e-16       1.717074975036e-17      -8.505151430239e-19 
 2423       1.314625179865e-11       3.821411942454e-13      -5.948062378732e-13       3.796537448448e-15       1.692269210566e-16       1.726558687312e-17      -9.015057064922e-19 
 2424       1.311325239769e-11       3.813883231019e-13      -5.892023895383e-13       3.791664956784e-15       1.689387550941e-16       1.735963900494e-17      -9.511429848024e-19 
 2425       1.308008067451e-11       3.806680646399e-13      -5.836536472394e-13       3.786791073454e-15       1.686511923589e-16       1.745280755335e-17      -9.993830052305e-19 
 2426       1.304674148067e-11       3.799801522292e-13      -5.781617783394e-13       3.781915827031e-15       1.683642315534e-16       1.754499360603e-17      -1.046181658616e-18 
 2427       1.301323968450e-11       3.793243181543e-13      -5.727285556522e-13       3.777039246142e-15       1.680778713693e-16       1.763609793044e-17      -1.091494699227e-18 
 2428       1.297958017114e-11       3.787002936135e-13      -5.673557574481e-13       3.772161359470e-15       1.677921104878e-16       1.772602097356e-17      -1.135277744616e-18 
 2429       1.294576784256e-11       3.781078087174e-13      -5.620451674599e-13       3.767282195757e-15       1.675069475796e-16       1.781466286147e-17      -1.177486275492e-18 
 2430       1.291180761755e-11       3.775465924879e-13      -5.567985748873e-13       3.762401783799e-15       1.672223813050e-16       1.790192339912e-17      -1.218075635574e-18 
 2431       1.287770443176e-11       3.770163728568e-13      -5.516177744034e-13       3.757520152453e-15       1.669384103134e-16       1.798770206991e-17      -1.257001031459e-18 
 2432       1.284346323773e-11       3.765168766648e-13      -5.465045661597e-13       3.752637330628e-15       1.666550332439e-16       1.807189803545e-17      -1.294217532481e-18 
 2433       1.280908900487e-11       3.760478296604e-13      -5.414607557915e-13       3.747753347295e-15       1.663722487251e-16       1.815441013516e-17      -1.329680070578e-18 
 2434       1.277458671951e-11       3.756089564984e-13      -5.364881544237e-13       3.742868231477e-15       1.660900553748e-16       1.823513688598e-17      -1.363343440147e-18 
 2435       1.273996138489e-11       3.751999807389e-13      -5.315885786760e-13       3.737982012258e-15       1.658084518002e-16       1.831397648205e-17      -1.395162297915e-18 
 2436       1.270521802120e-11       3.748206248462e-13      -5.267638506685e-13       3.733094718777e-15       1.655274365980e-16       1.839082679434e-17      -1.425091162795e-18 
 2437       1.267036166561e-11       3.744706101874e-13      -5.220157980271e-13       3.728206380231e-15       1.652470083542e-16       1.846558537036e-17      -1.453084415752e-18 
 2438       1.263539745234e-11       3.741496218428e-13      -5.173460204529e-13       3.723317036016e-15       1.649671657013e-16       1.853819586826e-17      -1.479118369042e-18 
 2439       1.260033085353e-11       3.738572028090e-13      -5.127551878869e-13       3.718426766219e-15       1.646879074899e-16       1.860878766446e-17      -1.503257619052e-18 
 2440       1.256516743987e-11       3.735928591576e-13      -5.082437381412e-13       3.713535661310e-15       1.644092326180e-16       1.867753708383e-17      -1.525589091688e-18 
 2441       1.252991280069e-11       3.733560951649e-13      -5.038121099528e-13       3.708643812015e-15       1.641311399740e-16       1.874462104194e-17      -1.546200009485e-18 
 2442       1.249457254390e-11       3.731464133096e-13      -4.994607429851e-13       3.703751309319e-15       1.638536284370e-16       1.881021704576e-17      -1.565177891920e-18 
 2443       1.245915229611e-11       3.729633142709e-13      -4.951900778280e-13       3.698858244464e-15       1.635766968762e-16       1.887450319420e-17      -1.582610555714e-18 
 2444       1.242365770255e-11       3.728062969266e-13      -4.910005559989e-13       3.693964708950e-15       1.633003441513e-16       1.893765817874e-17      -1.598586115147e-18 
 2445       1.238809442716e-11       3.726748583514e-13      -4.868926199437e-13       3.689070794535e-15       1.630245691124e-16       1.899986128404e-17      -1.613192982361e-18 
 2446       1.235246815260e-11       3.725684938146e-13      -4.828667130372e-13       3.684176593235e-15       1.627493706001e-16       1.906129238855e-17      -1.626519867666e-18 
 2447       1.231678458022e-11       3.724866967787e-13      -4.789232795841e-13       3.679282197326e-15       1.624747474451e-16       1.912213196515e-17      -1.638655779855e-18 
 2448       1.228104943013e-11       3.724289588971e-13      -4.750627648197e-13       3.674387699341e-15       1.622006984688e-16       1.918256108168e-17      -1.649690026504e-18 
 2449       1.224526844121e-11       3.723947700123e-13      -4.712856149105e-13       3.669493192075e-15       1.619272224826e-16       1.924276140163e-17      -1.659712214285e-18 
 2450       1.220944737112e-11       3.723836181543e-13      -4.675922769553e-13       3.664598768579e-15       1.616543182884e-16       1.930291518472e-17      -1.668812249270e-18 
 2451       1.217359199630e-11       3.723949895382e-13      -4.639831989858e-13       3.659704522166e-15       1.613819846785e-16       1.936320528750e-17      -1.677080337244e-18 
 2452       1.213770811204e-11       3.724283685626e-13      -4.604588299673e-13       3.654810546408e-15       1.611102204352e-16       1.942381516395e-17      -1.684606984007e-18 
 2453       1.210180153244e-11       3.724832378076e-13      -4.570196197996e-13       3.649916935138e-15       1.608390243314e-16       1.948492886614e-17      -1.691482995686e-18 
 2454       1.206587809049e-11       3.725590780332e-13      -4.536660193176e-13       3.645023782448e-15       1.605683951303e-16       1.954673104478e-17      -1.697799479039e-18 
 2455       1.202994363802e-11       3.726553681769e-13      -4.503984802923e-13       3.640131182690e-15       1.602983315850e-16       1.960940694987e-17      -1.703647841768e-18 
 2456       1.199400404580e-11       3.727715853520e-13      -4.472174554313e-13       3.635239230480e-15       1.600288324392e-16       1.967314243128e-17      -1.709119792820e-18 
 2457       1.195806520347e-11       3.729072048460e-13      -4.441233983797e-13       3.630348020692e-15       1.597598964268e-16       1.973812393939e-17      -1.714307342703e-18 
 2458       1.192213301964e-11       3.730617001182e-13      -4.411167637211e-13       3.625457648463e-15       1.594915222717e-16       1.980453852568e-17      -1.719302803787e-18 
 2459       1.188621342186e-11       3.732345427983e-13      -4.381980069779e-13       3.620568209191e-15       1.592237086883e-16       1.987257384333e-17      -1.724198790613e-18 
 2460       1.185031235665e-11       3.734252026839e-13      -4.353675846124e-13       3.615679798534e-15       1.589564543811e-16       1.994241814785e-17      -1.729088220205e-18 
 2461       1.181443578952e-11       3.736331477393e-13      -4.326259540275e-13       3.610792512416e-15       1.586897580447e-16       2.001426029769e-17      -1.734064312371e-18 
 2462       1.177858970501e-11       3.738578440931e-13      -4.299735735673e-13       3.605906447021e-15       1.584236183640e-16       2.008828975483e-17      -1.739220590020e-18 
 2463       1.174278010668e-11       3.740987560364e-13      -4.274109025182e-13       3.601021698794e-15       1.581580340140e-16       2.016469658540e-17      -1.744650879458e-18 
 2464       1.170701301712e-11       3.743553460210e-13      -4.249384011094e-13       3.596138364445e-15       1.578930036600e-16       2.024367146031e-17      -1.750449310708e-18 
 2465       1.167129447801e-11       3.746270746574e-13      -4.225565305136e-13       3.591256540947e-15       1.576285259572e-16       2.032540565581e-17      -1.756710317808e-18 
 2466       1.163563055013e-11       3.749134007130e-13      -4.202657528483e-13       3.586376325535e-15       1.573645995511e-16       2.041009105414e-17      -1.763528639124e-18 
 2467       1.160002731333e-11       3.752137811102e-13      -4.180665311757e-13       3.581497815708e-15       1.571012230772e-16       2.049792014413e-17      -1.770999317658e-18 
 2468       1.156449086662e-11       3.755276709244e-13      -4.159593295043e-13       3.576621109229e-15       1.568383951614e-16       2.058908602182e-17      -1.779217701351e-18 
 2469       1.152902732813e-11       3.758545233820e-13      -4.139446127891e-13       3.571746304125e-15       1.565761144193e-16       2.068378239103e-17      -1.788279443399e-18 
 2470       1.149364283517e-11       3.761937898590e-13      -4.120228469328e-13       3.566873498687e-15       1.563143794569e-16       2.078220356402e-17      -1.798280502552e-18 
 2471       1.145834354424e-11       3.765449198783e-13      -4.101944987862e-13       3.562002791470e-15       1.560531888700e-16       2.088454446206e-17      -1.809317143427e-18 
 2472       1.142313563102e-11       3.769073611086e-13      -4.084600361491e-13       3.557134281295e-15       1.557925412447e-16       2.099100061607e-17      -1.821485936816e-18 
 2473       1.138802529042e-11       3.772805593620e-13      -4.068199277712e-13       3.552268067246e-15       1.555324351570e-16       2.110176816719e-17      -1.834883759989e-18 
 2474       1.135301873660e-11       3.776639585923e-13      -4.052746433526e-13       3.547404248673e-15       1.552728691730e-16       2.121704386744e-17      -1.849607797009e-18 
 2475       1.131812220297e-11       3.780570008930e-13      -4.038246535449e-13       3.542542925193e-15       1.550138418487e-16       2.133702508029e-17      -1.865755539035e-18 
 2476       1.128334194223e-11       3.784591264955e-13      -4.024704299517e-13       3.537684196686e-15       1.547553517303e-16       2.146190978128e-17      -1.883424784628e-18 
 2477       1.124868369622e-11       3.788697710088e-13      -4.012121183657e-13       3.532828165799e-15       1.544973972268e-16       2.159182009776e-17      -1.902685138820e-18 
 2478       1.121415110209e-11       3.792883571249e-13      -4.000485563682e-13       3.527974945456e-15       1.542399762283e-16       2.172657243294e-17      -1.923492325587e-18 
 2479       1.117974727677e-11       3.797143028607e-13      -3.989782499235e-13       3.523124651394e-15       1.539830864854e-16       2.186590598415e-17      -1.945773369456e-18 
 2480       1.114547534626e-11       3.801470243099e-13      -3.979996996105e-13       3.518277399663e-15       1.537267257364e-16       2.200955907947e-17      -1.969455050506e-18 
 2481       1.111133844561e-11       3.805859356408e-13      -3.971114006161e-13       3.513433306627e-15       1.534708917069e-16       2.215726917684e-17      -1.994463904117e-18 
 2482       1.107733971898e-11       3.810304490945e-13      -3.963118427304e-13       3.508592488969e-15       1.532155821099e-16       2.230877286315e-17      -2.020726220721e-18 
 2483       1.104348231963e-11       3.814799749831e-13      -3.955995103405e-13       3.503755063686e-15       1.529607946462e-16       2.246380585339e-17      -2.048168045553e-18 
 2484       1.100976940990e-11       3.819339216875e-13      -3.949728824253e-13       3.498921148092e-15       1.527065270036e-16       2.262210298972e-17      -2.076715178402e-18 
 2485       1.097620416124e-11       3.823916956557e-13      -3.944304325497e-13       3.494090859816e-15       1.524527768578e-16       2.278339824062e-17      -2.106293173358e-18 
 2486       1.094278975425e-11       3.828527014005e-13      -3.939706288587e-13       3.489264316806e-15       1.521995418713e-16       2.294742470001e-17      -2.136827338568e-18 
 2487       1.090952937863e-11       3.833163414979e-13      -3.935919340724e-13       3.484441637326e-15       1.519468196947e-16       2.311391458633e-17      -2.168242735983e-18 
 2488       1.087642623324e-11       3.837820165849e-13      -3.932928054799e-13       3.479622939957e-15       1.516946079653e-16       2.328259924168e-17      -2.200464181110e-18 
 2489       1.084348352606e-11       3.842491253577e-13      -3.930716949337e-13       3.474808343599e-15       1.514429043082e-16       2.345320913092e-17      -2.233416242761e-18 
 2490       1.081070447425e-11       3.847170645696e-13      -3.929270488443e-13       3.469997967470e-15       1.511917063357e-16       2.362547384082e-17      -2.267023242805e-18 
 2491       1.077809230413e-11       3.851852290293e-13      -3.928573081745e-13       3.465191931104e-15       1.509410116475e-16       2.379912207911e-17      -2.301209255920e-18 
 2492       1.074565025117e-11       3.856530115985e-13      -3.928609084337e-13       3.460390354357e-15       1.506908178304e-16       2.397388167365e-17      -2.335898109340e-18 
 2493       1.071338156005e-11       3.861198031905e-13      -3.929362796723e-13       3.455593357401e-15       1.504411224589e-16       2.414947957154e-17      -2.371013382607e-18 
 2494       1.068128948462e-11       3.865849927679e-13      -3.930818464762e-13       3.450801060728e-15       1.501919230943e-16       2.432564183819e-17      -2.406478407325e-18 
 2495       1.064937728796e-11       3.870479673406e-13      -3.932960279610e-13       3.446013585151e-15       1.499432172857e-16       2.450209365649e-17      -2.442216266905e-18 
 2496       1.061764824231e-11       3.875081119640e-13      -3.935772377665e-13       3.441231051801e-15       1.496950025689e-16       2.467855932589e-17      -2.478149796319e-18 
 2497       1.058610562917e-11       3.879648097371e-13      -3.939238840511e-13       3.436453582129e-15       1.494472764675e-16       2.485476226153e-17      -2.514201581850e-18 
 2498       1.055475273924e-11       3.884174418003e-13      -3.943343694861e-13       3.431681297907e-15       1.492000364918e-16       2.503042499335e-17      -2.550293960843e-18 
 2499       1.052359287247e-11       3.888653873337e-13      -3.948070912499e-13       3.426914321229e-15       1.489532801398e-16       2.520526916518e-17      -2.586349021453e-18 
 2500       1.049262933804e-11       3.893080235552e-13      -3.953404410230e-13       3.422152774507e-15       1.487070048962e-16       2.537901553392e-17      -2.622288602400e-18 
